dataset,val_uid,train_uid,similarity,train_correct_judge,train_correct_extracted,baseline_correct,reflection_correct_simple,reflection_injected_simple,reflection_correct_complex,reflection_injected_complex
aqua,aqua-validation-000000,aqua-train-033108,0.7531383633613586,True,True,False,False,True,False,True
aqua,aqua-validation-000001,aqua-train-034290,0.6877654194831848,True,True,True,True,True,False,True
aqua,aqua-validation-000002,aqua-train-015218,0.7532795667648315,True,True,False,True,True,False,True
aqua,aqua-validation-000003,aqua-train-086539,0.7466785311698914,True,True,True,True,True,True,True
aqua,aqua-validation-000004,aqua-train-029461,0.6175140142440796,True,True,True,True,True,True,True
aqua,aqua-validation-000005,aqua-train-095307,0.677815854549408,False,,True,True,True,True,True
aqua,aqua-validation-000006,aqua-train-083860,0.8434163928031921,True,True,True,True,True,True,True
aqua,aqua-validation-000007,aqua-train-020083,0.6825233101844788,True,,True,True,True,True,True
aqua,aqua-validation-000008,aqua-train-041554,0.7089629769325256,False,True,True,False,True,True,True
aqua,aqua-validation-000009,aqua-train-043442,0.7887552380561829,True,,True,False,True,True,True
aqua,aqua-validation-000010,aqua-train-047843,0.7209378480911255,True,True,True,True,True,True,True
aqua,aqua-validation-000011,aqua-train-029716,0.6516282558441162,True,True,False,False,True,True,True
aqua,aqua-validation-000012,aqua-train-059065,0.7954056859016418,,,True,True,False,True,False
aqua,aqua-validation-000013,aqua-train-051476,0.7292943000793457,False,,True,True,True,True,True
aqua,aqua-validation-000014,aqua-train-080581,0.9912400841712952,True,True,True,True,True,True,True
aqua,aqua-validation-000015,aqua-train-094632,0.7120794653892517,True,True,True,True,True,True,True
aqua,aqua-validation-000016,aqua-train-030910,0.9423689246177673,True,True,False,False,True,False,True
aqua,aqua-validation-000017,aqua-train-066960,0.9955989718437195,True,True,True,True,True,True,True
aqua,aqua-validation-000018,aqua-train-051683,0.7412452101707458,True,True,True,True,True,False,True
aqua,aqua-validation-000019,aqua-train-037778,0.7191565036773682,True,True,True,True,True,True,True
aqua,aqua-validation-000020,aqua-train-038667,0.7692594528198242,True,True,True,,True,True,True
aqua,aqua-validation-000021,aqua-train-060832,0.6825761198997498,True,True,True,True,True,True,True
aqua,aqua-validation-000022,aqua-train-012138,0.655589759349823,False,,True,True,True,True,True
aqua,aqua-validation-000023,aqua-train-052358,0.5264204144477844,,,False,False,False,False,False
aqua,aqua-validation-000024,aqua-train-041008,0.6987010836601257,True,True,True,,True,,True
aqua,aqua-validation-000025,aqua-train-025920,0.6598821878433228,True,True,True,True,True,True,True
aqua,aqua-validation-000026,aqua-train-088727,0.7239995002746582,False,False,False,True,True,True,True
aqua,aqua-validation-000027,aqua-train-004313,1.0000001192092896,True,,True,True,True,True,True
aqua,aqua-validation-000028,aqua-train-038352,0.820064902305603,True,,True,False,True,False,True
aqua,aqua-validation-000029,aqua-train-006896,0.6857324838638306,False,False,True,False,True,True,True
aqua,aqua-validation-000030,aqua-train-085538,0.8082398176193237,True,True,False,True,True,True,True
aqua,aqua-validation-000031,aqua-train-084640,0.6609807014465332,True,True,True,True,True,False,True
aqua,aqua-validation-000032,aqua-train-010269,0.9712002873420715,True,,True,False,True,False,True
aqua,aqua-validation-000033,aqua-train-028982,0.5693686008453369,False,False,False,False,True,False,True
aqua,aqua-validation-000034,aqua-train-082537,0.6574607491493225,True,True,False,True,True,True,True
aqua,aqua-validation-000035,aqua-train-021932,0.9016959071159363,False,False,False,False,True,False,True
aqua,aqua-validation-000036,aqua-train-027647,0.7306169271469116,False,,False,True,True,True,True
aqua,aqua-validation-000037,aqua-train-079014,0.8318374752998352,True,,True,True,True,True,True
aqua,aqua-validation-000038,aqua-train-011839,0.6648195385932922,False,,True,False,True,True,True
aqua,aqua-validation-000039,aqua-train-023108,0.9110305905342102,True,,True,True,True,False,True
aqua,aqua-validation-000040,aqua-train-046805,0.7593061923980713,False,False,True,True,True,True,True
aqua,aqua-validation-000041,aqua-train-047769,0.808379054069519,True,,True,True,True,True,True
aqua,aqua-validation-000042,aqua-train-077784,0.9910424947738647,True,,False,True,True,True,True
aqua,aqua-validation-000043,aqua-train-003831,0.7003256678581238,True,True,True,True,True,True,True
aqua,aqua-validation-000044,aqua-train-091131,0.9635789394378662,False,,False,False,True,True,True
aqua,aqua-validation-000045,aqua-train-002348,0.6833219528198242,True,True,True,True,True,True,True
aqua,aqua-validation-000046,aqua-train-033973,0.893143892288208,True,True,True,True,True,True,True
aqua,aqua-validation-000047,aqua-train-026793,0.84562748670578,True,True,True,True,True,False,True
aqua,aqua-validation-000048,aqua-train-017350,0.6661292910575867,True,True,True,True,True,True,True
aqua,aqua-validation-000049,aqua-train-065586,0.7047304511070251,True,,True,True,True,True,True
aqua,aqua-validation-000050,aqua-train-085329,0.6768143773078918,True,,False,False,True,False,True
aqua,aqua-validation-000051,aqua-train-003767,0.6423909664154053,True,,False,False,True,True,True
aqua,aqua-validation-000052,aqua-train-045858,0.5633460283279419,True,True,True,True,True,True,True
aqua,aqua-validation-000053,aqua-train-061228,0.735872209072113,True,True,True,True,True,True,True
aqua,aqua-validation-000054,aqua-train-037742,0.6295319199562073,True,True,True,True,True,True,True
aqua,aqua-validation-000055,aqua-train-005506,0.9349052906036377,True,,True,True,True,True,True
aqua,aqua-validation-000056,aqua-train-065421,0.8160532116889954,,,True,True,False,True,False
aqua,aqua-validation-000057,aqua-train-081078,0.6822834610939026,True,True,True,True,True,True,True
aqua,aqua-validation-000058,aqua-train-044607,0.9338191747665405,True,True,True,True,True,True,True
aqua,aqua-validation-000059,aqua-train-049683,0.792243480682373,False,False,True,False,True,True,True
aqua,aqua-validation-000060,aqua-train-050184,0.9999998807907104,True,True,True,True,True,True,True
aqua,aqua-validation-000061,aqua-train-053313,0.8336060047149658,True,True,True,True,True,True,True
aqua,aqua-validation-000062,aqua-train-073527,0.7908552885055542,True,True,False,False,True,False,True
aqua,aqua-validation-000063,aqua-train-077778,0.4920324981212616,True,,True,True,True,True,True
aqua,aqua-validation-000064,aqua-train-088327,0.6708743572235107,True,True,False,True,True,True,True
aqua,aqua-validation-000065,aqua-train-051799,0.6143437027931213,True,,False,True,True,True,True
aqua,aqua-validation-000066,aqua-train-003931,0.9885575175285339,True,True,True,True,True,True,True
aqua,aqua-validation-000067,aqua-train-060600,0.9980683922767639,True,True,True,False,True,True,True
aqua,aqua-validation-000068,aqua-train-071680,0.7744016051292419,True,True,True,True,True,,True
aqua,aqua-validation-000069,aqua-train-092086,0.7648802995681763,True,True,,True,True,True,True
aqua,aqua-validation-000070,aqua-train-005752,0.7154688239097595,False,,,False,True,False,True
aqua,aqua-validation-000071,aqua-train-064736,0.58819979429245,True,True,False,True,True,False,True
aqua,aqua-validation-000072,aqua-train-047297,0.5442436337471008,False,,True,,True,False,True
aqua,aqua-validation-000073,aqua-train-031862,0.4566739797592163,True,True,True,True,True,False,True
aqua,aqua-validation-000074,aqua-train-092518,0.7689676880836487,True,True,True,True,True,True,True
aqua,aqua-validation-000075,aqua-train-059237,0.8889583945274353,True,True,True,True,True,False,True
aqua,aqua-validation-000076,aqua-train-006682,0.9230548143386841,True,True,False,True,True,True,True
aqua,aqua-validation-000077,aqua-train-031563,0.6437337398529053,True,False,,True,True,True,True
aqua,aqua-validation-000078,aqua-train-006236,0.7165080904960632,,,True,True,False,True,False
aqua,aqua-validation-000079,aqua-train-041855,0.8119012117385864,True,,True,True,True,True,True
aqua,aqua-validation-000080,aqua-train-012290,0.9620981216430664,True,,True,True,True,True,True
aqua,aqua-validation-000081,aqua-train-030575,0.6023086905479431,True,True,True,True,True,False,True
aqua,aqua-validation-000082,aqua-train-079962,0.5457480549812317,True,,True,True,True,True,True
aqua,aqua-validation-000083,aqua-train-001603,0.8317830562591553,True,True,True,False,True,True,True
aqua,aqua-validation-000084,aqua-train-069230,0.7639039158821106,True,,True,True,True,True,True
aqua,aqua-validation-000085,aqua-train-016589,0.7910376191139221,True,True,True,True,True,True,True
aqua,aqua-validation-000086,aqua-train-063834,0.7686981558799744,True,,True,False,True,True,True
aqua,aqua-validation-000087,aqua-train-044874,0.7477946281433105,True,True,False,False,True,True,True
aqua,aqua-validation-000088,aqua-train-022883,0.7545720934867859,True,True,False,False,True,False,True
aqua,aqua-validation-000089,aqua-train-090222,0.9434937238693237,True,True,True,True,True,True,True
aqua,aqua-validation-000090,aqua-train-042601,0.9999999403953552,True,,True,True,True,True,True
aqua,aqua-validation-000091,aqua-train-069591,0.5884112119674683,False,False,True,False,True,True,True
aqua,aqua-validation-000093,aqua-train-049221,0.7764685750007629,True,True,True,True,True,True,True
aqua,aqua-validation-000094,aqua-train-046400,0.8559136986732483,True,True,True,True,True,True,True
aqua,aqua-validation-000095,aqua-train-081508,0.8092904090881348,True,True,False,False,True,False,True
aqua,aqua-validation-000096,aqua-train-074920,0.6155712008476257,,,True,True,False,True,False
aqua,aqua-validation-000097,aqua-train-045163,0.6012203097343445,True,True,True,True,True,True,True
aqua,aqua-validation-000098,aqua-train-043736,0.7486116290092468,False,False,True,,True,False,True
aqua,aqua-validation-000099,aqua-train-001913,0.9987434148788452,True,,True,True,True,True,True
aqua,aqua-validation-000100,aqua-train-014964,0.8794137239456177,True,True,True,True,True,True,True
aqua,aqua-validation-000101,aqua-train-022557,0.7474672794342041,True,True,True,True,True,True,True
aqua,aqua-validation-000102,aqua-train-043130,0.8662221431732178,,,True,True,False,True,False
aqua,aqua-validation-000103,aqua-train-058213,0.737869381904602,True,,True,False,True,False,True
aqua,aqua-validation-000104,aqua-train-037459,0.7262685298919678,False,True,True,True,True,True,True
aqua,aqua-validation-000105,aqua-train-043908,0.7893603444099426,True,True,True,True,True,True,True
aqua,aqua-validation-000106,aqua-train-086208,0.7370120286941528,True,True,True,True,True,True,True
aqua,aqua-validation-000107,aqua-train-045899,0.6908389329910278,False,,False,False,True,True,True
aqua,aqua-validation-000108,aqua-train-000058,0.7011640667915344,True,,True,False,True,True,True
aqua,aqua-validation-000109,aqua-train-057964,0.7916580438613892,True,,True,True,True,True,True
aqua,aqua-validation-000110,aqua-train-096119,0.9603278040885925,True,,True,True,True,True,True
aqua,aqua-validation-000111,aqua-train-076340,0.7189642786979675,False,False,True,True,True,True,True
aqua,aqua-validation-000112,aqua-train-025435,0.8357861042022705,True,True,True,True,True,True,True
aqua,aqua-validation-000113,aqua-train-096296,0.831498920917511,,,True,True,False,True,False
aqua,aqua-validation-000114,aqua-train-053849,0.6891342997550964,True,True,False,False,True,True,True
aqua,aqua-validation-000115,aqua-train-054314,0.948371410369873,True,True,True,True,True,True,True
aqua,aqua-validation-000116,aqua-train-039173,0.7827644944190979,True,True,False,True,True,True,True
aqua,aqua-validation-000117,aqua-train-038797,0.545234739780426,True,True,True,True,True,True,True
aqua,aqua-validation-000118,aqua-train-028623,0.8337122797966003,True,,False,True,True,True,True
aqua,aqua-validation-000119,aqua-train-005069,0.6940392255783081,True,True,True,True,True,True,True
aqua,aqua-validation-000120,aqua-train-077898,0.800136387348175,False,True,True,True,True,False,True
aqua,aqua-validation-000121,aqua-train-090207,0.7340909242630005,True,True,False,True,True,True,True
aqua,aqua-validation-000122,aqua-train-025471,0.8995004892349243,True,True,True,False,True,True,True
aqua,aqua-validation-000123,aqua-train-094396,0.912838339805603,False,False,False,True,True,False,True
aqua,aqua-validation-000124,aqua-train-019365,0.5271720886230469,,True,False,True,False,False,False
aqua,aqua-validation-000125,aqua-train-095803,0.9521787762641907,False,False,True,True,True,True,True
aqua,aqua-validation-000126,aqua-train-029517,0.5525558590888977,True,True,False,False,True,False,True
aqua,aqua-validation-000127,aqua-train-084555,0.7640079855918884,True,True,False,False,True,False,True
aqua,aqua-validation-000128,aqua-train-016476,0.9502164125442505,False,True,True,False,True,True,True
aqua,aqua-validation-000129,aqua-train-056891,0.881632924079895,False,,False,False,True,True,True
aqua,aqua-validation-000130,aqua-train-037840,0.8504027128219604,True,True,True,True,True,True,True
aqua,aqua-validation-000131,aqua-train-086230,0.7707021832466125,True,True,False,True,True,True,True
aqua,aqua-validation-000132,aqua-train-014975,0.7423973679542542,True,True,True,True,True,True,True
aqua,aqua-validation-000133,aqua-train-018543,0.6869641542434692,True,True,False,False,True,False,True
aqua,aqua-validation-000134,aqua-train-083761,0.6217890381813049,True,True,,False,True,True,True
aqua,aqua-validation-000135,aqua-train-008574,0.6697173714637756,False,,True,True,True,True,True
aqua,aqua-validation-000136,aqua-train-003803,1.0,True,,True,False,True,False,True
aqua,aqua-validation-000137,aqua-train-047620,0.9950352311134338,False,False,True,True,True,True,True
aqua,aqua-validation-000138,aqua-train-054850,0.7790338397026062,True,True,True,False,True,False,True
aqua,aqua-validation-000139,aqua-train-072257,0.6532742381095886,True,True,True,True,True,True,True
aqua,aqua-validation-000140,aqua-train-083843,0.6287398338317871,False,False,False,True,True,True,True
aqua,aqua-validation-000141,aqua-train-063087,0.6314862370491028,True,,True,True,True,False,True
aqua,aqua-validation-000142,aqua-train-036918,0.9999995231628418,True,,True,True,True,True,True
aqua,aqua-validation-000143,aqua-train-046902,0.7365702390670776,True,True,True,False,True,False,True
aqua,aqua-validation-000144,aqua-train-015220,0.6561340093612671,True,,True,True,True,True,True
aqua,aqua-validation-000145,aqua-train-013909,0.814631998538971,True,True,True,True,True,True,True
aqua,aqua-validation-000146,aqua-train-088200,0.6762346625328064,True,True,False,True,True,False,True
aqua,aqua-validation-000147,aqua-train-063217,0.6728818416595459,True,,True,True,True,True,True
aqua,aqua-validation-000148,aqua-train-050054,0.7670127153396606,False,,True,True,True,True,True
aqua,aqua-validation-000149,aqua-train-077267,1.0,True,True,True,True,True,True,True
aqua,aqua-validation-000150,aqua-train-065067,0.7090616226196289,True,True,True,True,True,True,True
aqua,aqua-validation-000151,aqua-train-038414,0.9057082533836365,True,True,False,True,True,True,True
aqua,aqua-validation-000152,aqua-train-008852,1.0000001192092896,False,,True,True,True,True,True
aqua,aqua-validation-000153,aqua-train-038009,1.000000238418579,True,,True,True,True,False,True
aqua,aqua-validation-000154,aqua-train-002869,0.7810931205749512,False,,True,True,True,True,True
aqua,aqua-validation-000155,aqua-train-007682,0.659197211265564,True,True,True,False,True,True,True
aqua,aqua-validation-000156,aqua-train-008706,0.8351842164993286,False,False,True,True,True,True,True
aqua,aqua-validation-000157,aqua-train-040311,0.6751958131790161,,,True,True,False,True,False
aqua,aqua-validation-000158,aqua-train-046719,0.8928422927856445,,,True,True,False,True,False
aqua,aqua-validation-000159,aqua-train-094532,0.6881698966026306,True,,False,False,True,False,True
aqua,aqua-validation-000160,aqua-train-019835,0.7404863238334656,True,True,True,True,True,False,True
aqua,aqua-validation-000161,aqua-train-091880,0.680295467376709,True,,True,True,True,True,True
aqua,aqua-validation-000162,aqua-train-039101,0.6065604090690613,True,,False,True,True,True,True
aqua,aqua-validation-000163,aqua-train-017168,0.6667733788490295,True,,True,True,True,True,True
aqua,aqua-validation-000164,aqua-train-038772,0.660082995891571,True,True,True,True,True,True,True
aqua,aqua-validation-000165,aqua-train-019263,0.7032848596572876,True,True,True,False,True,False,True
aqua,aqua-validation-000166,aqua-train-001015,0.7173638343811035,True,True,False,,True,True,True
aqua,aqua-validation-000167,aqua-train-033800,0.7034401297569275,True,True,True,True,True,,True
aqua,aqua-validation-000168,aqua-train-076308,0.9318768978118896,True,True,True,True,True,True,True
aqua,aqua-validation-000169,aqua-train-076811,0.7281869053840637,True,,True,True,True,True,True
aqua,aqua-validation-000170,aqua-train-080369,0.8506519198417664,True,True,False,True,True,True,True
aqua,aqua-validation-000171,aqua-train-064253,0.8637095093727112,True,True,False,True,True,False,True
aqua,aqua-validation-000172,aqua-train-090337,0.9909792542457581,True,True,True,True,True,,True
aqua,aqua-validation-000173,aqua-train-032150,0.9961068034172058,True,True,True,True,True,True,True
aqua,aqua-validation-000174,aqua-train-002313,0.7591712474822998,False,,True,True,True,True,True
aqua,aqua-validation-000175,aqua-train-074784,0.6653063893318176,,,True,True,False,True,False
aqua,aqua-validation-000176,aqua-train-011286,0.5687024593353271,True,True,False,True,True,True,True
aqua,aqua-validation-000177,aqua-train-038501,0.7076072692871094,True,True,True,True,True,True,True
aqua,aqua-validation-000178,aqua-train-055134,0.6930606961250305,False,True,True,True,True,True,True
aqua,aqua-validation-000179,aqua-train-089806,0.6722097992897034,True,,True,True,True,True,True
aqua,aqua-validation-000180,aqua-train-051274,0.9992674589157104,False,False,True,False,True,False,True
aqua,aqua-validation-000181,aqua-train-026988,0.6118188500404358,True,True,True,True,True,True,True
aqua,aqua-validation-000182,aqua-train-092649,0.5782992839813232,True,True,True,False,True,False,True
aqua,aqua-validation-000183,aqua-train-050857,0.5870547890663147,True,,True,True,True,True,True
aqua,aqua-validation-000184,aqua-train-042159,0.663738489151001,True,,False,False,True,False,True
aqua,aqua-validation-000185,aqua-train-026571,0.9994171857833862,True,,True,True,True,True,True
aqua,aqua-validation-000186,aqua-train-083550,0.9958859086036682,True,True,,,True,True,True
aqua,aqua-validation-000187,aqua-train-053848,0.8164178133010864,True,True,True,True,True,False,True
aqua,aqua-validation-000188,aqua-train-073674,0.9648400545120239,,,,True,False,True,False
aqua,aqua-validation-000189,aqua-train-050449,1.0000001192092896,True,True,True,True,True,True,True
aqua,aqua-validation-000191,aqua-train-039816,0.6808688640594482,True,True,True,True,True,True,True
aqua,aqua-validation-000192,aqua-train-015433,0.9394533038139343,True,True,True,True,True,True,True
aqua,aqua-validation-000193,aqua-train-085093,0.7416948676109314,True,True,True,False,True,True,True
aqua,aqua-validation-000194,aqua-train-012079,0.771834671497345,True,,False,True,True,True,True
aqua,aqua-validation-000195,aqua-train-083925,0.9951359629631042,True,True,True,True,True,True,True
aqua,aqua-validation-000196,aqua-train-007475,0.811908483505249,True,True,True,True,True,True,True
aqua,aqua-validation-000197,aqua-train-057287,0.6073071360588074,True,True,True,False,True,False,True
aqua,aqua-validation-000198,aqua-train-012855,0.6826069951057434,True,True,False,True,True,False,True
aqua,aqua-validation-000199,aqua-train-082525,0.6721962094306946,True,,,True,True,False,True
aqua,aqua-validation-000200,aqua-train-095352,0.7719384431838989,True,True,True,True,True,True,True
aqua,aqua-validation-000201,aqua-train-080142,0.889895498752594,True,True,False,False,True,False,True
aqua,aqua-validation-000202,aqua-train-092702,0.5873316526412964,True,True,True,True,True,True,True
aqua,aqua-validation-000203,aqua-train-079674,0.7587222456932068,False,False,False,False,True,True,True
aqua,aqua-validation-000204,aqua-train-017939,0.7375026345252991,True,,False,True,True,True,True
aqua,aqua-validation-000205,aqua-train-017475,0.7727417349815369,False,,True,True,True,True,True
aqua,aqua-validation-000206,aqua-train-064747,0.7520092129707336,True,True,True,True,True,True,True
aqua,aqua-validation-000207,aqua-train-085218,0.8672261834144592,True,True,True,True,True,True,True
aqua,aqua-validation-000208,aqua-train-085218,0.797900915145874,True,True,True,True,True,True,True
aqua,aqua-validation-000209,aqua-train-030280,0.9917697906494141,True,,True,True,True,True,True
aqua,aqua-validation-000210,aqua-train-027953,0.8204907178878784,True,True,True,True,True,True,True
aqua,aqua-validation-000211,aqua-train-041152,0.7931187748908997,False,False,True,True,True,True,True
aqua,aqua-validation-000212,aqua-train-016411,0.661645233631134,True,,True,True,True,True,True
aqua,aqua-validation-000213,aqua-train-063858,0.7181138396263123,True,True,True,True,True,True,True
aqua,aqua-validation-000214,aqua-train-005598,1.0000003576278687,True,,False,,True,False,True
aqua,aqua-validation-000215,aqua-train-023623,0.6081307530403137,True,True,False,False,True,False,True
aqua,aqua-validation-000216,aqua-train-018935,0.8356544375419617,True,,True,True,True,True,True
aqua,aqua-validation-000217,aqua-train-063600,1.000000238418579,True,True,True,False,True,True,True
aqua,aqua-validation-000218,aqua-train-092844,0.798332154750824,True,,False,False,True,True,True
aqua,aqua-validation-000219,aqua-train-005115,0.887576162815094,True,True,True,True,True,True,True
aqua,aqua-validation-000220,aqua-train-020783,0.6248193383216858,False,,False,True,True,True,True
aqua,aqua-validation-000221,aqua-train-077982,0.681148111820221,True,True,True,True,True,True,True
aqua,aqua-validation-000222,aqua-train-036595,1.0,,,True,True,False,True,False
aqua,aqua-validation-000223,aqua-train-017025,0.9147911667823792,True,,False,True,True,False,True
aqua,aqua-validation-000224,aqua-train-075246,0.6475012898445129,True,True,True,True,True,True,True
aqua,aqua-validation-000225,aqua-train-094099,0.9952176809310913,True,True,True,True,True,True,True
aqua,aqua-validation-000226,aqua-train-071569,0.9961724281311035,True,True,False,True,True,False,True
aqua,aqua-validation-000227,aqua-train-058752,0.8162868618965149,True,True,False,True,True,True,True
aqua,aqua-validation-000228,aqua-train-061900,0.6144502758979797,,True,False,False,False,False,False
aqua,aqua-validation-000229,aqua-train-037340,0.5757139921188354,False,False,True,True,True,True,True
aqua,aqua-validation-000230,aqua-train-071376,0.693452775478363,True,True,True,True,True,True,True
aqua,aqua-validation-000231,aqua-train-059583,0.7232293486595154,True,True,False,,True,True,True
aqua,aqua-validation-000232,aqua-train-045192,0.8135339617729187,True,True,True,True,True,True,True
aqua,aqua-validation-000233,aqua-train-038501,0.6098592281341553,True,True,True,False,True,True,True
aqua,aqua-validation-000234,aqua-train-004700,0.7817583084106445,True,,True,True,True,True,True
aqua,aqua-validation-000235,aqua-train-017194,0.6966575384140015,True,True,True,False,True,True,True
aqua,aqua-validation-000236,aqua-train-052021,0.6365417242050171,True,True,True,True,True,True,True
aqua,aqua-validation-000237,aqua-train-094086,0.6115403771400452,False,False,True,True,True,True,True
aqua,aqua-validation-000238,aqua-train-083668,0.6873511075973511,True,,False,True,True,True,True
aqua,aqua-validation-000239,aqua-train-036401,0.6660789847373962,True,,True,True,True,True,True
aqua,aqua-validation-000240,aqua-train-072294,0.9852281212806702,True,True,True,True,True,,True
aqua,aqua-validation-000241,aqua-train-032840,0.9590802192687988,True,True,True,True,True,True,True
aqua,aqua-validation-000242,aqua-train-042470,0.9081670045852661,True,True,True,True,True,True,True
aqua,aqua-validation-000243,aqua-train-095698,0.5963408350944519,False,,True,False,True,False,True
aqua,aqua-validation-000244,aqua-train-001073,0.7588383555412292,True,True,False,True,True,True,True
aqua,aqua-validation-000245,aqua-train-050216,0.7539783716201782,True,True,True,True,True,True,True
aqua,aqua-validation-000246,aqua-train-076546,0.8155902624130249,True,True,True,False,True,False,True
aqua,aqua-validation-000247,aqua-train-054165,0.6443115472793579,True,True,,True,True,False,True
aqua,aqua-validation-000248,aqua-train-034498,0.999468207359314,True,True,False,True,True,False,True
aqua,aqua-validation-000249,aqua-train-052737,0.9657809734344482,True,True,True,False,True,False,True
aqua,aqua-validation-000250,aqua-train-029438,0.7022042274475098,True,True,True,False,True,True,True
aqua,aqua-validation-000251,aqua-train-022492,0.7113128304481506,True,,True,True,True,True,True
aqua,aqua-validation-000252,aqua-train-020414,0.9063867926597595,True,True,False,True,True,True,True
aqua,aqua-validation-000253,aqua-train-062205,0.97843337059021,True,True,True,False,True,True,True
arc,arc-validation-000000,arc-train-000196,0.4667232632637024,False,True,True,False,True,False,True
arc,arc-validation-000001,arc-train-000594,0.4974501430988312,True,True,True,True,True,True,True
arc,arc-validation-000002,arc-train-000779,0.5783183574676514,True,True,False,True,True,True,True
arc,arc-validation-000003,arc-train-000999,0.69856196641922,True,True,True,True,True,True,True
arc,arc-validation-000004,arc-train-000289,0.4699634909629822,True,True,True,True,True,True,True
arc,arc-validation-000005,arc-train-000236,0.6610718965530396,True,True,True,True,True,True,True
arc,arc-validation-000006,arc-train-000781,0.5164464712142944,False,True,True,True,True,True,True
arc,arc-validation-000007,arc-train-000450,0.6296462416648865,True,True,True,True,True,True,True
arc,arc-validation-000008,arc-train-000786,0.5061375498771667,True,True,True,True,True,True,True
arc,arc-validation-000009,arc-train-000520,0.6167870759963989,True,True,True,True,True,True,True
arc,arc-validation-000010,arc-train-000160,0.5909023880958557,True,True,False,True,True,True,True
arc,arc-validation-000011,arc-train-000424,0.424588143825531,True,True,True,True,True,True,True
arc,arc-validation-000012,arc-train-000910,0.576260507106781,True,True,True,True,True,False,True
arc,arc-validation-000013,arc-train-000090,0.7273442149162292,True,True,True,True,True,True,True
arc,arc-validation-000014,arc-train-000451,0.7239425182342529,True,True,True,True,True,True,True
arc,arc-validation-000015,arc-train-000910,0.591143012046814,True,True,True,True,True,True,True
arc,arc-validation-000016,arc-train-000644,0.6275956034660339,True,True,False,False,True,True,True
arc,arc-validation-000017,arc-train-000188,0.5084207653999329,True,True,False,False,True,False,True
arc,arc-validation-000018,arc-train-000723,0.5692276954650879,True,True,False,True,True,False,True
arc,arc-validation-000019,arc-train-000896,0.6230701804161072,False,True,False,True,True,True,True
arc,arc-validation-000020,arc-train-000782,0.6699180603027344,True,True,False,True,True,True,True
arc,arc-validation-000021,arc-train-000649,0.6390224099159241,False,False,True,True,True,True,True
arc,arc-validation-000022,arc-train-000823,0.42730265855789185,True,True,False,False,True,False,True
arc,arc-validation-000023,arc-train-000056,0.5563705563545227,True,True,True,True,True,True,True
arc,arc-validation-000024,arc-train-000167,0.5528563857078552,True,True,True,True,True,True,True
arc,arc-validation-000025,arc-train-000697,0.5888290405273438,True,True,True,True,True,True,True
arc,arc-validation-000026,arc-train-000992,0.44414082169532776,True,True,True,False,True,True,True
arc,arc-validation-000027,arc-train-000073,0.37968119978904724,True,True,True,True,True,True,True
arc,arc-validation-000028,arc-train-000185,0.85136479139328,True,True,True,True,True,True,True
arc,arc-validation-000029,arc-train-000819,0.6966165900230408,True,True,True,True,True,True,True
arc,arc-validation-000030,arc-train-000490,0.6628135442733765,True,True,True,True,True,False,True
arc,arc-validation-000031,arc-train-000857,0.8420393466949463,True,True,True,True,True,True,True
arc,arc-validation-000032,arc-train-000504,0.5346477031707764,True,True,True,True,True,True,True
arc,arc-validation-000033,arc-train-000132,0.4814944863319397,True,True,True,True,True,True,True
arc,arc-validation-000034,arc-train-000298,0.5969956517219543,True,True,True,True,True,True,True
arc,arc-validation-000035,arc-train-000876,0.6074169278144836,True,True,True,True,True,True,True
arc,arc-validation-000036,arc-train-000311,0.6433050632476807,True,True,True,True,True,True,True
arc,arc-validation-000037,arc-train-000431,0.6197722554206848,True,True,True,True,True,False,True
arc,arc-validation-000038,arc-train-000979,0.511523962020874,True,True,True,True,True,True,True
arc,arc-validation-000039,arc-train-000581,0.4623703062534332,True,True,True,False,True,True,True
arc,arc-validation-000040,arc-train-000645,0.48113906383514404,True,True,True,True,True,True,True
arc,arc-validation-000041,arc-train-000596,0.5741925239562988,True,True,True,True,True,True,True
arc,arc-validation-000042,arc-train-000627,0.6634212136268616,True,True,True,True,True,True,True
arc,arc-validation-000043,arc-train-000020,0.47959378361701965,True,True,True,True,True,True,True
arc,arc-validation-000044,arc-train-000520,0.6339535117149353,True,True,True,True,True,True,True
arc,arc-validation-000045,arc-train-000717,0.7238168120384216,True,True,True,True,True,True,True
arc,arc-validation-000046,arc-train-000296,0.6840201616287231,True,True,True,True,True,True,True
arc,arc-validation-000047,arc-train-000550,0.5650752782821655,True,True,True,True,True,True,True
arc,arc-validation-000048,arc-train-000366,0.6097679734230042,True,True,True,True,True,True,True
arc,arc-validation-000049,arc-train-000611,0.6020391583442688,True,True,True,True,True,True,True
arc,arc-validation-000050,arc-train-000548,0.6420994400978088,True,True,True,True,True,True,True
arc,arc-validation-000051,arc-train-000624,0.5254980325698853,True,True,True,True,True,True,True
arc,arc-validation-000052,arc-train-000675,0.5024492144584656,True,True,False,True,True,False,True
arc,arc-validation-000053,arc-train-000801,0.6985921263694763,False,True,True,True,True,True,True
arc,arc-validation-000054,arc-train-000661,0.6146494150161743,True,True,True,True,True,True,True
arc,arc-validation-000055,arc-train-000270,0.662534773349762,True,True,True,True,True,True,True
arc,arc-validation-000056,arc-train-000834,0.5235610008239746,False,False,True,True,True,True,True
arc,arc-validation-000057,arc-train-000867,0.8310083746910095,True,True,True,True,True,True,True
arc,arc-validation-000058,arc-train-000812,0.4507830739021301,True,True,True,True,True,True,True
arc,arc-validation-000059,arc-train-000090,0.4708155691623688,True,True,True,True,True,True,True
arc,arc-validation-000060,arc-train-000776,0.48170846700668335,True,True,False,False,True,True,True
arc,arc-validation-000061,arc-train-000289,0.5201788544654846,True,True,True,True,True,True,True
arc,arc-validation-000062,arc-train-000584,0.58671635389328,True,True,True,True,True,True,True
arc,arc-validation-000063,arc-train-000822,0.6616811752319336,False,True,True,False,True,False,True
arc,arc-validation-000064,arc-train-000070,0.7648084163665771,False,False,True,True,True,True,True
arc,arc-validation-000065,arc-train-000873,0.8085655570030212,True,True,True,True,True,False,True
arc,arc-validation-000066,arc-train-000262,0.6117004752159119,True,True,True,True,True,True,True
arc,arc-validation-000067,arc-train-000044,0.6222167611122131,False,False,False,False,True,False,True
arc,arc-validation-000068,arc-train-000596,0.4609030485153198,True,True,False,True,True,False,True
arc,arc-validation-000069,arc-train-001043,0.46739256381988525,True,True,True,True,True,True,True
arc,arc-validation-000070,arc-train-000208,0.37023356556892395,True,True,True,True,True,True,True
arc,arc-validation-000071,arc-train-000623,0.4705331027507782,True,True,True,True,True,True,True
arc,arc-validation-000072,arc-train-000665,0.3861578404903412,True,True,True,True,True,True,True
arc,arc-validation-000073,arc-train-000134,0.6098421216011047,True,True,True,True,True,True,True
arc,arc-validation-000074,arc-train-000500,0.516836941242218,True,True,False,True,True,True,True
arc,arc-validation-000075,arc-train-000285,0.7824277281761169,False,,True,True,True,True,True
arc,arc-validation-000076,arc-train-001104,0.5413159728050232,True,True,True,False,True,False,True
arc,arc-validation-000077,arc-train-000502,0.6942974925041199,True,True,False,False,True,True,True
arc,arc-validation-000078,arc-train-000418,0.6661404967308044,False,,True,True,True,True,True
arc,arc-validation-000079,arc-train-000630,0.3989867866039276,True,True,True,True,True,True,True
arc,arc-validation-000080,arc-train-000976,0.6177161931991577,False,False,True,True,True,True,True
arc,arc-validation-000081,arc-train-001067,0.8093336820602417,True,True,True,True,True,True,True
arc,arc-validation-000082,arc-train-000132,0.5355332493782043,True,True,True,True,True,True,True
arc,arc-validation-000083,arc-train-000215,0.5438677668571472,True,True,True,True,True,True,True
arc,arc-validation-000085,arc-train-000691,0.6774657964706421,True,True,True,True,True,True,True
arc,arc-validation-000086,arc-train-000279,0.629625678062439,True,True,True,True,True,True,True
arc,arc-validation-000087,arc-train-000869,0.6840077042579651,True,True,True,True,True,True,True
arc,arc-validation-000088,arc-train-000441,0.5105227828025818,True,True,True,True,True,True,True
arc,arc-validation-000089,arc-train-000822,0.4148375689983368,False,True,True,True,True,True,True
arc,arc-validation-000090,arc-train-000447,0.48874133825302124,True,True,False,False,True,False,True
arc,arc-validation-000091,arc-train-000515,0.7449393272399902,False,False,True,False,True,True,True
arc,arc-validation-000092,arc-train-001117,0.9968587756156921,True,True,True,True,True,True,True
arc,arc-validation-000093,arc-train-000572,0.6303071975708008,True,True,True,False,True,True,True
arc,arc-validation-000094,arc-train-000098,0.6208155155181885,True,True,True,True,True,True,True
arc,arc-validation-000095,arc-train-000417,0.5527505874633789,True,True,True,True,True,False,True
arc,arc-validation-000096,arc-train-000107,0.5637527704238892,False,False,True,True,True,False,True
arc,arc-validation-000097,arc-train-000876,0.7090994119644165,True,True,True,True,True,True,True
arc,arc-validation-000098,arc-train-000632,0.6243042349815369,True,True,True,False,True,True,True
arc,arc-validation-000099,arc-train-001089,0.7500373721122742,True,True,True,True,True,True,True
arc,arc-validation-000100,arc-train-000694,0.4767346680164337,True,True,False,False,True,False,True
arc,arc-validation-000101,arc-train-000990,0.7688530087471008,True,True,True,True,True,True,True
arc,arc-validation-000102,arc-train-000462,0.5311007499694824,True,True,True,True,True,True,True
arc,arc-validation-000103,arc-train-000641,0.7473658919334412,True,True,True,True,True,True,True
arc,arc-validation-000104,arc-train-001098,0.6613985300064087,True,True,True,False,True,True,True
arc,arc-validation-000105,arc-train-000985,0.735629677772522,True,True,True,True,True,True,True
arc,arc-validation-000106,arc-train-000170,0.7867718935012817,True,True,True,True,True,True,True
arc,arc-validation-000107,arc-train-000285,0.8457788228988647,False,,True,True,True,True,True
arc,arc-validation-000108,arc-train-001051,0.5419015288352966,True,True,True,True,True,True,True
arc,arc-validation-000109,arc-train-000287,0.5092905759811401,True,True,True,True,True,True,True
arc,arc-validation-000110,arc-train-000393,0.7177729606628418,False,False,True,True,True,True,True
arc,arc-validation-000111,arc-train-000451,0.7320011258125305,True,True,True,False,True,False,True
arc,arc-validation-000112,arc-train-000236,0.6732816100120544,True,True,True,True,True,True,True
arc,arc-validation-000113,arc-train-000718,0.5102985501289368,True,True,False,False,True,False,True
arc,arc-validation-000114,arc-train-000771,0.5755138397216797,True,True,True,False,True,True,True
arc,arc-validation-000115,arc-train-000775,0.572461724281311,False,False,True,True,True,False,True
arc,arc-validation-000116,arc-train-000586,0.694059431552887,True,True,True,True,True,True,True
arc,arc-validation-000117,arc-train-000572,0.5180160999298096,True,True,True,True,True,True,True
arc,arc-validation-000118,arc-train-000232,0.604729413986206,True,True,False,True,True,True,True
arc,arc-validation-000119,arc-train-000595,0.4247290790081024,False,False,True,True,True,True,True
arc,arc-validation-000120,arc-train-000722,0.5138711929321289,True,True,True,True,True,True,True
arc,arc-validation-000121,arc-train-000429,0.5423441529273987,True,True,True,True,True,False,True
arc,arc-validation-000122,arc-train-000241,0.5676699280738831,False,True,True,True,True,True,True
arc,arc-validation-000123,arc-train-000338,0.5330444574356079,True,True,True,True,True,True,True
arc,arc-validation-000124,arc-train-000466,0.520489513874054,True,True,False,True,True,True,True
arc,arc-validation-000125,arc-train-001065,0.7043887376785278,True,True,True,True,True,True,True
arc,arc-validation-000126,arc-train-000784,0.5164511799812317,True,True,True,False,True,True,True
arc,arc-validation-000127,arc-train-000080,0.6115299463272095,True,True,True,True,True,True,True
arc,arc-validation-000128,arc-train-001006,0.7319043874740601,True,True,True,True,True,True,True
arc,arc-validation-000129,arc-train-000377,0.591265082359314,True,True,True,True,True,True,True
arc,arc-validation-000130,arc-train-001083,0.6441659331321716,True,True,False,True,True,True,True
arc,arc-validation-000131,arc-train-000214,0.7845775485038757,True,True,False,,True,True,True
arc,arc-validation-000132,arc-train-000699,0.6065687537193298,True,True,True,True,True,True,True
arc,arc-validation-000133,arc-train-000184,0.5116745233535767,True,True,True,True,True,True,True
arc,arc-validation-000134,arc-train-000971,0.6669708490371704,True,True,True,True,True,True,True
arc,arc-validation-000135,arc-train-000168,0.5665432214736938,True,True,True,True,True,True,True
arc,arc-validation-000136,arc-train-001017,0.7275670766830444,True,True,True,True,True,True,True
arc,arc-validation-000137,arc-train-000658,0.512957751750946,True,True,True,False,True,True,True
arc,arc-validation-000138,arc-train-000562,0.8051914572715759,True,True,True,True,True,True,True
arc,arc-validation-000139,arc-train-000040,0.6087169051170349,True,True,False,False,True,False,True
arc,arc-validation-000140,arc-train-000995,0.6302229166030884,True,True,True,False,True,False,True
arc,arc-validation-000141,arc-train-000776,0.5939630270004272,True,True,True,True,True,True,True
arc,arc-validation-000142,arc-train-001023,0.5636122226715088,True,True,True,True,True,True,True
arc,arc-validation-000143,arc-train-000131,0.701628565788269,True,True,True,True,True,True,True
arc,arc-validation-000144,arc-train-000333,0.4515255391597748,True,True,True,True,True,True,True
arc,arc-validation-000145,arc-train-000624,0.5940783023834229,True,True,True,True,True,True,True
arc,arc-validation-000146,arc-train-000228,0.5931075215339661,True,True,True,True,True,True,True
arc,arc-validation-000147,arc-train-000776,0.5066365003585815,True,True,True,True,True,True,True
arc,arc-validation-000148,arc-train-000824,0.4557279944419861,True,True,False,False,True,True,True
arc,arc-validation-000149,arc-train-001011,0.5606785416603088,True,True,False,False,True,True,True
arc,arc-validation-000150,arc-train-000260,0.5505430102348328,False,True,True,True,True,True,True
arc,arc-validation-000151,arc-train-000494,0.47229644656181335,True,True,False,False,True,False,True
arc,arc-validation-000152,arc-train-000693,0.5943755507469177,True,True,True,True,True,True,True
arc,arc-validation-000153,arc-train-000305,0.44300365447998047,True,True,True,True,True,True,True
arc,arc-validation-000154,arc-train-000465,0.458173543214798,True,True,True,True,True,True,True
arc,arc-validation-000155,arc-train-000144,0.5189213752746582,True,True,True,True,True,True,True
arc,arc-validation-000156,arc-train-000190,0.5733447074890137,True,True,True,True,True,True,True
arc,arc-validation-000157,arc-train-000413,0.5848444700241089,True,True,True,True,True,True,True
arc,arc-validation-000158,arc-train-000988,0.4629667401313782,True,True,True,True,True,True,True
arc,arc-validation-000159,arc-train-000220,0.41631782054901123,True,True,True,True,True,True,True
arc,arc-validation-000160,arc-train-000497,0.8660834431648254,True,True,True,True,True,True,True
arc,arc-validation-000161,arc-train-000913,0.6212525963783264,True,True,True,,True,True,True
arc,arc-validation-000162,arc-train-001046,0.5840586423873901,True,True,True,True,True,True,True
arc,arc-validation-000163,arc-train-000782,0.5651078224182129,True,True,True,True,True,True,True
arc,arc-validation-000164,arc-train-000302,0.5379417538642883,True,True,False,False,True,False,True
arc,arc-validation-000165,arc-train-000241,0.8724659085273743,False,True,False,True,True,False,True
arc,arc-validation-000166,arc-train-000194,0.8384778499603271,False,True,False,True,True,True,True
arc,arc-validation-000167,arc-train-000553,0.5556787252426147,True,True,False,True,True,True,True
arc,arc-validation-000168,arc-train-000104,0.7296985983848572,True,True,False,False,True,False,True
arc,arc-validation-000169,arc-train-000698,0.6755895614624023,True,True,True,True,True,True,True
arc,arc-validation-000170,arc-train-000058,0.4691336452960968,True,True,True,True,True,True,True
arc,arc-validation-000171,arc-train-000000,0.45159655809402466,False,False,True,True,True,True,True
arc,arc-validation-000172,arc-train-000141,0.5676686763763428,False,False,True,True,True,True,True
arc,arc-validation-000173,arc-train-000937,0.5497578978538513,True,True,False,True,True,True,True
arc,arc-validation-000174,arc-train-000873,0.7231370210647583,True,True,True,True,True,True,True
arc,arc-validation-000175,arc-train-000910,0.602277934551239,True,True,True,True,True,True,True
arc,arc-validation-000176,arc-train-001024,0.8077190518379211,True,True,True,True,True,True,True
arc,arc-validation-000177,arc-train-000363,0.7232204675674438,True,True,True,True,True,True,True
arc,arc-validation-000178,arc-train-000634,0.6722444891929626,True,True,True,True,True,True,True
arc,arc-validation-000179,arc-train-000832,0.6223242878913879,True,True,True,True,True,True,True
arc,arc-validation-000180,arc-train-001008,0.6223461627960205,False,False,True,False,True,True,True
arc,arc-validation-000181,arc-train-000298,0.46325376629829407,True,True,True,False,True,True,True
arc,arc-validation-000182,arc-train-000970,0.7387034893035889,False,False,True,True,True,False,True
arc,arc-validation-000183,arc-train-001075,0.5414662957191467,True,True,False,False,True,False,True
arc,arc-validation-000184,arc-train-000680,0.5868288278579712,True,True,True,True,True,True,True
arc,arc-validation-000185,arc-train-000448,0.5867245197296143,True,True,True,True,True,True,True
arc,arc-validation-000186,arc-train-000898,0.5900471806526184,True,True,True,True,True,True,True
arc,arc-validation-000187,arc-train-000221,0.5901771187782288,True,True,True,True,True,True,True
arc,arc-validation-000188,arc-train-000091,0.611809253692627,True,True,True,True,True,True,True
arc,arc-validation-000189,arc-train-000101,0.9618754386901855,False,False,True,False,True,True,True
arc,arc-validation-000190,arc-train-000979,0.5994094014167786,True,True,True,True,True,True,True
arc,arc-validation-000191,arc-train-000127,0.6499168276786804,True,True,True,True,True,True,True
arc,arc-validation-000192,arc-train-000879,0.6049482226371765,True,True,True,True,True,True,True
arc,arc-validation-000193,arc-train-000790,0.45591485500335693,True,True,True,True,True,True,True
arc,arc-validation-000194,arc-train-000080,0.7245585918426514,True,True,True,True,True,True,True
arc,arc-validation-000195,arc-train-001066,0.6707606315612793,True,True,True,True,True,True,True
arc,arc-validation-000196,arc-train-000549,0.507950484752655,True,True,False,True,True,True,True
arc,arc-validation-000197,arc-train-000285,0.6690710783004761,False,,True,True,True,True,True
arc,arc-validation-000198,arc-train-000450,0.741360068321228,True,True,False,False,True,False,True
arc,arc-validation-000199,arc-train-000431,0.6147631406784058,True,True,True,True,True,True,True
arc,arc-validation-000200,arc-train-001051,0.5661612749099731,True,True,True,True,True,True,True
arc,arc-validation-000201,arc-train-000977,0.5596268773078918,True,True,False,True,True,True,True
arc,arc-validation-000202,arc-train-000013,0.8978002071380615,True,True,False,True,True,False,True
arc,arc-validation-000203,arc-train-000915,0.6874988675117493,True,True,True,True,True,True,True
arc,arc-validation-000204,arc-train-000992,0.8824651837348938,True,True,True,True,True,True,True
arc,arc-validation-000205,arc-train-000123,0.715491533279419,True,True,True,True,True,True,True
arc,arc-validation-000206,arc-train-000867,0.752487063407898,True,True,True,True,True,True,True
arc,arc-validation-000207,arc-train-000988,0.608032763004303,True,True,False,False,True,False,True
arc,arc-validation-000208,arc-train-000694,0.668060839176178,True,True,True,True,True,True,True
arc,arc-validation-000209,arc-train-000977,0.5921147465705872,True,True,,False,True,True,True
arc,arc-validation-000210,arc-train-000838,0.5451081395149231,True,True,True,True,True,True,True
arc,arc-validation-000211,arc-train-000903,0.7144792675971985,True,True,True,True,True,True,True
arc,arc-validation-000212,arc-train-000623,0.5969088077545166,True,True,True,False,True,True,True
arc,arc-validation-000213,arc-train-001017,0.6264825463294983,True,True,True,True,True,True,True
arc,arc-validation-000214,arc-train-000469,0.7198888063430786,True,True,True,False,True,True,True
arc,arc-validation-000215,arc-train-000487,0.6654543876647949,True,True,True,True,True,True,True
arc,arc-validation-000216,arc-train-000707,0.5641597509384155,False,False,True,True,True,True,True
arc,arc-validation-000217,arc-train-000557,0.586479902267456,True,True,True,False,True,True,True
arc,arc-validation-000218,arc-train-000078,0.5548070669174194,True,True,True,True,True,True,True
arc,arc-validation-000219,arc-train-001014,0.5122891068458557,True,True,True,True,True,True,True
arc,arc-validation-000220,arc-train-000202,0.5099403262138367,True,True,True,True,True,True,True
arc,arc-validation-000221,arc-train-000082,0.9058569073677063,True,True,True,True,True,True,True
arc,arc-validation-000222,arc-train-000296,0.727748692035675,True,True,True,True,True,True,True
arc,arc-validation-000223,arc-train-000564,0.6447337865829468,True,True,True,True,True,True,True
arc,arc-validation-000224,arc-train-000082,0.6813995838165283,True,True,True,True,True,True,True
arc,arc-validation-000225,arc-train-000365,0.6106137633323669,True,True,True,True,True,True,True
arc,arc-validation-000226,arc-train-001108,0.6247052550315857,True,True,True,True,True,True,True
arc,arc-validation-000227,arc-train-000534,0.6174639463424683,True,True,True,False,True,False,True
arc,arc-validation-000228,arc-train-000074,0.4848099648952484,True,True,True,True,True,True,True
arc,arc-validation-000229,arc-train-000113,0.6585053205490112,True,True,False,False,True,False,True
arc,arc-validation-000230,arc-train-000896,0.6300660967826843,False,True,True,False,True,False,True
arc,arc-validation-000231,arc-train-000441,0.8053556680679321,True,True,True,True,True,True,True
arc,arc-validation-000232,arc-train-000116,0.6596015095710754,True,True,True,True,True,True,True
arc,arc-validation-000233,arc-train-000689,0.5731870532035828,False,False,False,False,True,False,True
arc,arc-validation-000234,arc-train-000676,0.3590324819087982,True,True,True,True,True,True,True
arc,arc-validation-000235,arc-train-000898,0.62566077709198,True,True,True,True,True,True,True
arc,arc-validation-000236,arc-train-000344,0.6110387444496155,True,True,True,True,True,True,True
arc,arc-validation-000237,arc-train-000611,0.6517448425292969,True,True,True,True,True,True,True
arc,arc-validation-000238,arc-train-000427,0.5260899066925049,True,True,False,True,True,True,True
arc,arc-validation-000239,arc-train-000011,0.6750611066818237,True,True,True,True,True,True,True
arc,arc-validation-000240,arc-train-000874,0.5819216370582581,True,True,False,True,True,True,True
arc,arc-validation-000241,arc-train-001053,0.5735533237457275,True,True,True,True,True,False,True
arc,arc-validation-000242,arc-train-000286,0.5434648990631104,True,,True,False,True,True,True
arc,arc-validation-000243,arc-train-000364,0.575427234172821,True,True,False,False,True,False,True
arc,arc-validation-000244,arc-train-000654,0.6883386969566345,True,True,True,True,True,True,True
arc,arc-validation-000245,arc-train-000001,0.6221285462379456,True,True,True,False,True,False,True
arc,arc-validation-000246,arc-train-000913,0.8830714225769043,True,True,True,True,True,True,True
arc,arc-validation-000247,arc-train-000782,0.5051569938659668,True,True,False,True,True,False,True
arc,arc-validation-000248,arc-train-000190,0.5518929362297058,True,True,True,True,True,True,True
arc,arc-validation-000249,arc-train-000630,0.5455535054206848,True,True,True,True,True,True,True
arc,arc-validation-000250,arc-train-000880,0.6316313743591309,True,True,False,True,True,True,True
arc,arc-validation-000251,arc-train-000770,0.7921169400215149,True,True,True,True,True,True,True
arc,arc-validation-000252,arc-train-000105,0.5113106966018677,True,True,True,True,True,True,True
arc,arc-validation-000253,arc-train-000759,0.6312041878700256,True,True,True,True,True,True,True
arc,arc-validation-000254,arc-train-000819,0.5608347654342651,True,True,False,True,True,True,True
arc,arc-validation-000255,arc-train-000979,0.5999695658683777,True,True,True,True,True,True,True
arc,arc-validation-000256,arc-train-000381,0.795799732208252,False,False,True,True,True,True,True
arc,arc-validation-000257,arc-train-000111,0.8535575866699219,True,True,True,True,True,True,True
arc,arc-validation-000258,arc-train-000628,0.5741711258888245,True,True,False,False,True,False,True
arc,arc-validation-000259,arc-train-000997,0.608573853969574,True,True,True,False,True,True,True
arc,arc-validation-000260,arc-train-000976,0.6541918516159058,False,False,True,True,True,False,True
arc,arc-validation-000261,arc-train-001043,0.30932971835136414,True,True,True,True,True,True,True
arc,arc-validation-000262,arc-train-000704,0.6519665718078613,True,True,True,True,True,True,True
arc,arc-validation-000263,arc-train-000905,0.5454688668251038,True,True,False,False,True,False,True
arc,arc-validation-000264,arc-train-000315,0.5113587379455566,True,True,True,False,True,True,True
arc,arc-validation-000265,arc-train-000641,0.6091383099555969,True,True,True,True,True,True,True
arc,arc-validation-000266,arc-train-000940,0.6992733478546143,False,True,True,True,True,True,True
arc,arc-validation-000267,arc-train-000525,0.6780083179473877,True,True,False,False,True,True,True
arc,arc-validation-000268,arc-train-000008,0.8583821654319763,False,True,True,True,True,True,True
arc,arc-validation-000269,arc-train-000501,0.5531039834022522,True,True,True,True,True,True,True
arc,arc-validation-000270,arc-train-001044,0.4579181969165802,True,True,True,True,True,True,True
arc,arc-validation-000271,arc-train-000433,0.5999839305877686,True,True,True,False,True,False,True
arc,arc-validation-000272,arc-train-000697,0.5417019724845886,True,True,True,True,True,True,True
arc,arc-validation-000273,arc-train-000497,0.4337899386882782,True,True,True,True,True,False,True
arc,arc-validation-000274,arc-train-001025,0.5839002728462219,True,True,True,True,True,True,True
arc,arc-validation-000275,arc-train-000777,0.47674787044525146,False,False,True,True,True,True,True
arc,arc-validation-000276,arc-train-000239,0.6035370826721191,True,True,False,False,True,True,True
arc,arc-validation-000277,arc-train-000090,0.5324811339378357,True,True,True,True,True,True,True
arc,arc-validation-000278,arc-train-000792,0.7415912747383118,True,True,False,True,True,False,True
arc,arc-validation-000279,arc-train-000380,0.5020316243171692,True,True,True,False,True,True,True
arc,arc-validation-000280,arc-train-000931,0.5199584364891052,True,True,True,True,True,True,True
arc,arc-validation-000281,arc-train-000496,0.598679780960083,True,True,True,True,True,False,True
arc,arc-validation-000282,arc-train-000344,0.5208399295806885,True,True,True,True,True,True,True
arc,arc-validation-000283,arc-train-000169,0.5279526710510254,True,True,False,True,True,True,True
arc,arc-validation-000284,arc-train-000153,0.6299485564231873,True,True,True,True,True,True,True
arc,arc-validation-000285,arc-train-000867,0.609516978263855,True,True,True,True,True,True,True
arc,arc-validation-000286,arc-train-000941,0.8414239883422852,True,True,True,True,True,True,True
arc,arc-validation-000287,arc-train-000210,0.718296229839325,True,True,False,False,True,False,True
arc,arc-validation-000288,arc-train-000383,0.5853212475776672,True,True,True,True,True,True,True
arc,arc-validation-000289,arc-train-000627,0.6393601894378662,True,True,True,True,True,True,True
arc,arc-validation-000290,arc-train-000809,0.7139551639556885,True,True,True,True,True,True,True
arc,arc-validation-000291,arc-train-000569,0.48424720764160156,True,True,True,True,True,True,True
arc,arc-validation-000292,arc-train-000919,0.7892482280731201,True,True,True,True,True,True,True
arc,arc-validation-000293,arc-train-001048,0.45256441831588745,False,False,False,True,True,True,True
arc,arc-validation-000294,arc-train-000160,0.73521888256073,True,True,True,True,True,False,True
arc,arc-validation-000295,arc-train-000386,0.7797258496284485,True,True,True,True,True,True,True
arc,arc-validation-000296,arc-train-000584,0.5987653732299805,True,True,True,True,True,True,True
arc,arc-validation-000297,arc-train-000502,0.5510979890823364,True,True,True,True,True,True,True
arc,arc-validation-000298,arc-train-000200,0.6334824562072754,True,True,False,True,True,True,True
gsm8k,gsm8k-train-000027,gsm8k-train-003896,0.5464741587638855,True,True,False,False,True,False,True
gsm8k,gsm8k-train-000035,gsm8k-train-005810,0.6824777126312256,True,True,True,True,True,True,True
gsm8k,gsm8k-train-000037,gsm8k-train-004051,0.9165980815887451,True,True,True,True,True,True,True
gsm8k,gsm8k-train-000041,gsm8k-train-000386,0.8193460702896118,True,True,True,True,True,True,True
gsm8k,gsm8k-train-000044,gsm8k-train-001655,0.7164410948753357,True,True,True,True,True,True,True
gsm8k,gsm8k-train-000059,gsm8k-train-004647,0.6698068380355835,True,True,True,True,True,True,True
gsm8k,gsm8k-train-000060,gsm8k-train-002397,0.7182128429412842,True,True,False,True,True,True,True
gsm8k,gsm8k-train-000061,gsm8k-train-006385,0.6996808648109436,True,True,True,True,True,True,True
gsm8k,gsm8k-train-000067,gsm8k-train-006418,0.6898653507232666,True,True,False,True,True,True,True
gsm8k,gsm8k-train-000084,gsm8k-train-003289,0.6360680460929871,True,True,True,True,True,True,True
gsm8k,gsm8k-train-000085,gsm8k-train-000960,0.6166635751724243,True,True,True,True,True,True,True
gsm8k,gsm8k-train-000090,gsm8k-train-000802,0.6764863133430481,True,True,True,True,True,True,True
gsm8k,gsm8k-train-000091,gsm8k-train-000064,0.7577669620513916,True,True,True,True,True,True,True
gsm8k,gsm8k-train-000092,gsm8k-train-004294,0.7603133320808411,True,True,True,True,True,True,True
gsm8k,gsm8k-train-000096,gsm8k-train-005458,0.7183845043182373,True,True,True,True,True,True,True
gsm8k,gsm8k-train-000098,gsm8k-train-001362,0.7466290593147278,True,True,True,True,True,True,True
gsm8k,gsm8k-train-000099,gsm8k-train-004542,0.7521117925643921,True,True,True,True,True,True,True
gsm8k,gsm8k-train-000102,gsm8k-train-000062,0.5363220572471619,True,True,True,True,True,True,True
gsm8k,gsm8k-train-000107,gsm8k-train-005151,0.5638877153396606,True,True,True,True,True,True,True
gsm8k,gsm8k-train-000108,gsm8k-train-006778,0.761827826499939,True,True,True,True,True,True,True
gsm8k,gsm8k-train-000111,gsm8k-train-005108,0.7972298264503479,True,True,True,True,True,True,True
gsm8k,gsm8k-train-000113,gsm8k-train-000452,0.761851966381073,True,True,True,True,True,True,True
gsm8k,gsm8k-train-000116,gsm8k-train-003021,0.6611108183860779,True,True,True,True,True,True,True
gsm8k,gsm8k-train-000123,gsm8k-train-007180,0.6848822832107544,True,True,True,True,True,True,True
gsm8k,gsm8k-train-000139,gsm8k-train-004923,0.686211347579956,False,False,True,True,True,False,True
gsm8k,gsm8k-train-000143,gsm8k-train-006285,0.6643818020820618,True,True,True,True,True,True,True
gsm8k,gsm8k-train-000147,gsm8k-train-002579,0.8103800415992737,False,False,True,True,True,True,True
gsm8k,gsm8k-train-000151,gsm8k-train-002874,0.7192533016204834,True,True,True,True,True,True,True
gsm8k,gsm8k-train-000152,gsm8k-train-000892,0.7034782767295837,True,True,True,True,True,True,True
gsm8k,gsm8k-train-000156,gsm8k-train-004360,0.741340160369873,True,True,True,True,True,True,True
gsm8k,gsm8k-train-000167,gsm8k-train-000402,0.6978971362113953,False,False,,False,True,,True
gsm8k,gsm8k-train-000168,gsm8k-train-003802,0.7574164271354675,False,True,True,True,True,True,True
gsm8k,gsm8k-train-000173,gsm8k-train-001155,0.6313045024871826,True,True,True,True,True,True,True
gsm8k,gsm8k-train-000176,gsm8k-train-007075,0.7282370924949646,True,True,True,True,True,True,True
gsm8k,gsm8k-train-000181,gsm8k-train-005968,0.6789000630378723,True,True,False,True,True,True,True
gsm8k,gsm8k-train-000191,gsm8k-train-005040,0.6680902242660522,True,True,True,False,True,True,True
gsm8k,gsm8k-train-000194,gsm8k-train-005772,0.6315115094184875,True,True,True,True,True,True,True
gsm8k,gsm8k-train-000214,gsm8k-train-003951,0.5008934736251831,False,True,False,True,True,True,True
gsm8k,gsm8k-train-000224,gsm8k-train-001149,0.5544514060020447,True,True,True,False,True,True,True
gsm8k,gsm8k-train-000228,gsm8k-train-003544,0.9603794813156128,True,True,False,False,True,False,True
gsm8k,gsm8k-train-000233,gsm8k-train-006439,0.7380271553993225,True,,True,True,True,False,True
gsm8k,gsm8k-train-000234,gsm8k-train-005666,0.7245070934295654,True,True,True,True,True,True,True
gsm8k,gsm8k-train-000253,gsm8k-train-006538,0.6710692048072815,True,True,True,True,True,True,True
gsm8k,gsm8k-train-000271,gsm8k-train-001103,0.7337312698364258,True,True,True,True,True,True,True
gsm8k,gsm8k-train-000272,gsm8k-train-003492,0.7570648193359375,True,True,True,True,True,True,True
gsm8k,gsm8k-train-000278,gsm8k-train-003349,0.6478070020675659,True,True,True,True,True,True,True
gsm8k,gsm8k-train-000281,gsm8k-train-002383,0.6533783078193665,True,True,True,True,True,True,True
gsm8k,gsm8k-train-000283,gsm8k-train-000638,0.74415123462677,True,True,True,True,True,True,True
gsm8k,gsm8k-train-000286,gsm8k-train-003128,0.7559244632720947,True,True,True,False,True,True,True
gsm8k,gsm8k-train-000287,gsm8k-train-002646,0.7164842486381531,True,True,True,True,True,True,True
gsm8k,gsm8k-train-000289,gsm8k-train-002404,0.6723052859306335,True,True,True,True,True,True,True
gsm8k,gsm8k-train-000293,gsm8k-train-006895,0.6312333941459656,True,True,True,True,True,True,True
gsm8k,gsm8k-train-000310,gsm8k-train-002300,0.7255859375,True,True,True,False,True,False,True
gsm8k,gsm8k-train-000312,gsm8k-train-003780,0.6314421892166138,True,True,True,True,True,True,True
gsm8k,gsm8k-train-000314,gsm8k-train-004049,0.7850536704063416,True,True,True,True,True,True,True
gsm8k,gsm8k-train-000321,gsm8k-train-002225,0.7133659720420837,True,True,True,True,True,True,True
gsm8k,gsm8k-train-000327,gsm8k-train-003053,0.6197202801704407,True,True,True,True,True,True,True
gsm8k,gsm8k-train-000332,gsm8k-train-005680,0.7202026844024658,True,True,True,True,True,True,True
gsm8k,gsm8k-train-000333,gsm8k-train-004972,0.730438768863678,True,True,True,True,True,True,True
gsm8k,gsm8k-train-000338,gsm8k-train-003624,0.696556568145752,True,True,True,True,True,True,True
gsm8k,gsm8k-train-000350,gsm8k-train-004677,0.8180251717567444,True,True,True,True,True,True,True
gsm8k,gsm8k-train-000352,gsm8k-train-007071,0.6567070484161377,True,True,True,False,True,False,True
gsm8k,gsm8k-train-000367,gsm8k-train-000009,0.6369560956954956,True,True,True,True,True,True,True
gsm8k,gsm8k-train-000377,gsm8k-train-007444,0.6820160150527954,True,True,True,False,True,False,True
gsm8k,gsm8k-train-000394,gsm8k-train-001212,0.670100748538971,True,True,False,True,True,True,True
gsm8k,gsm8k-train-000400,gsm8k-train-004712,0.6685616374015808,True,True,True,True,True,True,True
gsm8k,gsm8k-train-000403,gsm8k-train-002920,0.6717127561569214,True,True,True,True,True,True,True
gsm8k,gsm8k-train-000404,gsm8k-train-006097,0.7092202305793762,True,True,True,False,True,False,True
gsm8k,gsm8k-train-000405,gsm8k-train-002723,0.665814220905304,True,True,True,True,True,True,True
gsm8k,gsm8k-train-000412,gsm8k-train-007167,0.7703743577003479,True,True,True,True,True,True,True
gsm8k,gsm8k-train-000418,gsm8k-train-000052,0.7524222731590271,True,True,True,True,True,True,True
gsm8k,gsm8k-train-000437,gsm8k-train-002238,0.7813969850540161,True,True,True,True,True,False,True
gsm8k,gsm8k-train-000440,gsm8k-train-004970,0.7544115781784058,True,True,True,True,True,True,True
gsm8k,gsm8k-train-000450,gsm8k-train-006872,0.6311699748039246,,True,True,True,False,True,False
gsm8k,gsm8k-train-000457,gsm8k-train-002842,0.7205917835235596,True,True,False,True,True,True,True
gsm8k,gsm8k-train-000477,gsm8k-train-000927,0.7262225151062012,True,,True,False,True,False,True
gsm8k,gsm8k-train-000478,gsm8k-train-001378,0.7169272303581238,True,True,True,True,True,True,True
gsm8k,gsm8k-train-000487,gsm8k-train-002420,0.7598236203193665,True,True,True,False,True,True,True
gsm8k,gsm8k-train-000500,gsm8k-train-002691,0.649382472038269,True,True,True,True,True,True,True
gsm8k,gsm8k-train-000502,gsm8k-train-000368,0.7078757286071777,True,True,True,True,True,True,True
gsm8k,gsm8k-train-000503,gsm8k-train-000003,0.7998437881469727,True,True,True,True,True,True,True
gsm8k,gsm8k-train-000529,gsm8k-train-004613,0.5829275846481323,True,True,True,False,True,True,True
gsm8k,gsm8k-train-000533,gsm8k-train-004761,0.7913210391998291,True,True,True,True,True,False,True
gsm8k,gsm8k-train-000536,gsm8k-train-005573,0.6230016946792603,True,True,True,True,True,True,True
gsm8k,gsm8k-train-000567,gsm8k-train-005347,0.5878120064735413,True,True,True,True,True,True,True
gsm8k,gsm8k-train-000578,gsm8k-train-003479,0.70961594581604,True,True,True,True,True,True,True
gsm8k,gsm8k-train-000591,gsm8k-train-003734,0.734638512134552,False,False,True,True,True,True,True
gsm8k,gsm8k-train-000592,gsm8k-train-005881,0.7443269491195679,True,True,True,True,True,True,True
gsm8k,gsm8k-train-000601,gsm8k-train-001875,0.666583776473999,True,True,True,True,True,True,True
gsm8k,gsm8k-train-000615,gsm8k-train-000960,0.6327638626098633,True,True,True,True,True,False,True
gsm8k,gsm8k-train-000618,gsm8k-train-005629,0.60137939453125,True,True,True,True,True,False,True
gsm8k,gsm8k-train-000623,gsm8k-train-000038,0.7016280889511108,False,False,False,False,True,False,True
gsm8k,gsm8k-train-000626,gsm8k-train-004334,0.7692077159881592,True,True,False,True,True,,True
gsm8k,gsm8k-train-000631,gsm8k-train-007359,0.7482489347457886,True,True,True,True,True,True,True
gsm8k,gsm8k-train-000635,gsm8k-train-004786,0.706366777420044,True,True,True,True,True,True,True
gsm8k,gsm8k-train-000641,gsm8k-train-006124,0.7034212946891785,False,True,True,True,True,True,True
gsm8k,gsm8k-train-000650,gsm8k-train-002742,0.778624951839447,True,True,True,True,True,True,True
gsm8k,gsm8k-train-000654,gsm8k-train-003534,0.7021748423576355,True,True,True,True,True,True,True
gsm8k,gsm8k-train-000674,gsm8k-train-002950,0.8158764243125916,True,True,True,True,True,True,True
gsm8k,gsm8k-train-000678,gsm8k-train-003181,0.6928189992904663,True,True,True,False,True,True,True
gsm8k,gsm8k-train-000680,gsm8k-train-004003,0.6814191341400146,True,True,True,True,True,True,True
gsm8k,gsm8k-train-000682,gsm8k-train-003584,0.6819743514060974,True,True,True,True,True,True,True
gsm8k,gsm8k-train-000686,gsm8k-train-006515,0.7148433327674866,True,True,True,True,True,True,True
gsm8k,gsm8k-train-000714,gsm8k-train-004836,0.8558874726295471,True,True,True,True,True,True,True
gsm8k,gsm8k-train-000716,gsm8k-train-003015,0.7349206805229187,True,True,True,True,True,True,True
gsm8k,gsm8k-train-000720,gsm8k-train-005327,0.6977231502532959,True,True,True,True,True,True,True
gsm8k,gsm8k-train-000731,gsm8k-train-006261,0.8024306297302246,True,True,True,True,True,True,True
gsm8k,gsm8k-train-000735,gsm8k-train-000755,0.7322888970375061,False,False,True,True,True,True,True
gsm8k,gsm8k-train-000746,gsm8k-train-005324,0.7552229762077332,True,True,True,True,True,True,True
gsm8k,gsm8k-train-000752,gsm8k-train-000793,0.7352424263954163,True,True,True,True,True,True,True
gsm8k,gsm8k-train-000754,gsm8k-train-005141,0.6772754788398743,True,True,True,True,True,True,True
gsm8k,gsm8k-train-000779,gsm8k-train-004767,0.696826159954071,True,True,True,True,True,False,True
gsm8k,gsm8k-train-000782,gsm8k-train-004411,0.7039303779602051,True,True,True,True,True,True,True
gsm8k,gsm8k-train-000784,gsm8k-train-001515,0.6339004635810852,True,True,True,True,True,True,True
gsm8k,gsm8k-train-000785,gsm8k-train-005797,0.6534863114356995,True,True,True,True,True,True,True
gsm8k,gsm8k-train-000786,gsm8k-train-006626,0.7505040168762207,True,True,True,True,True,,True
gsm8k,gsm8k-train-000797,gsm8k-train-004540,0.825215756893158,True,True,True,True,True,True,True
gsm8k,gsm8k-train-000801,gsm8k-train-002015,0.7259235382080078,True,True,True,True,True,True,True
gsm8k,gsm8k-train-000805,gsm8k-train-001860,0.7447844743728638,True,True,True,True,True,True,True
gsm8k,gsm8k-train-000824,gsm8k-train-004357,0.6821354031562805,True,True,True,True,True,True,True
gsm8k,gsm8k-train-000829,gsm8k-train-002841,0.8316152691841125,False,True,True,True,True,True,True
gsm8k,gsm8k-train-000838,gsm8k-train-007268,0.7390010356903076,True,True,True,True,True,True,True
gsm8k,gsm8k-train-000852,gsm8k-train-007187,0.651238203048706,True,True,True,True,True,True,True
gsm8k,gsm8k-train-000853,gsm8k-train-007071,0.7033105492591858,True,True,True,True,True,True,True
gsm8k,gsm8k-train-000854,gsm8k-train-007023,0.728672981262207,True,True,True,True,True,True,True
gsm8k,gsm8k-train-000855,gsm8k-train-001105,0.691085159778595,True,True,True,True,True,True,True
gsm8k,gsm8k-train-000862,gsm8k-train-006489,0.7740946412086487,True,True,True,True,True,True,True
gsm8k,gsm8k-train-000870,gsm8k-train-003480,0.5676090717315674,True,True,True,True,True,True,True
gsm8k,gsm8k-train-000875,gsm8k-train-001027,0.621486246585846,True,True,True,True,True,True,True
gsm8k,gsm8k-train-000882,gsm8k-train-003325,0.7447632551193237,True,True,True,True,True,True,True
gsm8k,gsm8k-train-000901,gsm8k-train-002813,0.7498321533203125,True,True,True,True,True,True,True
gsm8k,gsm8k-train-000902,gsm8k-train-004031,0.7392907738685608,True,True,False,True,True,False,True
gsm8k,gsm8k-train-000903,gsm8k-train-000651,0.7067478895187378,True,True,True,True,True,True,True
gsm8k,gsm8k-train-000905,gsm8k-train-006103,0.6998739838600159,True,True,True,True,True,True,True
gsm8k,gsm8k-train-000909,gsm8k-train-003654,0.6513316035270691,True,True,True,True,True,True,True
gsm8k,gsm8k-train-000925,gsm8k-train-000150,0.6968688368797302,True,True,True,True,True,True,True
gsm8k,gsm8k-train-000930,gsm8k-train-000576,0.7728512287139893,True,True,True,True,True,True,True
gsm8k,gsm8k-train-000957,gsm8k-train-001684,0.609882652759552,True,True,True,True,True,True,True
gsm8k,gsm8k-train-000963,gsm8k-train-003194,0.6813034415245056,True,True,True,True,True,True,True
gsm8k,gsm8k-train-000966,gsm8k-train-000927,0.7068784832954407,True,,True,True,True,True,True
gsm8k,gsm8k-train-000967,gsm8k-train-002943,0.5630208253860474,True,True,True,True,True,True,True
gsm8k,gsm8k-train-000976,gsm8k-train-004256,0.7514510154724121,True,True,True,True,True,True,True
gsm8k,gsm8k-train-000983,gsm8k-train-001330,0.6983562707901001,True,True,True,True,True,True,True
gsm8k,gsm8k-train-000989,gsm8k-train-005497,0.7802993655204773,,True,True,True,False,True,False
gsm8k,gsm8k-train-000992,gsm8k-train-006553,0.7500340938568115,False,True,True,True,True,True,True
gsm8k,gsm8k-train-000995,gsm8k-train-000960,0.6316355466842651,True,True,False,,True,False,True
gsm8k,gsm8k-train-001002,gsm8k-train-001607,0.7011483907699585,True,True,True,True,True,True,True
gsm8k,gsm8k-train-001009,gsm8k-train-006482,0.6254919767379761,True,True,True,True,True,True,True
gsm8k,gsm8k-train-001011,gsm8k-train-005105,0.7804067134857178,True,True,False,False,True,True,True
gsm8k,gsm8k-train-001024,gsm8k-train-000064,0.7890625,True,True,True,True,True,True,True
gsm8k,gsm8k-train-001028,gsm8k-train-000569,0.6343250870704651,True,True,True,True,True,True,True
gsm8k,gsm8k-train-001037,gsm8k-train-006431,0.7208369374275208,True,True,True,True,True,True,True
gsm8k,gsm8k-train-001039,gsm8k-train-000645,0.7403981685638428,True,True,True,True,True,True,True
gsm8k,gsm8k-train-001040,gsm8k-train-000349,0.806400716304779,True,True,True,True,True,True,True
gsm8k,gsm8k-train-001052,gsm8k-train-004929,0.811066746711731,True,True,True,True,True,True,True
gsm8k,gsm8k-train-001055,gsm8k-train-004865,0.5783129930496216,True,True,True,True,True,True,True
gsm8k,gsm8k-train-001068,gsm8k-train-005559,0.7871797680854797,True,True,True,True,True,True,True
gsm8k,gsm8k-train-001074,gsm8k-train-005416,0.6563034653663635,True,True,True,True,True,True,True
gsm8k,gsm8k-train-001075,gsm8k-train-001398,0.6769179105758667,True,True,True,True,True,False,True
gsm8k,gsm8k-train-001084,gsm8k-train-004632,0.7288322448730469,True,True,True,True,True,True,True
gsm8k,gsm8k-train-001090,gsm8k-train-007165,0.712558925151825,True,True,True,True,True,True,True
gsm8k,gsm8k-train-001096,gsm8k-train-007395,0.6670640707015991,True,True,True,True,True,True,True
gsm8k,gsm8k-train-001106,gsm8k-train-006292,0.6923990845680237,True,True,True,True,True,True,True
gsm8k,gsm8k-train-001110,gsm8k-train-006925,0.5764682292938232,True,True,True,True,True,True,True
gsm8k,gsm8k-train-001116,gsm8k-train-007220,0.7527567744255066,True,True,True,True,True,True,True
gsm8k,gsm8k-train-001117,gsm8k-train-001307,0.7483769059181213,True,True,True,True,True,True,True
gsm8k,gsm8k-train-001119,gsm8k-train-003934,0.7170572280883789,True,True,True,True,True,True,True
gsm8k,gsm8k-train-001121,gsm8k-train-000916,0.6271927952766418,True,True,True,False,True,True,True
gsm8k,gsm8k-train-001142,gsm8k-train-006117,0.9293803572654724,True,True,True,True,True,True,True
gsm8k,gsm8k-train-001152,gsm8k-train-007123,0.7087149024009705,False,,True,True,True,False,True
gsm8k,gsm8k-train-001163,gsm8k-train-000268,0.9621219635009766,True,True,True,True,True,True,True
gsm8k,gsm8k-train-001164,gsm8k-train-003601,0.7516904473304749,True,True,True,True,True,True,True
gsm8k,gsm8k-train-001168,gsm8k-train-005795,0.6307847499847412,True,True,True,True,True,True,True
gsm8k,gsm8k-train-001175,gsm8k-train-006867,0.7608626484870911,True,True,True,True,True,True,True
gsm8k,gsm8k-train-001186,gsm8k-train-002369,0.6621807813644409,True,True,True,True,True,True,True
gsm8k,gsm8k-train-001188,gsm8k-train-005295,0.7182739973068237,True,True,True,True,True,True,True
gsm8k,gsm8k-train-001197,gsm8k-train-005978,0.7918574213981628,True,True,True,True,True,True,True
gsm8k,gsm8k-train-001205,gsm8k-train-003174,0.568819522857666,True,True,True,True,True,True,True
gsm8k,gsm8k-train-001211,gsm8k-train-004294,0.7439368367195129,True,True,True,True,True,True,True
gsm8k,gsm8k-train-001216,gsm8k-train-001502,0.7277958393096924,,,True,True,False,True,False
gsm8k,gsm8k-train-001226,gsm8k-train-006812,0.7386397123336792,False,True,True,True,True,True,True
gsm8k,gsm8k-train-001238,gsm8k-train-000138,0.6631255149841309,False,True,True,True,True,True,True
gsm8k,gsm8k-train-001243,gsm8k-train-002186,0.649951159954071,True,True,True,True,True,True,True
gsm8k,gsm8k-train-001245,gsm8k-train-005608,0.7560446858406067,True,True,True,True,True,True,True
gsm8k,gsm8k-train-001249,gsm8k-train-001579,0.6376460790634155,True,True,True,True,True,True,True
gsm8k,gsm8k-train-001258,gsm8k-train-000230,0.6485447287559509,False,True,True,True,True,True,True
gsm8k,gsm8k-train-001260,gsm8k-train-000162,0.7561888694763184,True,True,True,True,True,True,True
gsm8k,gsm8k-train-001275,gsm8k-train-004133,0.5823063850402832,True,True,True,True,True,True,True
gsm8k,gsm8k-train-001277,gsm8k-train-002205,0.773810863494873,True,True,True,True,True,True,True
gsm8k,gsm8k-train-001279,gsm8k-train-002788,0.6354460716247559,True,True,False,True,True,True,True
gsm8k,gsm8k-train-001281,gsm8k-train-007462,0.6158521175384521,True,True,True,True,True,True,True
gsm8k,gsm8k-train-001284,gsm8k-train-004644,0.7426239848136902,True,True,True,True,True,True,True
gsm8k,gsm8k-train-001298,gsm8k-train-005402,0.6907525658607483,True,True,False,True,True,True,True
gsm8k,gsm8k-train-001315,gsm8k-train-004283,0.7793324589729309,True,True,True,True,True,True,True
gsm8k,gsm8k-train-001316,gsm8k-train-005673,0.8125144243240356,True,True,True,True,True,True,True
gsm8k,gsm8k-train-001324,gsm8k-train-004268,0.7445564866065979,True,True,True,True,True,True,True
gsm8k,gsm8k-train-001333,gsm8k-train-004036,0.7611068487167358,True,True,True,True,True,True,True
gsm8k,gsm8k-train-001339,gsm8k-train-003438,0.5978993773460388,True,True,True,True,True,True,True
gsm8k,gsm8k-train-001349,gsm8k-train-006003,0.6269510984420776,True,True,True,True,True,True,True
gsm8k,gsm8k-train-001351,gsm8k-train-005242,0.6726399660110474,True,True,True,True,True,True,True
gsm8k,gsm8k-train-001360,gsm8k-train-004449,0.6050865054130554,True,True,True,True,True,True,True
gsm8k,gsm8k-train-001361,gsm8k-train-003108,0.904601514339447,False,True,True,False,True,False,True
gsm8k,gsm8k-train-001363,gsm8k-train-007132,0.7435631155967712,True,True,False,False,True,False,True
gsm8k,gsm8k-train-001364,gsm8k-train-004214,0.726320207118988,True,True,True,True,True,True,True
gsm8k,gsm8k-train-001373,gsm8k-train-004042,0.6917567253112793,True,True,True,True,True,True,True
gsm8k,gsm8k-train-001376,gsm8k-train-004930,0.634677529335022,True,True,True,True,True,True,True
gsm8k,gsm8k-train-001387,gsm8k-train-001362,0.7496045231819153,True,True,True,True,True,True,True
gsm8k,gsm8k-train-001394,gsm8k-train-006052,0.7390362620353699,True,True,True,True,True,True,True
gsm8k,gsm8k-train-001406,gsm8k-train-004016,0.6105097532272339,True,True,True,False,True,,True
gsm8k,gsm8k-train-001412,gsm8k-train-001221,0.6713690161705017,True,True,,True,True,True,True
gsm8k,gsm8k-train-001415,gsm8k-train-003213,0.7555583119392395,True,True,True,True,True,True,True
gsm8k,gsm8k-train-001422,gsm8k-train-001317,0.512872040271759,,,True,True,False,True,False
gsm8k,gsm8k-train-001424,gsm8k-train-007289,0.6781090497970581,True,True,True,True,True,True,True
gsm8k,gsm8k-train-001446,gsm8k-train-001124,0.6596360802650452,True,True,True,True,True,True,True
gsm8k,gsm8k-train-001456,gsm8k-train-003280,0.734404444694519,,,True,True,False,True,False
gsm8k,gsm8k-train-001458,gsm8k-train-005141,0.8055160641670227,True,True,True,True,True,True,True
gsm8k,gsm8k-train-001482,gsm8k-train-004733,0.720911979675293,True,True,True,True,True,True,True
gsm8k,gsm8k-train-001484,gsm8k-train-000987,0.7533833384513855,True,True,False,True,True,True,True
gsm8k,gsm8k-train-001485,gsm8k-train-000413,0.6905463933944702,True,True,True,True,True,True,True
gsm8k,gsm8k-train-001491,gsm8k-train-001998,0.7277428507804871,True,True,True,True,True,True,True
gsm8k,gsm8k-train-001495,gsm8k-train-006153,0.7756050825119019,True,True,True,True,True,True,True
gsm8k,gsm8k-train-001512,gsm8k-train-005790,0.6118372678756714,True,True,True,True,True,True,True
gsm8k,gsm8k-train-001514,gsm8k-train-005932,0.6346877813339233,True,True,True,True,True,True,True
gsm8k,gsm8k-train-001517,gsm8k-train-005929,0.7973999977111816,True,True,True,True,True,True,True
gsm8k,gsm8k-train-001520,gsm8k-train-000704,0.8522241115570068,True,True,True,True,True,True,True
gsm8k,gsm8k-train-001529,gsm8k-train-005581,0.6526378989219666,True,True,True,True,True,True,True
gsm8k,gsm8k-train-001538,gsm8k-train-001962,0.823604166507721,True,True,True,True,True,True,True
gsm8k,gsm8k-train-001539,gsm8k-train-001618,0.640240490436554,True,True,True,True,True,True,True
gsm8k,gsm8k-train-001548,gsm8k-train-004878,0.6981815099716187,True,True,True,True,True,True,True
gsm8k,gsm8k-train-001553,gsm8k-train-005738,0.6675790548324585,True,True,True,True,True,True,True
gsm8k,gsm8k-train-001564,gsm8k-train-006761,0.7197847366333008,True,True,True,True,True,True,True
gsm8k,gsm8k-train-001573,gsm8k-train-003934,0.7347927093505859,True,True,True,True,True,True,True
gsm8k,gsm8k-train-001578,gsm8k-train-003219,0.7914770841598511,True,True,True,True,True,True,True
gsm8k,gsm8k-train-001599,gsm8k-train-005409,0.7415460348129272,True,True,True,True,True,True,True
gsm8k,gsm8k-train-001606,gsm8k-train-004130,0.6789121031761169,False,False,False,True,True,True,True
gsm8k,gsm8k-train-001610,gsm8k-train-001609,0.7723521590232849,True,True,True,True,True,True,True
gsm8k,gsm8k-train-001612,gsm8k-train-000345,0.748897910118103,True,True,True,True,True,True,True
gsm8k,gsm8k-train-001619,gsm8k-train-006495,0.6948952078819275,True,True,True,True,True,True,True
gsm8k,gsm8k-train-001622,gsm8k-train-006653,0.6662386059761047,True,True,True,True,True,True,True
gsm8k,gsm8k-train-001632,gsm8k-train-000793,0.7117021679878235,True,True,True,True,True,True,True
gsm8k,gsm8k-train-001638,gsm8k-train-002938,0.6835873126983643,True,True,True,False,True,True,True
gsm8k,gsm8k-train-001653,gsm8k-train-004711,0.8056605458259583,False,False,True,True,True,True,True
gsm8k,gsm8k-train-001658,gsm8k-train-005530,0.7888357639312744,True,True,True,True,True,True,True
gsm8k,gsm8k-train-001660,gsm8k-train-002591,0.729759931564331,True,True,True,True,True,True,True
gsm8k,gsm8k-train-001662,gsm8k-train-000582,0.7646480798721313,True,True,True,True,True,True,True
gsm8k,gsm8k-train-001663,gsm8k-train-006905,0.6471787691116333,True,True,True,True,True,True,True
gsm8k,gsm8k-train-001666,gsm8k-train-007172,0.7404175996780396,True,True,True,True,True,True,True
gsm8k,gsm8k-train-001668,gsm8k-train-002057,0.6825627684593201,True,True,True,True,True,True,True
gsm8k,gsm8k-train-001689,gsm8k-train-002797,0.6489740610122681,True,True,True,,True,False,True
gsm8k,gsm8k-train-001710,gsm8k-train-006189,0.523535966873169,True,True,True,True,True,True,True
gsm8k,gsm8k-train-001712,gsm8k-train-003007,0.7616723775863647,True,True,True,True,True,True,True
gsm8k,gsm8k-train-001724,gsm8k-train-002923,0.7297444939613342,True,True,True,True,True,True,True
gsm8k,gsm8k-train-001736,gsm8k-train-003155,0.732718288898468,True,True,True,True,True,True,True
gsm8k,gsm8k-train-001738,gsm8k-train-003763,0.7417059540748596,True,True,True,True,True,True,True
gsm8k,gsm8k-train-001740,gsm8k-train-000460,0.6102907657623291,True,True,True,True,True,True,True
gsm8k,gsm8k-train-001745,gsm8k-train-002324,0.8137071132659912,True,True,True,True,True,True,True
gsm8k,gsm8k-train-001749,gsm8k-train-004404,0.7867883443832397,True,True,True,True,True,True,True
gsm8k,gsm8k-train-001756,gsm8k-train-002336,0.7327898740768433,True,True,True,True,True,False,True
gsm8k,gsm8k-train-001768,gsm8k-train-002386,0.7923213243484497,True,True,True,True,True,True,True
gsm8k,gsm8k-train-001770,gsm8k-train-006236,0.6825225353240967,True,True,True,True,True,True,True
gsm8k,gsm8k-train-001771,gsm8k-train-000257,0.7861738801002502,True,True,True,True,True,True,True
gsm8k,gsm8k-train-001775,gsm8k-train-000532,0.6406139135360718,True,True,True,True,True,True,True
gsm8k,gsm8k-train-001784,gsm8k-train-004972,0.7233843803405762,True,True,True,True,True,True,True
gsm8k,gsm8k-train-001788,gsm8k-train-005129,0.5951576828956604,False,False,True,,True,True,True
gsm8k,gsm8k-train-001793,gsm8k-train-000433,0.7367791533470154,True,True,True,True,True,True,True
gsm8k,gsm8k-train-001803,gsm8k-train-007165,0.630066990852356,True,True,True,True,True,True,True
gsm8k,gsm8k-train-001808,gsm8k-train-001291,0.6244626045227051,True,True,True,True,True,True,True
gsm8k,gsm8k-train-001820,gsm8k-train-007206,0.7395947575569153,False,False,True,True,True,True,True
gsm8k,gsm8k-train-001821,gsm8k-train-006943,0.689636766910553,True,True,True,True,True,True,True
gsm8k,gsm8k-train-001832,gsm8k-train-000025,0.6812728643417358,True,True,True,True,True,True,True
gsm8k,gsm8k-train-001834,gsm8k-train-006515,0.7055070400238037,True,True,True,True,True,True,True
gsm8k,gsm8k-train-001843,gsm8k-train-000220,0.7965478301048279,True,True,True,True,True,True,True
gsm8k,gsm8k-train-001844,gsm8k-train-005864,0.6309300661087036,True,True,True,True,True,True,True
gsm8k,gsm8k-train-001849,gsm8k-train-003924,0.7127504348754883,True,True,True,True,True,True,True
gsm8k,gsm8k-train-001865,gsm8k-train-001069,0.8157439231872559,True,True,True,True,True,True,True
gsm8k,gsm8k-train-001883,gsm8k-train-002261,0.709263026714325,True,True,True,True,True,True,True
gsm8k,gsm8k-train-001890,gsm8k-train-005220,0.7197974324226379,True,True,True,True,True,True,True
gsm8k,gsm8k-train-001906,gsm8k-train-001420,0.62666255235672,True,True,True,True,True,True,True
gsm8k,gsm8k-train-001909,gsm8k-train-000365,0.6824780106544495,True,True,True,True,True,True,True
gsm8k,gsm8k-train-001914,gsm8k-train-000343,0.673900842666626,True,True,True,True,True,True,True
gsm8k,gsm8k-train-001917,gsm8k-train-000480,0.7064881920814514,True,True,True,True,True,True,True
gsm8k,gsm8k-train-001925,gsm8k-train-000755,0.7445114254951477,False,False,True,True,True,True,True
gsm8k,gsm8k-train-001947,gsm8k-train-002152,0.7503255605697632,True,True,True,True,True,True,True
gsm8k,gsm8k-train-001951,gsm8k-train-002029,0.7270830273628235,True,True,True,True,True,False,True
gsm8k,gsm8k-train-001952,gsm8k-train-002741,0.7874825596809387,True,True,True,True,True,True,True
gsm8k,gsm8k-train-001966,gsm8k-train-004047,0.7732829451560974,True,True,True,True,True,False,True
gsm8k,gsm8k-train-001976,gsm8k-train-005040,0.6533753275871277,True,True,True,True,True,True,True
gsm8k,gsm8k-train-002012,gsm8k-train-005510,0.8238738775253296,True,True,True,True,True,True,True
gsm8k,gsm8k-train-002014,gsm8k-train-004542,0.697858989238739,True,True,True,True,True,False,True
gsm8k,gsm8k-train-002017,gsm8k-train-003426,0.692008912563324,True,True,True,True,True,True,True
gsm8k,gsm8k-train-002031,gsm8k-train-003321,0.675718367099762,True,True,True,True,True,True,True
gsm8k,gsm8k-train-002034,gsm8k-train-002220,0.7517319917678833,False,False,True,True,True,True,True
gsm8k,gsm8k-train-002035,gsm8k-train-007447,0.7760887145996094,True,True,True,True,True,True,True
gsm8k,gsm8k-train-002042,gsm8k-train-001105,0.6944718360900879,True,True,True,True,True,True,True
gsm8k,gsm8k-train-002050,gsm8k-train-006838,0.7010809779167175,True,True,True,True,True,True,True
gsm8k,gsm8k-train-002055,gsm8k-train-007188,0.8140914440155029,True,True,True,True,True,True,True
gsm8k,gsm8k-train-002058,gsm8k-train-003767,0.768091082572937,True,True,True,True,True,True,True
gsm8k,gsm8k-train-002072,gsm8k-train-004354,0.6111432313919067,True,True,True,True,True,True,True
gsm8k,gsm8k-train-002073,gsm8k-train-000007,0.6902453303337097,True,True,True,True,True,True,True
gsm8k,gsm8k-train-002078,gsm8k-train-005528,0.6903305649757385,True,True,True,True,True,True,True
gsm8k,gsm8k-train-002089,gsm8k-train-004803,0.6888915300369263,True,True,True,True,True,True,True
gsm8k,gsm8k-train-002090,gsm8k-train-000296,0.7136510014533997,False,,True,True,True,True,True
gsm8k,gsm8k-train-002109,gsm8k-train-003055,0.5002306699752808,True,True,True,True,True,True,True
gsm8k,gsm8k-train-002113,gsm8k-train-006260,0.6556775569915771,True,True,True,True,True,True,True
gsm8k,gsm8k-train-002125,gsm8k-train-006957,0.7384106516838074,True,True,False,False,True,True,True
gsm8k,gsm8k-train-002135,gsm8k-train-003024,0.7240392565727234,True,True,True,True,True,True,True
gsm8k,gsm8k-train-002137,gsm8k-train-000582,0.782263457775116,True,True,True,True,True,True,True
gsm8k,gsm8k-train-002148,gsm8k-train-006761,0.7003927230834961,True,True,True,True,True,True,True
gsm8k,gsm8k-train-002150,gsm8k-train-001827,0.7466952800750732,True,True,True,True,True,True,True
gsm8k,gsm8k-train-002154,gsm8k-train-003116,0.5646553635597229,True,True,True,False,True,True,True
gsm8k,gsm8k-train-002158,gsm8k-train-001754,0.7273426651954651,True,True,True,True,True,True,True
gsm8k,gsm8k-train-002160,gsm8k-train-001797,0.8010371923446655,True,True,True,True,True,True,True
gsm8k,gsm8k-train-002177,gsm8k-train-006003,0.6341024041175842,True,True,True,True,True,True,True
gsm8k,gsm8k-train-002178,gsm8k-train-000459,0.7140132784843445,,,True,True,False,True,False
gsm8k,gsm8k-train-002179,gsm8k-train-005778,0.6952188014984131,True,True,True,False,True,True,True
gsm8k,gsm8k-train-002181,gsm8k-train-001395,0.6910825967788696,True,True,True,True,True,False,True
gsm8k,gsm8k-train-002196,gsm8k-train-003365,0.7658832669258118,True,True,True,True,True,True,True
gsm8k,gsm8k-train-002204,gsm8k-train-001159,0.6502818465232849,True,True,True,True,True,True,True
gsm8k,gsm8k-train-002208,gsm8k-train-004834,0.714369535446167,False,,True,True,True,True,True
gsm8k,gsm8k-train-002214,gsm8k-train-000516,0.7548737525939941,True,True,True,True,True,True,True
gsm8k,gsm8k-train-002227,gsm8k-train-000777,0.74419105052948,True,True,True,True,True,True,True
gsm8k,gsm8k-train-002244,gsm8k-train-003223,0.7866041660308838,True,True,True,True,True,True,True
gsm8k,gsm8k-train-002257,gsm8k-train-000115,0.9225819110870361,False,,True,True,True,True,True
gsm8k,gsm8k-train-002268,gsm8k-train-007175,0.6445914506912231,True,True,True,True,True,True,True
gsm8k,gsm8k-train-002274,gsm8k-train-006205,0.6916870474815369,True,True,True,True,True,True,True
gsm8k,gsm8k-train-002275,gsm8k-train-004656,0.8098563551902771,True,True,True,True,True,True,True
gsm8k,gsm8k-train-002288,gsm8k-train-000452,0.7353951334953308,True,True,True,True,True,True,True
gsm8k,gsm8k-train-002297,gsm8k-train-001252,0.8121886253356934,True,True,True,True,True,True,True
gsm8k,gsm8k-train-002305,gsm8k-train-006369,0.7509770393371582,True,True,True,True,True,True,True
gsm8k,gsm8k-train-002313,gsm8k-train-002611,0.6494464874267578,True,True,True,True,True,True,True
gsm8k,gsm8k-train-002315,gsm8k-train-004502,0.6489205956459045,True,True,True,True,True,True,True
gsm8k,gsm8k-train-002319,gsm8k-train-005246,0.6704154014587402,True,,True,True,True,True,True
gsm8k,gsm8k-train-002322,gsm8k-train-004646,0.6879541277885437,False,True,True,True,True,True,True
gsm8k,gsm8k-train-002333,gsm8k-train-001522,0.7090832591056824,True,True,True,True,True,True,True
gsm8k,gsm8k-train-002363,gsm8k-train-006942,0.6147472262382507,True,True,True,True,True,True,True
gsm8k,gsm8k-train-002368,gsm8k-train-005300,0.7235592007637024,True,True,True,True,True,True,True
gsm8k,gsm8k-train-002375,gsm8k-train-005792,0.6540220975875854,True,True,True,True,True,True,True
gsm8k,gsm8k-train-002380,gsm8k-train-006340,0.7128928899765015,True,True,True,True,True,True,True
gsm8k,gsm8k-train-002381,gsm8k-train-000240,0.6842675805091858,True,True,True,True,True,True,True
gsm8k,gsm8k-train-002389,gsm8k-train-000597,0.6185402274131775,True,True,True,True,True,True,True
gsm8k,gsm8k-train-002409,gsm8k-train-006258,0.710898220539093,True,,True,False,True,True,True
gsm8k,gsm8k-train-002425,gsm8k-train-005438,0.7773745059967041,False,True,True,True,True,True,True
gsm8k,gsm8k-train-002427,gsm8k-train-003876,0.7551771998405457,True,True,False,False,True,False,True
gsm8k,gsm8k-train-002428,gsm8k-train-004288,0.6025065779685974,True,True,True,True,True,True,True
gsm8k,gsm8k-train-002440,gsm8k-train-006516,0.6251656413078308,True,True,True,True,True,True,True
gsm8k,gsm8k-train-002447,gsm8k-train-006263,0.6773011088371277,True,True,True,True,True,True,True
gsm8k,gsm8k-train-002448,gsm8k-train-003123,0.6420876383781433,True,True,True,True,True,True,True
gsm8k,gsm8k-train-002454,gsm8k-train-005250,0.7194158434867859,True,True,True,True,True,True,True
gsm8k,gsm8k-train-002484,gsm8k-train-003295,0.6672090888023376,True,True,True,True,True,True,True
gsm8k,gsm8k-train-002486,gsm8k-train-006998,0.8122352957725525,True,True,False,,True,False,True
gsm8k,gsm8k-train-002492,gsm8k-train-005867,0.7455576658248901,False,True,True,True,True,True,True
gsm8k,gsm8k-train-002496,gsm8k-train-005835,0.6347411870956421,True,True,True,True,True,True,True
gsm8k,gsm8k-train-002505,gsm8k-train-003240,0.7036546468734741,True,True,True,,True,True,True
gsm8k,gsm8k-train-002509,gsm8k-train-005650,0.7215238809585571,True,True,True,True,True,True,True
gsm8k,gsm8k-train-002512,gsm8k-train-007122,0.647462785243988,True,True,True,True,True,True,True
gsm8k,gsm8k-train-002517,gsm8k-train-003232,0.7227771878242493,True,True,True,True,True,True,True
gsm8k,gsm8k-train-002529,gsm8k-train-005103,0.8603674173355103,True,True,True,True,True,True,True
gsm8k,gsm8k-train-002546,gsm8k-train-006545,0.7677290439605713,True,True,True,True,True,False,True
gsm8k,gsm8k-train-002551,gsm8k-train-001708,0.6881116628646851,False,False,True,True,True,True,True
gsm8k,gsm8k-train-002568,gsm8k-train-005770,0.660000741481781,True,True,True,True,True,True,True
gsm8k,gsm8k-train-002578,gsm8k-train-005209,0.7784305214881897,True,True,True,True,True,True,True
gsm8k,gsm8k-train-002580,gsm8k-train-003597,0.6941999197006226,True,True,True,True,True,True,True
gsm8k,gsm8k-train-002593,gsm8k-train-002710,0.8187780976295471,True,True,True,True,True,True,True
gsm8k,gsm8k-train-002607,gsm8k-train-000913,0.7112533450126648,False,True,True,True,True,True,True
gsm8k,gsm8k-train-002616,gsm8k-train-000690,0.6583245992660522,False,True,True,True,True,True,True
gsm8k,gsm8k-train-002621,gsm8k-train-001683,0.569580078125,True,True,True,True,True,True,True
gsm8k,gsm8k-train-002624,gsm8k-train-004252,0.786743700504303,True,True,True,True,True,False,True
gsm8k,gsm8k-train-002635,gsm8k-train-003111,0.8380509614944458,True,True,True,True,True,False,True
gsm8k,gsm8k-train-002637,gsm8k-train-004411,0.7396857738494873,True,True,True,True,True,True,True
gsm8k,gsm8k-train-002653,gsm8k-train-001111,0.79281085729599,True,,True,True,True,True,True
gsm8k,gsm8k-train-002674,gsm8k-train-005793,0.6801556348800659,True,True,False,False,True,False,True
gsm8k,gsm8k-train-002678,gsm8k-train-000006,0.7264322638511658,True,True,False,False,True,True,True
gsm8k,gsm8k-train-002688,gsm8k-train-003352,0.7203200459480286,True,True,True,True,True,True,True
gsm8k,gsm8k-train-002694,gsm8k-train-006082,0.7776311635971069,True,True,True,True,True,True,True
gsm8k,gsm8k-train-002698,gsm8k-train-001356,0.6735332012176514,True,True,True,True,True,True,True
gsm8k,gsm8k-train-002715,gsm8k-train-005957,0.7230461239814758,True,True,True,True,True,True,True
gsm8k,gsm8k-train-002722,gsm8k-train-005881,0.7435449361801147,True,True,True,True,True,True,True
gsm8k,gsm8k-train-002729,gsm8k-train-001181,0.7891779541969299,True,True,True,True,True,True,True
gsm8k,gsm8k-train-002734,gsm8k-train-006873,0.6949552893638611,True,True,True,True,True,True,True
gsm8k,gsm8k-train-002735,gsm8k-train-005894,0.8384202122688293,True,True,True,True,True,True,True
gsm8k,gsm8k-train-002739,gsm8k-train-001209,0.661139965057373,True,True,False,False,True,False,True
gsm8k,gsm8k-train-002760,gsm8k-train-000637,0.7442991137504578,True,True,False,,True,True,True
gsm8k,gsm8k-train-002767,gsm8k-train-001827,0.6984190344810486,True,True,True,True,True,,True
gsm8k,gsm8k-train-002770,gsm8k-train-004018,0.8175829648971558,True,True,,True,True,False,True
gsm8k,gsm8k-train-002803,gsm8k-train-006086,0.7612728476524353,True,True,True,True,True,True,True
gsm8k,gsm8k-train-002815,gsm8k-train-003799,0.7026640176773071,True,True,True,True,True,True,True
gsm8k,gsm8k-train-002847,gsm8k-train-004558,0.7161845564842224,True,True,True,True,True,True,True
gsm8k,gsm8k-train-002867,gsm8k-train-007156,0.6874565482139587,True,True,True,False,True,False,True
gsm8k,gsm8k-train-002872,gsm8k-train-004115,0.7428561449050903,True,True,True,True,True,True,True
gsm8k,gsm8k-train-002877,gsm8k-train-001755,0.7254899144172668,True,True,True,True,True,True,True
gsm8k,gsm8k-train-002891,gsm8k-train-006704,0.6049484610557556,True,True,True,False,True,True,True
gsm8k,gsm8k-train-002892,gsm8k-train-001755,0.7782354950904846,True,True,True,True,True,True,True
gsm8k,gsm8k-train-002894,gsm8k-train-002015,0.6859895586967468,True,True,True,True,True,True,True
gsm8k,gsm8k-train-002895,gsm8k-train-005569,0.7977463006973267,True,True,True,True,True,True,True
gsm8k,gsm8k-train-002898,gsm8k-train-005446,0.7638052701950073,True,True,True,False,True,True,True
gsm8k,gsm8k-train-002919,gsm8k-train-003551,0.5769426822662354,True,True,True,True,True,True,True
gsm8k,gsm8k-train-002926,gsm8k-train-007156,0.705396831035614,True,True,True,True,True,True,True
gsm8k,gsm8k-train-002930,gsm8k-train-002737,0.6883186101913452,True,True,True,True,True,True,True
gsm8k,gsm8k-train-002932,gsm8k-train-005375,0.5693467259407043,True,True,True,True,True,True,True
gsm8k,gsm8k-train-002935,gsm8k-train-002325,0.7810933589935303,True,True,True,True,True,True,True
gsm8k,gsm8k-train-002937,gsm8k-train-002060,0.6947283148765564,True,True,False,True,True,True,True
gsm8k,gsm8k-train-002939,gsm8k-train-007412,0.695306658744812,True,True,False,True,True,True,True
gsm8k,gsm8k-train-002949,gsm8k-train-004914,0.6921964287757874,True,True,,True,True,True,True
gsm8k,gsm8k-train-002955,gsm8k-train-003612,0.7004265189170837,True,True,True,True,True,True,True
gsm8k,gsm8k-train-002972,gsm8k-train-006032,0.7458498477935791,True,True,True,True,True,True,True
gsm8k,gsm8k-train-002991,gsm8k-train-001994,0.6806870698928833,True,True,True,True,True,True,True
gsm8k,gsm8k-train-002992,gsm8k-train-006164,0.7327181100845337,True,True,True,True,True,True,True
gsm8k,gsm8k-train-003003,gsm8k-train-000416,0.9568836688995361,True,True,True,True,True,True,True
gsm8k,gsm8k-train-003004,gsm8k-train-000334,0.7040749788284302,True,True,True,False,True,True,True
gsm8k,gsm8k-train-003025,gsm8k-train-007104,0.6968926191329956,True,True,True,True,True,True,True
gsm8k,gsm8k-train-003028,gsm8k-train-001526,0.6376738548278809,True,True,True,True,True,True,True
gsm8k,gsm8k-train-003041,gsm8k-train-001611,0.758347749710083,True,True,True,True,True,True,True
gsm8k,gsm8k-train-003050,gsm8k-train-003865,0.7488017678260803,False,False,True,True,True,True,True
gsm8k,gsm8k-train-003065,gsm8k-train-003948,0.6800715923309326,True,True,True,True,True,True,True
gsm8k,gsm8k-train-003069,gsm8k-train-000534,0.7089822888374329,True,True,True,False,True,True,True
gsm8k,gsm8k-train-003091,gsm8k-train-006103,0.7887991666793823,True,True,True,True,True,True,True
gsm8k,gsm8k-train-003094,gsm8k-train-001103,0.7002096772193909,True,True,True,False,True,True,True
gsm8k,gsm8k-train-003096,gsm8k-train-005715,0.5445895195007324,True,True,True,True,True,True,True
gsm8k,gsm8k-train-003101,gsm8k-train-007180,0.7067046165466309,True,True,True,True,True,True,True
gsm8k,gsm8k-train-003102,gsm8k-train-003598,0.6467824578285217,True,True,True,True,True,True,True
gsm8k,gsm8k-train-003103,gsm8k-train-001255,0.6994081735610962,True,True,True,True,True,True,True
gsm8k,gsm8k-train-003135,gsm8k-train-006580,0.757112979888916,True,True,True,True,True,True,True
gsm8k,gsm8k-train-003139,gsm8k-train-001252,0.7506646513938904,True,True,True,True,True,True,True
gsm8k,gsm8k-train-003150,gsm8k-train-006861,0.7520585060119629,True,True,True,True,True,True,True
gsm8k,gsm8k-train-003160,gsm8k-train-006006,0.8195958733558655,True,True,True,True,True,True,True
gsm8k,gsm8k-train-003161,gsm8k-train-002203,0.7573466897010803,True,True,True,True,True,True,True
gsm8k,gsm8k-train-003165,gsm8k-train-004304,0.6265426874160767,True,True,False,True,True,True,True
gsm8k,gsm8k-train-003179,gsm8k-train-007289,0.7013315558433533,True,True,True,True,True,True,True
gsm8k,gsm8k-train-003180,gsm8k-train-004162,0.6993199586868286,True,True,True,True,True,True,True
gsm8k,gsm8k-train-003184,gsm8k-train-006887,0.6577914357185364,True,True,True,True,True,True,True
gsm8k,gsm8k-train-003192,gsm8k-train-007007,0.695328950881958,True,True,True,True,True,True,True
gsm8k,gsm8k-train-003193,gsm8k-train-006573,0.5469600558280945,True,True,True,True,True,True,True
gsm8k,gsm8k-train-003197,gsm8k-train-001141,0.7629130482673645,True,True,True,True,True,True,True
gsm8k,gsm8k-train-003201,gsm8k-train-004080,0.7567554116249084,True,True,True,False,True,True,True
gsm8k,gsm8k-train-003205,gsm8k-train-006768,0.5666483044624329,False,,True,False,True,False,True
gsm8k,gsm8k-train-003209,gsm8k-train-005022,0.6485750079154968,True,True,True,True,True,True,True
gsm8k,gsm8k-train-003220,gsm8k-train-000676,0.7800432443618774,True,True,True,True,True,True,True
gsm8k,gsm8k-train-003225,gsm8k-train-001395,0.7189432382583618,True,True,True,True,True,True,True
gsm8k,gsm8k-train-003230,gsm8k-train-005575,0.6407203078269958,False,False,True,True,True,True,True
gsm8k,gsm8k-train-003244,gsm8k-train-001584,0.7109245657920837,True,True,False,False,True,True,True
gsm8k,gsm8k-train-003248,gsm8k-train-003606,0.636660635471344,True,True,True,True,True,True,True
gsm8k,gsm8k-train-003253,gsm8k-train-005099,0.7134861350059509,True,True,True,True,True,True,True
gsm8k,gsm8k-train-003267,gsm8k-train-003539,0.721856415271759,True,True,True,True,True,True,True
gsm8k,gsm8k-train-003270,gsm8k-train-002292,0.7072743773460388,True,True,True,True,True,True,True
gsm8k,gsm8k-train-003293,gsm8k-train-003137,0.7671880722045898,True,True,True,True,True,True,True
gsm8k,gsm8k-train-003304,gsm8k-train-004916,0.7958182096481323,True,True,False,False,True,False,True
gsm8k,gsm8k-train-003316,gsm8k-train-006038,0.7410698533058167,True,True,True,False,True,True,True
gsm8k,gsm8k-train-003328,gsm8k-train-002311,0.7528606653213501,True,True,True,True,True,True,True
gsm8k,gsm8k-train-003335,gsm8k-train-001752,0.6685440540313721,True,True,True,True,True,True,True
gsm8k,gsm8k-train-003341,gsm8k-train-000184,0.7739439606666565,False,False,True,True,True,True,True
gsm8k,gsm8k-train-003353,gsm8k-train-003895,0.749025285243988,True,True,True,True,True,False,True
gsm8k,gsm8k-train-003355,gsm8k-train-007401,0.7671043276786804,True,True,True,True,True,True,True
gsm8k,gsm8k-train-003356,gsm8k-train-003021,0.6365594863891602,True,True,True,True,True,True,True
gsm8k,gsm8k-train-003357,gsm8k-train-000025,0.7651059031486511,True,True,True,True,True,True,True
gsm8k,gsm8k-train-003370,gsm8k-train-005608,0.7387574315071106,True,True,True,True,True,False,True
gsm8k,gsm8k-train-003374,gsm8k-train-005529,0.6696624755859375,True,True,True,True,True,True,True
gsm8k,gsm8k-train-003379,gsm8k-train-003198,0.6894049048423767,True,True,True,True,True,True,True
gsm8k,gsm8k-train-003381,gsm8k-train-003836,0.8756786584854126,True,True,True,True,True,True,True
gsm8k,gsm8k-train-003391,gsm8k-train-005539,0.6910456418991089,True,True,False,False,True,False,True
gsm8k,gsm8k-train-003397,gsm8k-train-006728,0.6706252694129944,True,True,True,True,True,True,True
gsm8k,gsm8k-train-003400,gsm8k-train-002884,0.6899954676628113,True,True,True,True,True,True,True
gsm8k,gsm8k-train-003402,gsm8k-train-001536,0.7895233631134033,True,True,True,True,True,True,True
gsm8k,gsm8k-train-003408,gsm8k-train-000343,0.7244959473609924,True,True,False,True,True,True,True
gsm8k,gsm8k-train-003414,gsm8k-train-006008,0.8571070432662964,True,True,True,True,True,True,True
gsm8k,gsm8k-train-003419,gsm8k-train-006867,0.7364027500152588,True,True,True,True,True,True,True
gsm8k,gsm8k-train-003431,gsm8k-train-003710,0.6738928556442261,True,True,True,True,True,True,True
gsm8k,gsm8k-train-003440,gsm8k-train-005532,0.75454181432724,True,True,True,True,True,True,True
gsm8k,gsm8k-train-003446,gsm8k-train-007322,0.7450385689735413,True,True,True,True,True,False,True
gsm8k,gsm8k-train-003457,gsm8k-train-006682,0.6157379150390625,True,True,True,True,True,True,True
gsm8k,gsm8k-train-003459,gsm8k-train-004574,0.5609576106071472,True,True,True,True,True,True,True
gsm8k,gsm8k-train-003471,gsm8k-train-003266,0.6811047792434692,True,True,True,True,True,True,True
gsm8k,gsm8k-train-003483,gsm8k-train-004828,0.7307175993919373,True,True,True,True,True,True,True
gsm8k,gsm8k-train-003484,gsm8k-train-000465,0.6635963320732117,True,True,True,True,True,True,True
gsm8k,gsm8k-train-003486,gsm8k-train-000550,0.9041033983230591,True,True,True,True,True,True,True
gsm8k,gsm8k-train-003488,gsm8k-train-002354,0.6696414351463318,True,True,True,True,True,True,True
gsm8k,gsm8k-train-003489,gsm8k-train-006626,0.6320300102233887,True,True,True,False,True,True,True
gsm8k,gsm8k-train-003493,gsm8k-train-006748,0.7524028420448303,True,True,True,True,True,True,True
gsm8k,gsm8k-train-003494,gsm8k-train-001288,0.6388933658599854,True,True,True,True,True,True,True
gsm8k,gsm8k-train-003500,gsm8k-train-001586,0.5976154804229736,True,True,True,True,True,True,True
gsm8k,gsm8k-train-003510,gsm8k-train-005710,0.7385731339454651,True,True,True,True,True,True,True
gsm8k,gsm8k-train-003529,gsm8k-train-006191,0.6729884743690491,True,True,True,False,True,False,True
gsm8k,gsm8k-train-003535,gsm8k-train-006768,0.7391948103904724,False,,True,True,True,True,True
gsm8k,gsm8k-train-003536,gsm8k-train-002429,0.7109180688858032,True,True,True,True,True,True,True
gsm8k,gsm8k-train-003538,gsm8k-train-003527,0.6409971117973328,True,True,True,False,True,False,True
gsm8k,gsm8k-train-003541,gsm8k-train-004149,0.6930323839187622,False,True,True,True,True,True,True
gsm8k,gsm8k-train-003543,gsm8k-train-003227,0.6170706152915955,True,True,True,True,True,True,True
gsm8k,gsm8k-train-003550,gsm8k-train-005894,0.7914554476737976,True,True,True,True,True,True,True
gsm8k,gsm8k-train-003557,gsm8k-train-005497,0.7108860611915588,,True,True,True,False,True,False
gsm8k,gsm8k-train-003562,gsm8k-train-007294,0.6296223998069763,True,True,False,True,True,True,True
gsm8k,gsm8k-train-003564,gsm8k-train-006081,0.7270000576972961,True,True,True,False,True,True,True
gsm8k,gsm8k-train-003566,gsm8k-train-000133,0.7530516386032104,True,True,True,True,True,True,True
gsm8k,gsm8k-train-003575,gsm8k-train-004509,0.7858895659446716,True,True,False,True,True,True,True
gsm8k,gsm8k-train-003582,gsm8k-train-001521,0.7047618627548218,True,True,True,True,True,True,True
gsm8k,gsm8k-train-003592,gsm8k-train-007176,0.7150930166244507,True,True,True,True,True,True,True
gsm8k,gsm8k-train-003594,gsm8k-train-002783,0.6601219177246094,True,True,True,True,True,True,True
gsm8k,gsm8k-train-003610,gsm8k-train-004051,0.7497236728668213,True,True,True,True,True,True,True
gsm8k,gsm8k-train-003614,gsm8k-train-005113,0.6389880776405334,True,True,True,True,True,False,True
gsm8k,gsm8k-train-003617,gsm8k-train-004037,0.736406683921814,True,True,True,True,True,True,True
gsm8k,gsm8k-train-003620,gsm8k-train-004156,0.7038466334342957,True,True,True,True,True,True,True
gsm8k,gsm8k-train-003637,gsm8k-train-006285,0.5995162725448608,True,True,True,True,True,True,True
gsm8k,gsm8k-train-003650,gsm8k-train-001043,0.7678597569465637,True,True,True,True,True,False,True
gsm8k,gsm8k-train-003656,gsm8k-train-005932,0.6542215347290039,True,True,True,True,True,True,True
gsm8k,gsm8k-train-003666,gsm8k-train-004901,0.5838230848312378,True,True,True,True,True,True,True
gsm8k,gsm8k-train-003667,gsm8k-train-000003,0.8028762340545654,True,True,True,True,True,True,True
gsm8k,gsm8k-train-003709,gsm8k-train-000869,0.7273140549659729,True,True,False,True,True,True,True
gsm8k,gsm8k-train-003711,gsm8k-train-003318,0.7901246547698975,True,True,True,True,True,True,True
gsm8k,gsm8k-train-003718,gsm8k-train-005169,0.7501814365386963,False,True,True,True,True,True,True
gsm8k,gsm8k-train-003726,gsm8k-train-007203,0.6730664968490601,True,True,True,True,True,True,True
gsm8k,gsm8k-train-003751,gsm8k-train-004729,0.7444354891777039,True,True,True,True,True,True,True
gsm8k,gsm8k-train-003753,gsm8k-train-004034,0.7509718537330627,True,True,True,True,True,True,True
gsm8k,gsm8k-train-003761,gsm8k-train-007447,0.6803380846977234,True,True,False,True,True,True,True
gsm8k,gsm8k-train-003772,gsm8k-train-000372,0.5042791366577148,True,True,True,True,True,True,True
gsm8k,gsm8k-train-003774,gsm8k-train-000362,0.6653942465782166,True,True,True,True,True,True,True
gsm8k,gsm8k-train-003788,gsm8k-train-001802,0.746558427810669,True,,True,True,True,True,True
gsm8k,gsm8k-train-003791,gsm8k-train-006839,0.814665675163269,True,True,True,True,True,True,True
gsm8k,gsm8k-train-003794,gsm8k-train-004519,0.976206362247467,True,True,True,True,True,True,True
gsm8k,gsm8k-train-003797,gsm8k-train-003849,0.7260818481445312,True,True,True,True,True,True,True
gsm8k,gsm8k-train-003829,gsm8k-train-004916,0.7935617566108704,True,True,True,True,True,True,True
gsm8k,gsm8k-train-003832,gsm8k-train-005286,0.710030734539032,True,True,False,False,True,False,True
gsm8k,gsm8k-train-003844,gsm8k-train-001111,0.6340003609657288,True,,True,True,True,True,True
gsm8k,gsm8k-train-003860,gsm8k-train-005156,0.5738139748573303,True,,True,True,True,True,True
gsm8k,gsm8k-train-003881,gsm8k-train-005920,0.6232816576957703,True,True,True,True,True,True,True
gsm8k,gsm8k-train-003889,gsm8k-train-001227,0.7084774374961853,True,True,True,True,True,True,True
gsm8k,gsm8k-train-003894,gsm8k-train-005881,0.8405011892318726,True,True,True,False,True,True,True
gsm8k,gsm8k-train-003898,gsm8k-train-000701,0.7901265621185303,True,True,True,True,True,True,True
gsm8k,gsm8k-train-003912,gsm8k-train-003118,0.7832046747207642,True,True,True,False,True,True,True
gsm8k,gsm8k-train-003914,gsm8k-train-000516,0.6838092803955078,True,True,True,True,True,True,True
gsm8k,gsm8k-train-003926,gsm8k-train-005668,0.7203863263130188,True,True,True,True,True,True,True
gsm8k,gsm8k-train-003929,gsm8k-train-006350,0.6436510682106018,True,True,True,True,True,True,True
gsm8k,gsm8k-train-003931,gsm8k-train-001896,0.7102349400520325,True,True,True,True,True,True,True
gsm8k,gsm8k-train-003938,gsm8k-train-001506,0.7079593539237976,True,True,True,False,True,False,True
gsm8k,gsm8k-train-003939,gsm8k-train-007047,0.7683593034744263,True,True,True,True,True,True,True
gsm8k,gsm8k-train-003940,gsm8k-train-000392,0.6817885637283325,True,True,True,True,True,True,True
gsm8k,gsm8k-train-003944,gsm8k-train-001330,0.7402862310409546,True,True,True,True,True,True,True
gsm8k,gsm8k-train-003959,gsm8k-train-002356,0.7707372903823853,False,False,True,True,True,True,True
gsm8k,gsm8k-train-003962,gsm8k-train-005427,0.6558238863945007,True,True,True,True,True,True,True
gsm8k,gsm8k-train-003965,gsm8k-train-001066,0.7577142119407654,True,True,True,False,True,False,True
gsm8k,gsm8k-train-003968,gsm8k-train-001801,0.7819404602050781,True,True,True,True,True,True,True
gsm8k,gsm8k-train-003973,gsm8k-train-000940,0.7124239206314087,True,True,True,True,True,True,True
gsm8k,gsm8k-train-003977,gsm8k-train-004722,0.6894446015357971,True,True,True,True,True,True,True
gsm8k,gsm8k-train-003979,gsm8k-train-005881,0.7091397047042847,True,True,True,True,True,True,True
gsm8k,gsm8k-train-003989,gsm8k-train-003612,0.7736865282058716,True,True,True,True,True,True,True
gsm8k,gsm8k-train-003993,gsm8k-train-001177,0.7457255721092224,True,True,True,True,True,True,True
gsm8k,gsm8k-train-004038,gsm8k-train-006202,0.5668768286705017,True,True,True,True,True,True,True
gsm8k,gsm8k-train-004040,gsm8k-train-001097,0.7372705936431885,True,True,True,True,True,True,True
gsm8k,gsm8k-train-004041,gsm8k-train-006692,0.7121297717094421,True,True,True,True,True,True,True
gsm8k,gsm8k-train-004053,gsm8k-train-004276,0.666668176651001,True,True,True,True,True,True,True
gsm8k,gsm8k-train-004055,gsm8k-train-004104,0.7075168490409851,True,True,True,True,True,True,True
gsm8k,gsm8k-train-004059,gsm8k-train-007161,0.744274914264679,True,True,True,True,True,True,True
gsm8k,gsm8k-train-004063,gsm8k-train-003237,0.7164087295532227,True,True,True,True,True,True,True
gsm8k,gsm8k-train-004066,gsm8k-train-004241,0.7235907316207886,False,False,False,True,True,True,True
gsm8k,gsm8k-train-004087,gsm8k-train-005662,0.6660328507423401,True,True,True,True,True,True,True
gsm8k,gsm8k-train-004111,gsm8k-train-000511,0.742210865020752,True,True,True,True,True,True,True
gsm8k,gsm8k-train-004121,gsm8k-train-001522,0.5387023687362671,True,True,True,True,True,True,True
gsm8k,gsm8k-train-004138,gsm8k-train-007405,0.901435136795044,True,True,True,True,True,True,True
gsm8k,gsm8k-train-004145,gsm8k-train-002693,0.7213576436042786,True,True,False,True,True,True,True
gsm8k,gsm8k-train-004147,gsm8k-train-003164,0.7014460563659668,True,True,True,True,True,True,True
gsm8k,gsm8k-train-004152,gsm8k-train-003053,0.6999955177307129,True,True,True,True,True,False,True
gsm8k,gsm8k-train-004161,gsm8k-train-005355,0.7535482048988342,True,True,True,False,True,True,True
gsm8k,gsm8k-train-004178,gsm8k-train-005204,0.6929755210876465,True,True,True,True,True,True,True
gsm8k,gsm8k-train-004184,gsm8k-train-000028,0.6305716037750244,True,True,True,True,True,True,True
gsm8k,gsm8k-train-004185,gsm8k-train-001562,0.7213369607925415,True,True,True,False,True,True,True
gsm8k,gsm8k-train-004192,gsm8k-train-007253,0.7813305258750916,True,True,True,True,True,True,True
gsm8k,gsm8k-train-004195,gsm8k-train-004877,0.7428883910179138,True,True,True,True,True,True,True
gsm8k,gsm8k-train-004206,gsm8k-train-005975,0.7678393125534058,True,True,True,True,True,True,True
gsm8k,gsm8k-train-004207,gsm8k-train-000702,0.6914801597595215,True,True,True,True,True,True,True
gsm8k,gsm8k-train-004210,gsm8k-train-002233,0.6649155616760254,True,True,False,True,True,True,True
gsm8k,gsm8k-train-004225,gsm8k-train-005616,0.5738324522972107,False,,True,True,True,True,True
gsm8k,gsm8k-train-004229,gsm8k-train-006500,0.6310056447982788,True,True,True,True,True,True,True
gsm8k,gsm8k-train-004240,gsm8k-train-005953,0.7491311430931091,True,True,True,True,True,True,True
gsm8k,gsm8k-train-004258,gsm8k-train-005093,0.5343589186668396,True,True,True,True,True,,True
gsm8k,gsm8k-train-004266,gsm8k-train-004285,0.7775343656539917,True,True,True,True,True,True,True
gsm8k,gsm8k-train-004267,gsm8k-train-001903,0.5944133400917053,True,True,True,True,True,True,True
gsm8k,gsm8k-train-004275,gsm8k-train-002312,0.608445942401886,True,True,True,True,True,True,True
gsm8k,gsm8k-train-004279,gsm8k-train-000828,0.7637203931808472,True,True,True,True,True,True,True
gsm8k,gsm8k-train-004287,gsm8k-train-001767,0.5843062400817871,True,True,True,True,True,True,True
gsm8k,gsm8k-train-004300,gsm8k-train-003925,0.6350845098495483,True,True,True,True,True,True,True
gsm8k,gsm8k-train-004302,gsm8k-train-006685,0.7043952941894531,True,True,True,True,True,True,True
gsm8k,gsm8k-train-004307,gsm8k-train-003636,0.6758870482444763,False,True,True,True,True,True,True
gsm8k,gsm8k-train-004311,gsm8k-train-005929,0.7656134963035583,True,True,True,True,True,True,True
gsm8k,gsm8k-train-004329,gsm8k-train-004449,0.7463858723640442,True,True,True,True,True,True,True
gsm8k,gsm8k-train-004339,gsm8k-train-006468,0.7195177674293518,True,True,True,True,True,True,True
gsm8k,gsm8k-train-004340,gsm8k-train-005001,0.7425026893615723,True,True,True,True,True,True,True
gsm8k,gsm8k-train-004352,gsm8k-train-007118,0.7058987617492676,True,True,True,True,True,False,True
gsm8k,gsm8k-train-004355,gsm8k-train-006541,0.6522181034088135,True,True,True,True,True,True,True
gsm8k,gsm8k-train-004358,gsm8k-train-005467,0.7303365468978882,True,True,True,True,True,True,True
gsm8k,gsm8k-train-004361,gsm8k-train-000449,0.5994499325752258,True,True,True,True,True,True,True
gsm8k,gsm8k-train-004366,gsm8k-train-003117,0.6233591437339783,True,True,True,True,True,True,True
gsm8k,gsm8k-train-004377,gsm8k-train-004420,0.7136855721473694,True,True,True,True,True,,True
gsm8k,gsm8k-train-004380,gsm8k-train-004432,0.676077663898468,True,True,True,True,True,True,True
gsm8k,gsm8k-train-004382,gsm8k-train-007118,0.6607008576393127,True,True,True,False,True,False,True
gsm8k,gsm8k-train-004390,gsm8k-train-000788,0.6637852787971497,True,True,True,True,True,True,True
gsm8k,gsm8k-train-004407,gsm8k-train-007101,0.6043428778648376,True,True,True,True,True,False,True
gsm8k,gsm8k-train-004437,gsm8k-train-002037,0.6479515433311462,True,True,False,True,True,True,True
gsm8k,gsm8k-train-004439,gsm8k-train-006916,0.7793173789978027,False,True,True,True,True,True,True
gsm8k,gsm8k-train-004454,gsm8k-train-004445,0.7129641771316528,True,True,True,True,True,True,True
gsm8k,gsm8k-train-004465,gsm8k-train-002065,0.7050938010215759,True,True,True,True,True,True,True
gsm8k,gsm8k-train-004466,gsm8k-train-003628,0.6927356123924255,True,True,True,True,True,True,True
gsm8k,gsm8k-train-004476,gsm8k-train-004482,0.7186685800552368,True,True,True,True,True,True,True
gsm8k,gsm8k-train-004485,gsm8k-train-001233,0.671606719493866,True,True,True,True,True,True,True
gsm8k,gsm8k-train-004511,gsm8k-train-000865,0.6977701783180237,True,True,False,True,True,True,True
gsm8k,gsm8k-train-004517,gsm8k-train-004223,0.809990406036377,True,True,True,True,True,True,True
gsm8k,gsm8k-train-004568,gsm8k-train-005272,0.6351631879806519,True,True,True,False,True,True,True
gsm8k,gsm8k-train-004575,gsm8k-train-001076,0.7182454466819763,True,True,True,True,True,True,True
gsm8k,gsm8k-train-004583,gsm8k-train-005152,0.7599393725395203,True,True,True,False,True,True,True
gsm8k,gsm8k-train-004589,gsm8k-train-006092,0.6364700794219971,True,True,True,True,True,True,True
gsm8k,gsm8k-train-004590,gsm8k-train-001067,0.6913546323776245,True,True,True,True,True,True,True
gsm8k,gsm8k-train-004603,gsm8k-train-003417,0.6883675456047058,True,True,True,False,True,True,True
gsm8k,gsm8k-train-004607,gsm8k-train-006705,0.8548882603645325,True,True,True,True,True,True,True
gsm8k,gsm8k-train-004626,gsm8k-train-004533,0.701534628868103,True,True,True,True,True,True,True
gsm8k,gsm8k-train-004629,gsm8k-train-001091,0.6956676840782166,True,True,False,False,True,True,True
gsm8k,gsm8k-train-004633,gsm8k-train-004880,0.7496373057365417,True,True,False,False,True,False,True
gsm8k,gsm8k-train-004635,gsm8k-train-006400,0.7032590508460999,True,True,True,True,True,True,True
gsm8k,gsm8k-train-004637,gsm8k-train-004881,0.6932622194290161,True,True,True,True,True,True,True
gsm8k,gsm8k-train-004638,gsm8k-train-006219,0.7021543979644775,True,True,True,True,True,True,True
gsm8k,gsm8k-train-004645,gsm8k-train-000606,0.7511080503463745,True,True,True,True,True,True,True
gsm8k,gsm8k-train-004650,gsm8k-train-005718,0.748410701751709,True,True,True,True,True,True,True
gsm8k,gsm8k-train-004654,gsm8k-train-002689,0.7682079076766968,True,True,True,True,True,True,True
gsm8k,gsm8k-train-004655,gsm8k-train-007444,0.7079025506973267,True,True,True,True,True,True,True
gsm8k,gsm8k-train-004663,gsm8k-train-003513,0.6305660605430603,True,True,True,True,True,True,True
gsm8k,gsm8k-train-004665,gsm8k-train-000241,0.6619537472724915,True,True,True,True,True,True,True
gsm8k,gsm8k-train-004667,gsm8k-train-006369,0.7216185331344604,True,True,True,True,True,False,True
gsm8k,gsm8k-train-004669,gsm8k-train-000106,0.6929102540016174,True,True,True,True,True,True,True
gsm8k,gsm8k-train-004681,gsm8k-train-001901,0.7061669826507568,True,True,True,True,True,True,True
gsm8k,gsm8k-train-004689,gsm8k-train-002203,0.6781286597251892,True,True,True,True,True,True,True
gsm8k,gsm8k-train-004695,gsm8k-train-006658,0.6329804062843323,True,True,,True,True,True,True
gsm8k,gsm8k-train-004699,gsm8k-train-006498,0.7219483852386475,True,True,True,True,True,True,True
gsm8k,gsm8k-train-004700,gsm8k-train-005242,0.659358024597168,True,True,True,True,True,True,True
gsm8k,gsm8k-train-004704,gsm8k-train-005204,0.7142054438591003,True,True,True,True,True,True,True
gsm8k,gsm8k-train-004706,gsm8k-train-003156,0.769086480140686,True,True,True,True,True,False,True
gsm8k,gsm8k-train-004707,gsm8k-train-001286,0.7048624753952026,True,True,True,True,True,True,True
gsm8k,gsm8k-train-004714,gsm8k-train-007175,0.6463369131088257,True,True,True,True,True,False,True
gsm8k,gsm8k-train-004717,gsm8k-train-003095,0.6715260744094849,True,True,True,True,True,True,True
gsm8k,gsm8k-train-004718,gsm8k-train-000094,0.8430423140525818,True,True,True,True,True,True,True
gsm8k,gsm8k-train-004719,gsm8k-train-006431,0.7529796957969666,True,True,True,True,True,True,True
gsm8k,gsm8k-train-004737,gsm8k-train-001097,0.7815526723861694,True,True,True,True,True,True,True
gsm8k,gsm8k-train-004758,gsm8k-train-000699,0.7250240445137024,False,,True,True,True,True,True
gsm8k,gsm8k-train-004760,gsm8k-train-007159,0.7077803611755371,True,True,True,True,True,True,True
gsm8k,gsm8k-train-004765,gsm8k-train-006667,0.6725974678993225,True,True,True,True,True,True,True
gsm8k,gsm8k-train-004770,gsm8k-train-004236,0.7135359644889832,True,True,True,False,True,True,True
gsm8k,gsm8k-train-004779,gsm8k-train-003307,0.761348307132721,True,True,True,False,True,True,True
gsm8k,gsm8k-train-004782,gsm8k-train-001497,0.9374998211860657,False,False,True,True,True,True,True
gsm8k,gsm8k-train-004792,gsm8k-train-006479,0.7071377635002136,True,True,True,True,True,True,True
gsm8k,gsm8k-train-004797,gsm8k-train-002100,0.7681039571762085,True,True,True,True,True,True,True
gsm8k,gsm8k-train-004805,gsm8k-train-006680,0.5492435097694397,True,True,True,True,True,True,True
gsm8k,gsm8k-train-004806,gsm8k-train-001160,0.6692971587181091,True,True,True,True,True,True,True
gsm8k,gsm8k-train-004807,gsm8k-train-005131,0.6590306758880615,True,True,True,True,True,True,True
gsm8k,gsm8k-train-004817,gsm8k-train-007219,0.7324821949005127,True,True,True,True,True,True,True
gsm8k,gsm8k-train-004825,gsm8k-train-001021,0.6416563987731934,True,True,True,True,True,True,True
gsm8k,gsm8k-train-004833,gsm8k-train-000783,0.7962169647216797,True,True,True,True,True,True,True
gsm8k,gsm8k-train-004849,gsm8k-train-003863,0.8142176270484924,True,True,True,True,True,True,True
gsm8k,gsm8k-train-004852,gsm8k-train-000248,0.6878833174705505,True,True,True,True,True,True,True
gsm8k,gsm8k-train-004860,gsm8k-train-003206,0.7161855697631836,True,True,True,False,True,False,True
gsm8k,gsm8k-train-004867,gsm8k-train-000261,0.7802702784538269,False,,True,True,True,True,True
gsm8k,gsm8k-train-004890,gsm8k-train-002162,0.7847815752029419,True,True,True,True,True,True,True
gsm8k,gsm8k-train-004908,gsm8k-train-001157,0.5948418378829956,True,True,True,True,True,True,True
gsm8k,gsm8k-train-004911,gsm8k-train-005398,0.625952422618866,True,True,True,True,True,True,True
gsm8k,gsm8k-train-004921,gsm8k-train-001069,0.7654656767845154,True,True,True,False,True,True,True
gsm8k,gsm8k-train-004928,gsm8k-train-003897,0.6734002828598022,True,True,True,True,True,True,True
gsm8k,gsm8k-train-004932,gsm8k-train-001589,0.7954791784286499,True,True,True,True,True,True,True
gsm8k,gsm8k-train-004943,gsm8k-train-001097,0.7123526930809021,True,True,True,False,True,False,True
gsm8k,gsm8k-train-004944,gsm8k-train-002094,0.7826504111289978,True,True,True,True,True,True,True
gsm8k,gsm8k-train-004950,gsm8k-train-007039,0.7273728251457214,True,True,True,True,True,True,True
gsm8k,gsm8k-train-004978,gsm8k-train-004410,0.7136604189872742,True,True,True,True,True,True,True
gsm8k,gsm8k-train-004982,gsm8k-train-006356,0.7222161293029785,True,True,True,True,True,True,True
gsm8k,gsm8k-train-005000,gsm8k-train-004419,0.7230290174484253,False,False,True,True,True,True,True
gsm8k,gsm8k-train-005006,gsm8k-train-006687,0.782264769077301,True,True,True,True,True,True,True
gsm8k,gsm8k-train-005011,gsm8k-train-005741,0.670610249042511,True,True,True,True,True,True,True
gsm8k,gsm8k-train-005019,gsm8k-train-005036,0.6444584131240845,True,True,False,True,True,False,True
gsm8k,gsm8k-train-005023,gsm8k-train-006494,0.5536461472511292,True,True,True,True,True,True,True
gsm8k,gsm8k-train-005032,gsm8k-train-001579,0.6330240964889526,True,True,True,True,True,True,True
gsm8k,gsm8k-train-005046,gsm8k-train-005497,0.8142606616020203,,True,True,True,False,False,False
gsm8k,gsm8k-train-005064,gsm8k-train-003702,0.7370995879173279,False,,True,True,True,True,True
gsm8k,gsm8k-train-005069,gsm8k-train-000132,0.7837111949920654,True,True,True,True,True,True,True
gsm8k,gsm8k-train-005074,gsm8k-train-003358,0.6417204737663269,True,True,True,True,True,True,True
gsm8k,gsm8k-train-005079,gsm8k-train-004327,0.7167313694953918,,,True,True,False,True,False
gsm8k,gsm8k-train-005110,gsm8k-train-003955,0.7062658667564392,True,True,True,True,True,True,True
gsm8k,gsm8k-train-005130,gsm8k-train-005857,0.8124279379844666,True,True,True,True,True,True,True
gsm8k,gsm8k-train-005135,gsm8k-train-003539,0.7094622850418091,True,True,True,True,True,True,True
gsm8k,gsm8k-train-005143,gsm8k-train-004153,0.6425950527191162,True,True,True,True,True,True,True
gsm8k,gsm8k-train-005153,gsm8k-train-007384,0.5901874303817749,True,True,True,True,True,True,True
gsm8k,gsm8k-train-005154,gsm8k-train-004929,0.7655332684516907,True,True,True,False,True,,True
gsm8k,gsm8k-train-005160,gsm8k-train-004244,0.6730384230613708,True,True,True,True,True,True,True
gsm8k,gsm8k-train-005165,gsm8k-train-000684,0.7962940335273743,True,True,True,False,True,True,True
gsm8k,gsm8k-train-005173,gsm8k-train-007444,0.7354700565338135,True,True,True,True,True,True,True
gsm8k,gsm8k-train-005174,gsm8k-train-004290,0.6350945830345154,True,True,False,True,True,True,True
gsm8k,gsm8k-train-005180,gsm8k-train-000685,0.9164077043533325,True,True,True,True,True,True,True
gsm8k,gsm8k-train-005181,gsm8k-train-005935,0.6772697567939758,True,True,True,False,True,False,True
gsm8k,gsm8k-train-005188,gsm8k-train-005581,0.8695002198219299,True,True,True,True,True,True,True
gsm8k,gsm8k-train-005189,gsm8k-train-006125,0.8435471653938293,True,True,True,False,True,False,True
gsm8k,gsm8k-train-005192,gsm8k-train-000761,0.6605055332183838,True,True,True,True,True,True,True
gsm8k,gsm8k-train-005197,gsm8k-train-004427,0.704832136631012,True,True,True,True,True,True,True
gsm8k,gsm8k-train-005198,gsm8k-train-001450,0.7981488704681396,True,True,True,False,True,True,True
gsm8k,gsm8k-train-005221,gsm8k-train-000542,0.7554259300231934,True,True,True,True,True,True,True
gsm8k,gsm8k-train-005231,gsm8k-train-005609,0.6984495520591736,True,True,True,True,True,True,True
gsm8k,gsm8k-train-005235,gsm8k-train-001257,0.6494535207748413,True,True,True,True,True,True,True
gsm8k,gsm8k-train-005236,gsm8k-train-003545,0.7541893720626831,True,True,True,True,True,True,True
gsm8k,gsm8k-train-005241,gsm8k-train-007000,0.7533610463142395,True,True,True,True,True,True,True
gsm8k,gsm8k-train-005253,gsm8k-train-003507,0.7807193994522095,True,True,True,True,True,True,True
gsm8k,gsm8k-train-005257,gsm8k-train-005668,0.7358902096748352,True,True,True,True,True,True,True
gsm8k,gsm8k-train-005260,gsm8k-train-004294,0.7254641056060791,True,True,True,True,True,True,True
gsm8k,gsm8k-train-005275,gsm8k-train-003164,0.7656128406524658,True,True,True,True,True,True,True
gsm8k,gsm8k-train-005285,gsm8k-train-006057,0.6566064953804016,True,True,True,True,True,True,True
gsm8k,gsm8k-train-005289,gsm8k-train-005238,0.7433972358703613,True,True,False,False,True,False,True
gsm8k,gsm8k-train-005298,gsm8k-train-004653,0.7334417700767517,True,True,True,True,True,True,True
gsm8k,gsm8k-train-005309,gsm8k-train-000317,0.7137106657028198,True,True,True,True,True,True,True
gsm8k,gsm8k-train-005314,gsm8k-train-000025,0.6629596948623657,True,True,True,True,True,True,True
gsm8k,gsm8k-train-005326,gsm8k-train-003708,0.8086434602737427,True,True,True,True,True,True,True
gsm8k,gsm8k-train-005333,gsm8k-train-003532,0.6725587844848633,True,True,True,,True,True,True
gsm8k,gsm8k-train-005334,gsm8k-train-005932,0.7768579125404358,True,True,True,True,True,True,True
gsm8k,gsm8k-train-005349,gsm8k-train-005569,0.7870582342147827,True,True,True,True,True,True,True
gsm8k,gsm8k-train-005358,gsm8k-train-001222,0.7141635417938232,True,True,True,True,True,False,True
gsm8k,gsm8k-train-005361,gsm8k-train-002367,0.6928676962852478,True,True,True,True,True,False,True
gsm8k,gsm8k-train-005364,gsm8k-train-006812,0.6962664723396301,False,True,True,True,True,True,True
gsm8k,gsm8k-train-005377,gsm8k-train-002708,0.8000200986862183,True,True,True,True,True,True,True
gsm8k,gsm8k-train-005380,gsm8k-train-003955,0.7148186564445496,True,True,True,True,True,True,True
gsm8k,gsm8k-train-005382,gsm8k-train-004914,0.6474937796592712,True,True,True,True,True,True,True
gsm8k,gsm8k-train-005383,gsm8k-train-005105,0.6833916902542114,True,True,True,True,True,True,True
gsm8k,gsm8k-train-005411,gsm8k-train-005201,0.7395378351211548,True,True,True,True,True,True,True
gsm8k,gsm8k-train-005418,gsm8k-train-000374,0.6224156618118286,True,True,True,True,True,True,True
gsm8k,gsm8k-train-005426,gsm8k-train-003214,0.772161066532135,True,True,True,True,True,True,True
gsm8k,gsm8k-train-005435,gsm8k-train-006429,0.7361510992050171,True,True,True,True,True,True,True
gsm8k,gsm8k-train-005437,gsm8k-train-004408,0.6896219849586487,False,False,True,True,True,True,True
gsm8k,gsm8k-train-005443,gsm8k-train-003864,0.6456577181816101,True,True,True,True,True,True,True
gsm8k,gsm8k-train-005445,gsm8k-train-000525,0.7455539703369141,True,True,True,True,True,True,True
gsm8k,gsm8k-train-005453,gsm8k-train-002759,0.7615304589271545,True,True,True,True,True,True,True
gsm8k,gsm8k-train-005459,gsm8k-train-002025,0.7114435434341431,False,False,True,True,True,True,True
gsm8k,gsm8k-train-005470,gsm8k-train-000453,0.664829432964325,True,True,True,True,True,True,True
gsm8k,gsm8k-train-005474,gsm8k-train-002197,0.5784845352172852,True,True,True,True,True,True,True
gsm8k,gsm8k-train-005494,gsm8k-train-004952,0.838024377822876,True,True,True,True,True,True,True
gsm8k,gsm8k-train-005498,gsm8k-train-002254,0.693361222743988,True,True,True,True,True,False,True
gsm8k,gsm8k-train-005517,gsm8k-train-006893,0.6454039216041565,True,True,True,True,True,True,True
gsm8k,gsm8k-train-005520,gsm8k-train-004187,0.7302953004837036,False,True,False,False,True,False,True
gsm8k,gsm8k-train-005525,gsm8k-train-002029,0.7940683364868164,True,True,True,True,True,True,True
gsm8k,gsm8k-train-005533,gsm8k-train-004533,0.7406485080718994,True,True,True,True,True,False,True
gsm8k,gsm8k-train-005535,gsm8k-train-007123,0.6160973310470581,False,,True,True,True,True,True
gsm8k,gsm8k-train-005537,gsm8k-train-003741,0.7044071555137634,True,True,True,True,True,True,True
gsm8k,gsm8k-train-005551,gsm8k-train-005556,0.9381486773490906,True,True,True,True,True,True,True
gsm8k,gsm8k-train-005571,gsm8k-train-002953,0.749182403087616,True,True,True,True,True,True,True
gsm8k,gsm8k-train-005586,gsm8k-train-005688,0.7630522847175598,True,True,True,True,True,True,True
gsm8k,gsm8k-train-005604,gsm8k-train-005891,0.7362810373306274,False,True,False,False,True,False,True
gsm8k,gsm8k-train-005613,gsm8k-train-001365,0.708530843257904,True,True,True,True,True,True,True
gsm8k,gsm8k-train-005614,gsm8k-train-005246,0.7378339767456055,True,,True,,True,True,True
gsm8k,gsm8k-train-005632,gsm8k-train-000285,0.7755625247955322,True,True,True,True,True,True,True
gsm8k,gsm8k-train-005636,gsm8k-train-004986,0.6649301648139954,True,True,True,True,True,True,True
gsm8k,gsm8k-train-005640,gsm8k-train-001027,0.6765843629837036,True,True,True,True,True,True,True
gsm8k,gsm8k-train-005643,gsm8k-train-001288,0.7939499616622925,True,True,True,True,True,True,True
gsm8k,gsm8k-train-005656,gsm8k-train-002310,0.6344960927963257,True,True,True,False,True,True,True
gsm8k,gsm8k-train-005663,gsm8k-train-000065,0.7881410121917725,True,True,True,True,True,True,True
gsm8k,gsm8k-train-005671,gsm8k-train-004334,0.7479140162467957,True,True,True,True,True,True,True
gsm8k,gsm8k-train-005686,gsm8k-train-005409,0.7555867433547974,True,True,True,True,True,True,True
gsm8k,gsm8k-train-005687,gsm8k-train-006785,0.7817121744155884,True,True,True,True,True,True,True
gsm8k,gsm8k-train-005695,gsm8k-train-006596,0.6161327958106995,True,True,True,True,True,True,True
gsm8k,gsm8k-train-005698,gsm8k-train-003584,0.7275001406669617,True,True,True,True,True,True,True
gsm8k,gsm8k-train-005699,gsm8k-train-006192,0.7546949982643127,True,True,True,True,True,True,True
gsm8k,gsm8k-train-005702,gsm8k-train-004771,0.7488570213317871,True,True,True,True,True,True,True
gsm8k,gsm8k-train-005703,gsm8k-train-004812,0.7266414761543274,True,True,True,True,True,True,True
gsm8k,gsm8k-train-005707,gsm8k-train-003366,0.6820218563079834,True,True,True,True,True,True,True
gsm8k,gsm8k-train-005726,gsm8k-train-003133,0.6618806719779968,True,True,True,False,True,False,True
gsm8k,gsm8k-train-005731,gsm8k-train-001719,0.6802282929420471,True,True,True,True,True,True,True
gsm8k,gsm8k-train-005735,gsm8k-train-001504,0.6168016791343689,True,True,False,,True,False,True
gsm8k,gsm8k-train-005737,gsm8k-train-005721,0.8230732679367065,True,True,True,True,True,True,True
gsm8k,gsm8k-train-005739,gsm8k-train-004430,0.7252529859542847,False,,True,True,True,True,True
gsm8k,gsm8k-train-005750,gsm8k-train-003597,0.6233771443367004,True,True,True,True,True,True,True
gsm8k,gsm8k-train-005752,gsm8k-train-007386,0.7147979736328125,True,True,True,True,True,True,True
gsm8k,gsm8k-train-005756,gsm8k-train-003978,0.6611122488975525,True,True,True,True,True,True,True
gsm8k,gsm8k-train-005764,gsm8k-train-003001,0.6751094460487366,True,,True,True,True,True,True
gsm8k,gsm8k-train-005765,gsm8k-train-000840,0.7451661825180054,True,True,True,False,True,False,True
gsm8k,gsm8k-train-005773,gsm8k-train-000028,0.6955722570419312,True,True,True,True,True,True,True
gsm8k,gsm8k-train-005779,gsm8k-train-006903,0.7637235522270203,True,True,True,True,True,True,True
gsm8k,gsm8k-train-005783,gsm8k-train-001835,0.7407253980636597,True,True,True,False,True,True,True
gsm8k,gsm8k-train-005788,gsm8k-train-003927,0.7135999202728271,True,True,False,True,True,True,True
gsm8k,gsm8k-train-005789,gsm8k-train-007023,0.7953581809997559,True,True,True,True,True,True,True
gsm8k,gsm8k-train-005807,gsm8k-train-001737,0.5371778011322021,True,True,True,True,True,True,True
gsm8k,gsm8k-train-005812,gsm8k-train-000062,0.7090643048286438,True,True,True,True,True,True,True
gsm8k,gsm8k-train-005816,gsm8k-train-005541,0.6388807892799377,False,False,True,True,True,True,True
gsm8k,gsm8k-train-005817,gsm8k-train-003811,0.7106912732124329,True,True,False,False,True,True,True
gsm8k,gsm8k-train-005822,gsm8k-train-006342,0.6711867451667786,True,True,True,True,True,True,True
gsm8k,gsm8k-train-005823,gsm8k-train-005320,0.7545364499092102,True,,True,True,True,True,True
gsm8k,gsm8k-train-005832,gsm8k-train-000507,0.716178834438324,True,True,True,True,True,False,True
gsm8k,gsm8k-train-005837,gsm8k-train-004677,0.7149543166160583,True,True,False,False,True,True,True
gsm8k,gsm8k-train-005838,gsm8k-train-001999,0.659678041934967,True,True,True,True,True,True,True
gsm8k,gsm8k-train-005850,gsm8k-train-001746,0.7620388865470886,,True,True,True,False,True,False
gsm8k,gsm8k-train-005851,gsm8k-train-003502,0.6496664881706238,True,True,True,True,True,True,True
gsm8k,gsm8k-train-005855,gsm8k-train-004731,0.6917200088500977,True,True,False,True,True,True,True
gsm8k,gsm8k-train-005862,gsm8k-train-005274,0.7743009924888611,True,True,True,True,True,True,True
gsm8k,gsm8k-train-005875,gsm8k-train-004703,0.7028573751449585,True,True,True,True,True,True,True
gsm8k,gsm8k-train-005888,gsm8k-train-003957,0.8304277658462524,True,True,True,True,True,False,True
gsm8k,gsm8k-train-005890,gsm8k-train-006470,0.7937087416648865,True,True,False,,True,False,True
gsm8k,gsm8k-train-005903,gsm8k-train-005797,0.8032121658325195,True,True,True,True,True,True,True
gsm8k,gsm8k-train-005912,gsm8k-train-000223,0.7779773473739624,True,True,False,True,True,False,True
gsm8k,gsm8k-train-005913,gsm8k-train-005264,0.8051860928535461,True,True,True,True,True,True,True
gsm8k,gsm8k-train-005914,gsm8k-train-003597,0.739834725856781,True,True,True,True,True,True,True
gsm8k,gsm8k-train-005917,gsm8k-train-001427,0.7371863722801208,True,True,True,True,True,True,True
gsm8k,gsm8k-train-005931,gsm8k-train-006003,0.7402662038803101,True,True,True,False,True,True,True
gsm8k,gsm8k-train-005941,gsm8k-train-001396,0.8007209897041321,True,True,True,,True,True,True
gsm8k,gsm8k-train-005942,gsm8k-train-004420,0.7634986042976379,True,True,True,True,True,True,True
gsm8k,gsm8k-train-005952,gsm8k-train-001489,0.6809690594673157,True,True,True,True,True,True,True
gsm8k,gsm8k-train-005961,gsm8k-train-004853,0.5650546550750732,True,True,True,True,True,False,True
gsm8k,gsm8k-train-005983,gsm8k-train-007165,0.6808807849884033,True,True,True,True,True,True,True
gsm8k,gsm8k-train-005994,gsm8k-train-006411,0.6466200947761536,True,True,True,True,True,True,True
gsm8k,gsm8k-train-005996,gsm8k-train-005384,0.8240634799003601,True,True,True,True,True,True,True
gsm8k,gsm8k-train-005998,gsm8k-train-001227,0.690156877040863,True,True,True,True,True,True,True
gsm8k,gsm8k-train-006004,gsm8k-train-004761,0.7392951846122742,True,True,True,True,True,True,True
gsm8k,gsm8k-train-006012,gsm8k-train-005968,0.6815858483314514,True,True,True,True,True,False,True
gsm8k,gsm8k-train-006020,gsm8k-train-007359,0.7871695160865784,True,True,False,True,True,False,True
gsm8k,gsm8k-train-006023,gsm8k-train-000251,0.7363499999046326,True,True,True,True,True,True,True
gsm8k,gsm8k-train-006024,gsm8k-train-006382,0.7056464552879333,True,,True,True,True,True,True
gsm8k,gsm8k-train-006025,gsm8k-train-003217,0.7394357919692993,True,True,True,True,True,True,True
gsm8k,gsm8k-train-006030,gsm8k-train-001314,0.8014733195304871,True,True,True,True,True,True,True
gsm8k,gsm8k-train-006031,gsm8k-train-002716,0.86483234167099,True,True,True,True,True,True,True
gsm8k,gsm8k-train-006039,gsm8k-train-006515,0.6634203791618347,True,True,True,True,True,True,True
gsm8k,gsm8k-train-006045,gsm8k-train-000666,0.7076615691184998,True,True,True,True,True,True,True
gsm8k,gsm8k-train-006046,gsm8k-train-001984,0.7266346216201782,True,True,True,True,True,True,True
gsm8k,gsm8k-train-006047,gsm8k-train-000238,0.8015355467796326,True,True,True,True,True,True,True
gsm8k,gsm8k-train-006048,gsm8k-train-006219,0.7352173924446106,True,True,True,True,True,True,True
gsm8k,gsm8k-train-006055,gsm8k-train-002829,0.7340239882469177,True,True,True,True,True,True,True
gsm8k,gsm8k-train-006060,gsm8k-train-006648,0.8077704310417175,True,True,True,True,True,True,True
gsm8k,gsm8k-train-006063,gsm8k-train-003532,0.7224543690681458,True,True,True,True,True,True,True
gsm8k,gsm8k-train-006065,gsm8k-train-002151,0.7777437567710876,True,True,True,True,True,True,True
gsm8k,gsm8k-train-006088,gsm8k-train-000968,0.7116793990135193,True,True,True,True,True,True,True
gsm8k,gsm8k-train-006091,gsm8k-train-002122,0.6588663458824158,True,True,True,True,True,True,True
gsm8k,gsm8k-train-006111,gsm8k-train-000525,0.7757232189178467,True,True,True,True,True,True,True
gsm8k,gsm8k-train-006114,gsm8k-train-001492,0.7615070343017578,True,True,True,True,True,True,True
gsm8k,gsm8k-train-006137,gsm8k-train-004771,0.7122958302497864,True,True,True,True,True,True,True
gsm8k,gsm8k-train-006144,gsm8k-train-000828,0.657103955745697,True,True,True,True,True,True,True
gsm8k,gsm8k-train-006148,gsm8k-train-000807,0.622174859046936,True,True,True,True,True,True,True
gsm8k,gsm8k-train-006149,gsm8k-train-004209,0.7677276730537415,True,True,True,True,True,False,True
gsm8k,gsm8k-train-006154,gsm8k-train-006375,0.524069607257843,True,True,True,True,True,True,True
gsm8k,gsm8k-train-006156,gsm8k-train-005724,0.774357259273529,True,True,True,True,True,False,True
gsm8k,gsm8k-train-006169,gsm8k-train-000390,0.7971838712692261,True,True,True,True,True,,True
gsm8k,gsm8k-train-006185,gsm8k-train-005660,0.6632625460624695,True,True,True,True,True,True,True
gsm8k,gsm8k-train-006188,gsm8k-train-002798,0.7674983739852905,True,True,True,False,True,False,True
gsm8k,gsm8k-train-006198,gsm8k-train-001752,0.7045392990112305,True,True,True,True,True,True,True
gsm8k,gsm8k-train-006214,gsm8k-train-001722,0.6446527242660522,True,True,True,True,True,True,True
gsm8k,gsm8k-train-006222,gsm8k-train-005242,0.5947615504264832,True,True,True,True,True,True,True
gsm8k,gsm8k-train-006245,gsm8k-train-006537,0.6078630089759827,True,True,True,True,True,True,True
gsm8k,gsm8k-train-006253,gsm8k-train-005036,0.6515979766845703,True,True,True,True,True,True,True
gsm8k,gsm8k-train-006265,gsm8k-train-007102,0.602419376373291,True,True,False,True,True,True,True
gsm8k,gsm8k-train-006267,gsm8k-train-000317,0.7407436370849609,True,True,True,True,True,True,True
gsm8k,gsm8k-train-006269,gsm8k-train-003352,0.7178838849067688,True,True,True,True,True,True,True
gsm8k,gsm8k-train-006276,gsm8k-train-001489,0.6884793043136597,True,True,True,True,True,True,True
gsm8k,gsm8k-train-006281,gsm8k-train-000718,0.6361100077629089,True,True,True,True,True,True,True
gsm8k,gsm8k-train-006284,gsm8k-train-005446,0.7211862802505493,True,True,False,True,True,True,True
gsm8k,gsm8k-train-006287,gsm8k-train-004660,0.7204275727272034,True,True,True,True,True,True,True
gsm8k,gsm8k-train-006288,gsm8k-train-000205,0.6689188480377197,True,True,True,False,True,True,True
gsm8k,gsm8k-train-006297,gsm8k-train-005398,0.702991247177124,True,True,True,True,True,True,True
gsm8k,gsm8k-train-006300,gsm8k-train-006444,0.5875184535980225,True,True,True,True,True,True,True
gsm8k,gsm8k-train-006301,gsm8k-train-003910,0.7608377933502197,True,True,True,True,True,True,True
gsm8k,gsm8k-train-006304,gsm8k-train-003870,0.6114493608474731,True,True,True,True,True,True,True
gsm8k,gsm8k-train-006305,gsm8k-train-000329,0.6548017859458923,True,True,True,True,True,True,True
gsm8k,gsm8k-train-006309,gsm8k-train-001727,0.6027120351791382,True,True,True,True,True,True,True
gsm8k,gsm8k-train-006312,gsm8k-train-001994,0.73746258020401,True,True,True,True,True,True,True
gsm8k,gsm8k-train-006339,gsm8k-train-006692,0.6729955673217773,True,True,False,False,True,False,True
gsm8k,gsm8k-train-006344,gsm8k-train-003790,0.6569417715072632,True,True,True,True,True,True,True
gsm8k,gsm8k-train-006354,gsm8k-train-001144,0.7423257231712341,True,True,True,True,True,True,True
gsm8k,gsm8k-train-006355,gsm8k-train-005356,0.7721201181411743,True,True,True,True,True,True,True
gsm8k,gsm8k-train-006360,gsm8k-train-004318,0.7451711297035217,True,True,True,True,True,True,True
gsm8k,gsm8k-train-006365,gsm8k-train-007319,0.7438676953315735,True,True,True,True,True,True,True
gsm8k,gsm8k-train-006372,gsm8k-train-002997,0.5995834469795227,True,True,True,True,True,True,True
gsm8k,gsm8k-train-006394,gsm8k-train-003770,0.6175781488418579,True,True,True,True,True,True,True
gsm8k,gsm8k-train-006412,gsm8k-train-006136,0.6947149634361267,True,True,True,True,True,True,True
gsm8k,gsm8k-train-006419,gsm8k-train-004104,0.7428728342056274,True,True,True,True,True,False,True
gsm8k,gsm8k-train-006424,gsm8k-train-002402,0.6948308348655701,True,True,True,True,True,True,True
gsm8k,gsm8k-train-006425,gsm8k-train-000651,0.716638445854187,True,True,True,True,True,True,True
gsm8k,gsm8k-train-006453,gsm8k-train-000703,0.8152804970741272,False,True,True,True,True,,True
gsm8k,gsm8k-train-006456,gsm8k-train-000029,0.7025269269943237,True,True,True,True,True,True,True
gsm8k,gsm8k-train-006459,gsm8k-train-003476,0.7132222056388855,True,True,True,True,True,True,True
gsm8k,gsm8k-train-006474,gsm8k-train-007339,0.6738132238388062,True,True,False,False,True,True,True
gsm8k,gsm8k-train-006475,gsm8k-train-006571,0.7354844212532043,True,True,True,,True,True,True
gsm8k,gsm8k-train-006478,gsm8k-train-001910,0.6314096450805664,True,True,True,True,True,True,True
gsm8k,gsm8k-train-006483,gsm8k-train-006167,0.6289702653884888,True,True,True,True,True,True,True
gsm8k,gsm8k-train-006487,gsm8k-train-001998,0.8551859259605408,True,True,True,True,True,True,True
gsm8k,gsm8k-train-006490,gsm8k-train-007232,0.7133448123931885,True,True,True,True,True,True,True
gsm8k,gsm8k-train-006496,gsm8k-train-000970,0.5915068984031677,True,True,True,True,True,True,True
gsm8k,gsm8k-train-006497,gsm8k-train-002039,0.7330219745635986,True,True,True,True,True,False,True
gsm8k,gsm8k-train-006504,gsm8k-train-006743,0.7305217385292053,True,True,True,True,True,True,True
gsm8k,gsm8k-train-006506,gsm8k-train-004001,0.5995743870735168,True,True,True,False,True,True,True
gsm8k,gsm8k-train-006530,gsm8k-train-001962,0.6848844885826111,True,True,True,True,True,True,True
gsm8k,gsm8k-train-006532,gsm8k-train-006259,0.7297849655151367,True,True,True,True,True,True,True
gsm8k,gsm8k-train-006534,gsm8k-train-003858,0.644193172454834,True,True,True,True,True,True,True
gsm8k,gsm8k-train-006536,gsm8k-train-001031,0.6170676350593567,True,True,True,True,True,True,True
gsm8k,gsm8k-train-006550,gsm8k-train-006302,0.6477711200714111,True,True,True,True,True,True,True
gsm8k,gsm8k-train-006555,gsm8k-train-005258,0.7088775634765625,True,True,False,False,True,False,True
gsm8k,gsm8k-train-006562,gsm8k-train-004418,0.7038633823394775,True,True,False,False,True,True,True
gsm8k,gsm8k-train-006567,gsm8k-train-005063,0.7343193888664246,True,True,True,True,True,True,True
gsm8k,gsm8k-train-006577,gsm8k-train-000356,0.7023314237594604,False,False,True,True,True,True,True
gsm8k,gsm8k-train-006591,gsm8k-train-003729,0.6834473013877869,True,True,True,True,True,True,True
gsm8k,gsm8k-train-006598,gsm8k-train-005988,0.6735227108001709,True,True,True,True,True,True,True
gsm8k,gsm8k-train-006599,gsm8k-train-001744,0.6939247846603394,True,True,True,True,True,True,True
gsm8k,gsm8k-train-006602,gsm8k-train-003198,0.7201801538467407,True,True,True,True,True,True,True
gsm8k,gsm8k-train-006610,gsm8k-train-005770,0.6897211074829102,True,True,True,True,True,True,True
gsm8k,gsm8k-train-006623,gsm8k-train-001913,0.6746935248374939,True,,True,True,True,True,True
gsm8k,gsm8k-train-006643,gsm8k-train-004323,0.6586095690727234,True,True,True,True,True,True,True
gsm8k,gsm8k-train-006644,gsm8k-train-006590,0.7501540780067444,True,True,True,True,True,True,True
gsm8k,gsm8k-train-006647,gsm8k-train-002134,0.7527681589126587,True,True,True,,True,True,True
gsm8k,gsm8k-train-006656,gsm8k-train-003479,0.7566065192222595,True,True,True,True,True,True,True
gsm8k,gsm8k-train-006664,gsm8k-train-006092,0.6768581867218018,True,True,False,False,True,False,True
gsm8k,gsm8k-train-006666,gsm8k-train-004668,0.679490327835083,True,True,True,True,True,True,True
gsm8k,gsm8k-train-006668,gsm8k-train-004156,0.7796589732170105,True,True,True,True,True,True,True
gsm8k,gsm8k-train-006698,gsm8k-train-000014,0.6493663191795349,True,True,True,True,True,True,True
gsm8k,gsm8k-train-006710,gsm8k-train-000715,0.8301128149032593,True,True,True,True,True,True,True
gsm8k,gsm8k-train-006756,gsm8k-train-002523,0.6629713177680969,True,True,True,True,True,True,True
gsm8k,gsm8k-train-006770,gsm8k-train-001195,0.8400153517723083,True,True,True,True,True,False,True
gsm8k,gsm8k-train-006776,gsm8k-train-007251,0.7358108162879944,True,True,True,True,True,True,True
gsm8k,gsm8k-train-006796,gsm8k-train-000080,0.7341604232788086,True,True,True,True,True,True,True
gsm8k,gsm8k-train-006801,gsm8k-train-007298,0.5669562220573425,True,True,False,False,True,True,True
gsm8k,gsm8k-train-006802,gsm8k-train-005394,0.7445363998413086,True,True,True,True,True,True,True
gsm8k,gsm8k-train-006809,gsm8k-train-005894,0.7149416208267212,True,True,True,True,True,True,True
gsm8k,gsm8k-train-006814,gsm8k-train-000906,0.7484171986579895,True,True,True,True,True,True,True
gsm8k,gsm8k-train-006820,gsm8k-train-001611,0.6854585409164429,True,True,True,True,True,True,True
gsm8k,gsm8k-train-006834,gsm8k-train-004628,0.6585253477096558,True,True,True,True,True,True,True
gsm8k,gsm8k-train-006847,gsm8k-train-005857,0.645961582660675,True,True,True,True,True,True,True
gsm8k,gsm8k-train-006850,gsm8k-train-004621,0.6786462068557739,True,True,True,True,True,True,True
gsm8k,gsm8k-train-006857,gsm8k-train-002665,0.7946063876152039,True,True,True,True,True,True,True
gsm8k,gsm8k-train-006863,gsm8k-train-005105,0.7933242321014404,True,True,True,True,True,True,True
gsm8k,gsm8k-train-006866,gsm8k-train-002733,0.7059441208839417,True,True,True,True,True,True,True
gsm8k,gsm8k-train-006870,gsm8k-train-007338,0.6885415315628052,True,True,True,True,True,True,True
gsm8k,gsm8k-train-006874,gsm8k-train-006966,0.6725751161575317,True,True,True,True,True,True,True
gsm8k,gsm8k-train-006880,gsm8k-train-002845,0.5627173781394958,True,True,True,True,True,False,True
gsm8k,gsm8k-train-006885,gsm8k-train-007018,0.6672248244285583,True,True,True,True,True,True,True
gsm8k,gsm8k-train-006897,gsm8k-train-004236,0.7327101230621338,True,True,True,True,True,True,True
gsm8k,gsm8k-train-006918,gsm8k-train-003286,0.7174692749977112,True,True,True,True,True,True,True
gsm8k,gsm8k-train-006927,gsm8k-train-003344,0.7462020516395569,True,True,True,True,True,True,True
gsm8k,gsm8k-train-006928,gsm8k-train-002823,0.7615128755569458,False,False,True,True,True,True,True
gsm8k,gsm8k-train-006935,gsm8k-train-002682,0.6440604329109192,True,True,True,False,True,True,True
gsm8k,gsm8k-train-006939,gsm8k-train-000285,0.7824711203575134,True,True,False,,True,True,True
gsm8k,gsm8k-train-006950,gsm8k-train-005337,0.6466931700706482,True,True,True,True,True,True,True
gsm8k,gsm8k-train-006953,gsm8k-train-003833,0.6922661066055298,True,True,True,True,True,True,True
gsm8k,gsm8k-train-006954,gsm8k-train-000676,0.6946609616279602,True,True,True,False,True,False,True
gsm8k,gsm8k-train-006960,gsm8k-train-002251,0.7339251637458801,True,True,True,True,True,False,True
gsm8k,gsm8k-train-006967,gsm8k-train-004666,0.7249879240989685,True,True,True,True,True,True,True
gsm8k,gsm8k-train-006972,gsm8k-train-006136,0.6659098267555237,True,True,True,True,True,True,True
gsm8k,gsm8k-train-006978,gsm8k-train-002419,0.7297285795211792,True,True,False,True,True,False,True
gsm8k,gsm8k-train-006986,gsm8k-train-003168,0.69990473985672,True,True,True,True,True,True,True
gsm8k,gsm8k-train-007010,gsm8k-train-000814,0.6828287243843079,True,True,True,True,True,True,True
gsm8k,gsm8k-train-007014,gsm8k-train-001639,0.734481155872345,False,False,True,True,True,True,True
gsm8k,gsm8k-train-007016,gsm8k-train-005968,0.6359919309616089,True,True,True,True,True,True,True
gsm8k,gsm8k-train-007017,gsm8k-train-003307,0.6415557265281677,True,True,True,True,True,True,True
gsm8k,gsm8k-train-007020,gsm8k-train-004024,0.7001619338989258,True,True,True,True,True,True,True
gsm8k,gsm8k-train-007022,gsm8k-train-000155,0.6379774808883667,True,True,True,False,True,True,True
gsm8k,gsm8k-train-007046,gsm8k-train-005261,0.6904296875,True,True,True,True,True,True,True
gsm8k,gsm8k-train-007053,gsm8k-train-001469,0.7445971965789795,True,True,True,True,True,True,True
gsm8k,gsm8k-train-007061,gsm8k-train-003833,0.6296086311340332,True,True,True,True,True,True,True
gsm8k,gsm8k-train-007081,gsm8k-train-002082,0.7548130750656128,True,True,True,True,True,True,True
gsm8k,gsm8k-train-007088,gsm8k-train-003242,0.6734254956245422,True,True,True,True,True,True,True
gsm8k,gsm8k-train-007090,gsm8k-train-001017,0.858505129814148,True,True,True,True,True,True,True
gsm8k,gsm8k-train-007107,gsm8k-train-003891,0.6633896827697754,True,True,True,True,True,True,True
gsm8k,gsm8k-train-007112,gsm8k-train-000937,0.6724814176559448,True,True,True,True,True,False,True
gsm8k,gsm8k-train-007113,gsm8k-train-002495,0.6627693772315979,False,True,True,True,True,True,True
gsm8k,gsm8k-train-007126,gsm8k-train-007391,0.7380293011665344,True,True,True,True,True,True,True
gsm8k,gsm8k-train-007129,gsm8k-train-006703,0.7950111031532288,True,True,True,True,True,False,True
gsm8k,gsm8k-train-007138,gsm8k-train-001611,0.7453369498252869,True,True,True,True,True,True,True
gsm8k,gsm8k-train-007148,gsm8k-train-000811,0.7633923292160034,True,True,True,True,True,True,True
gsm8k,gsm8k-train-007160,gsm8k-train-005724,0.6886848211288452,True,True,True,True,True,True,True
gsm8k,gsm8k-train-007162,gsm8k-train-002238,0.6462501287460327,True,True,True,True,True,True,True
gsm8k,gsm8k-train-007166,gsm8k-train-005376,0.5169063210487366,True,True,True,True,True,True,True
gsm8k,gsm8k-train-007173,gsm8k-train-002199,0.5655056238174438,True,True,True,True,True,True,True
gsm8k,gsm8k-train-007181,gsm8k-train-005712,0.7226036787033081,True,True,True,True,True,True,True
gsm8k,gsm8k-train-007185,gsm8k-train-004303,0.7511088252067566,True,True,True,True,True,True,True
gsm8k,gsm8k-train-007186,gsm8k-train-006307,0.6963915228843689,True,True,True,True,True,True,True
gsm8k,gsm8k-train-007189,gsm8k-train-005276,0.8140676617622375,True,True,True,True,True,True,True
gsm8k,gsm8k-train-007196,gsm8k-train-001812,0.7564549446105957,True,True,False,False,True,True,True
gsm8k,gsm8k-train-007199,gsm8k-train-000433,0.7424842715263367,True,True,True,True,True,True,True
gsm8k,gsm8k-train-007202,gsm8k-train-000358,0.6892621517181396,True,True,True,True,True,True,True
gsm8k,gsm8k-train-007213,gsm8k-train-004051,0.7532799243927002,True,True,True,False,True,True,True
gsm8k,gsm8k-train-007223,gsm8k-train-007257,0.7458897233009338,True,True,True,True,True,True,True
gsm8k,gsm8k-train-007224,gsm8k-train-001626,0.7154858708381653,True,True,True,True,True,True,True
gsm8k,gsm8k-train-007238,gsm8k-train-004400,0.67099928855896,True,True,,True,True,True,True
gsm8k,gsm8k-train-007244,gsm8k-train-001072,0.6913150548934937,True,True,True,True,True,True,True
gsm8k,gsm8k-train-007261,gsm8k-train-003142,0.6070564389228821,True,,True,True,True,True,True
gsm8k,gsm8k-train-007267,gsm8k-train-002883,0.8133168816566467,True,True,True,True,True,True,True
gsm8k,gsm8k-train-007270,gsm8k-train-001913,0.6413442492485046,True,,True,False,True,True,True
gsm8k,gsm8k-train-007287,gsm8k-train-004972,0.7734172344207764,True,True,True,True,True,False,True
gsm8k,gsm8k-train-007288,gsm8k-train-001569,0.7858238816261292,True,True,True,False,True,True,True
gsm8k,gsm8k-train-007300,gsm8k-train-002124,0.7790693640708923,True,True,True,True,True,True,True
gsm8k,gsm8k-train-007301,gsm8k-train-005373,0.7057698965072632,True,True,True,True,True,True,True
gsm8k,gsm8k-train-007315,gsm8k-train-000020,0.6686154007911682,True,True,True,True,True,True,True
gsm8k,gsm8k-train-007326,gsm8k-train-003159,0.7256957292556763,True,True,True,True,True,True,True
gsm8k,gsm8k-train-007336,gsm8k-train-004364,0.7087408304214478,False,True,True,True,True,True,True
gsm8k,gsm8k-train-007342,gsm8k-train-002978,0.8371978998184204,True,True,True,True,True,True,True
gsm8k,gsm8k-train-007348,gsm8k-train-007094,0.804155707359314,True,True,True,True,True,True,True
gsm8k,gsm8k-train-007350,gsm8k-train-007332,0.7642298936843872,True,True,True,False,True,False,True
gsm8k,gsm8k-train-007363,gsm8k-train-006084,0.7265844941139221,True,True,True,True,True,True,True
gsm8k,gsm8k-train-007373,gsm8k-train-005196,0.7903869152069092,True,True,True,True,True,True,True
gsm8k,gsm8k-train-007376,gsm8k-train-003532,0.6777433156967163,True,True,True,True,True,True,True
gsm8k,gsm8k-train-007392,gsm8k-train-006761,0.7025161385536194,True,True,False,False,True,True,True
gsm8k,gsm8k-train-007393,gsm8k-train-004402,0.7549086213111877,True,True,True,True,True,True,True
gsm8k,gsm8k-train-007404,gsm8k-train-003472,0.6867539882659912,True,True,True,True,True,True,True
gsm8k,gsm8k-train-007425,gsm8k-train-002719,0.7509953379631042,True,True,True,True,True,True,True
gsm8k,gsm8k-train-007431,gsm8k-train-007034,0.6866730451583862,True,True,True,True,True,True,True
gsm8k,gsm8k-train-007438,gsm8k-train-000388,0.7420110106468201,False,True,True,True,True,True,True
gsm8k,gsm8k-train-007439,gsm8k-train-001994,0.7750104069709778,True,True,,True,True,False,True
gsm8k,gsm8k-train-007453,gsm8k-train-001503,0.6675734519958496,True,True,True,True,True,True,True
gsm8k,gsm8k-train-007454,gsm8k-train-003863,0.7414280772209167,True,True,True,True,True,True,True
gsm8k,gsm8k-train-007455,gsm8k-train-007451,0.7406592965126038,True,True,False,True,True,True,True
gsm8k,gsm8k-train-007459,gsm8k-train-004565,0.6809701323509216,True,True,True,True,True,True,True
gsm8k,gsm8k-train-007460,gsm8k-train-003047,0.7682647705078125,True,True,True,True,True,True,True
gsm8k,gsm8k-train-007466,gsm8k-train-005126,0.7052050828933716,True,True,True,True,True,True,True
gsm8k,gsm8k-train-007469,gsm8k-train-005245,0.7732552886009216,True,True,True,True,True,True,True
logiqa2,logiqa2-validation-000000,logiqa2-train-001042,1.0000001192092896,True,True,True,True,True,True,True
logiqa2,logiqa2-validation-000001,logiqa2-train-006878,0.49249720573425293,True,True,False,False,True,False,True
logiqa2,logiqa2-validation-000002,logiqa2-train-007210,0.9999998211860657,True,True,False,True,True,True,True
logiqa2,logiqa2-validation-000003,logiqa2-train-000878,0.6353442072868347,True,True,True,True,True,True,True
logiqa2,logiqa2-validation-000004,logiqa2-train-000484,0.6210321187973022,False,False,False,True,True,True,True
logiqa2,logiqa2-validation-000005,logiqa2-train-003239,0.44640296697616577,True,True,True,True,True,True,True
logiqa2,logiqa2-validation-000006,logiqa2-train-010886,0.37877023220062256,True,True,False,True,True,False,True
logiqa2,logiqa2-validation-000007,logiqa2-train-009715,0.5996305346488953,False,False,True,True,True,False,True
logiqa2,logiqa2-validation-000008,logiqa2-train-005726,0.6004568934440613,False,False,True,True,True,True,True
logiqa2,logiqa2-validation-000009,logiqa2-train-010187,0.9255720376968384,False,False,False,False,True,False,True
logiqa2,logiqa2-validation-000010,logiqa2-train-011965,0.7442542910575867,True,True,True,False,True,False,True
logiqa2,logiqa2-validation-000011,logiqa2-train-002219,0.6046069264411926,True,True,False,False,True,True,True
logiqa2,logiqa2-validation-000012,logiqa2-train-002636,0.6190308332443237,True,True,False,False,True,False,True
logiqa2,logiqa2-validation-000013,logiqa2-train-005418,0.6361626386642456,True,True,False,False,True,True,True
logiqa2,logiqa2-validation-000014,logiqa2-train-004819,0.5949044227600098,True,True,True,True,True,True,True
logiqa2,logiqa2-validation-000015,logiqa2-train-008526,0.5598090887069702,False,False,False,False,True,False,True
logiqa2,logiqa2-validation-000016,logiqa2-train-009262,0.6374313235282898,True,True,True,False,True,False,True
logiqa2,logiqa2-validation-000017,logiqa2-train-000380,0.6148836612701416,True,True,False,True,True,False,True
logiqa2,logiqa2-validation-000018,logiqa2-train-003013,0.7678185105323792,True,True,True,,True,True,True
logiqa2,logiqa2-validation-000019,logiqa2-train-004017,0.9999998211860657,False,False,False,True,True,True,True
logiqa2,logiqa2-validation-000021,logiqa2-train-001652,0.9868025779724121,True,True,True,True,True,True,True
logiqa2,logiqa2-validation-000022,logiqa2-train-007614,0.4470365345478058,True,True,True,True,True,True,True
logiqa2,logiqa2-validation-000023,logiqa2-train-010884,0.6779516339302063,False,False,False,False,True,False,True
logiqa2,logiqa2-validation-000024,logiqa2-train-005599,0.6168723106384277,False,False,True,False,True,False,True
logiqa2,logiqa2-validation-000025,logiqa2-train-005508,0.6001190543174744,True,True,False,False,True,False,True
logiqa2,logiqa2-validation-000026,logiqa2-train-005925,0.9999998807907104,True,True,True,True,True,False,True
logiqa2,logiqa2-validation-000027,logiqa2-train-000996,0.6236141920089722,True,True,True,True,True,True,True
logiqa2,logiqa2-validation-000028,logiqa2-train-012095,0.6103938817977905,False,False,False,True,True,True,True
logiqa2,logiqa2-validation-000029,logiqa2-train-004746,1.0,True,True,True,False,True,True,True
logiqa2,logiqa2-validation-000030,logiqa2-train-007648,0.7392334342002869,False,False,False,True,True,False,True
logiqa2,logiqa2-validation-000031,logiqa2-train-004584,0.5197528004646301,True,True,True,True,True,True,True
logiqa2,logiqa2-validation-000032,logiqa2-train-009822,0.6091864705085754,False,False,False,False,True,True,True
logiqa2,logiqa2-validation-000033,logiqa2-train-005383,0.5768484473228455,False,False,True,True,True,False,True
logiqa2,logiqa2-validation-000034,logiqa2-train-005796,0.5427277684211731,True,True,True,True,True,True,True
logiqa2,logiqa2-validation-000035,logiqa2-train-003481,0.8867521286010742,True,True,True,False,True,True,True
logiqa2,logiqa2-validation-000036,logiqa2-train-008556,0.6758983731269836,True,True,False,True,True,True,True
logiqa2,logiqa2-validation-000037,logiqa2-train-007645,0.9999997615814209,False,False,True,True,True,True,True
logiqa2,logiqa2-validation-000038,logiqa2-train-001873,0.48822882771492004,True,True,False,False,True,False,True
logiqa2,logiqa2-validation-000039,logiqa2-train-000066,0.5726740956306458,True,True,True,True,True,True,True
logiqa2,logiqa2-validation-000040,logiqa2-train-005873,0.5567998886108398,False,False,False,False,True,False,True
logiqa2,logiqa2-validation-000041,logiqa2-train-009162,0.5837333798408508,False,False,False,False,True,True,True
logiqa2,logiqa2-validation-000042,logiqa2-train-001355,0.643455445766449,True,True,True,True,True,True,True
logiqa2,logiqa2-validation-000043,logiqa2-train-012269,0.9999998211860657,False,False,False,False,True,False,True
logiqa2,logiqa2-validation-000044,logiqa2-train-011750,0.7565675973892212,False,False,True,True,True,True,True
logiqa2,logiqa2-validation-000045,logiqa2-train-003716,0.5294603109359741,True,True,False,True,True,True,True
logiqa2,logiqa2-validation-000046,logiqa2-train-003191,0.6002029180526733,True,True,False,False,True,False,True
logiqa2,logiqa2-validation-000047,logiqa2-train-003603,0.5044031739234924,False,False,False,False,True,False,True
logiqa2,logiqa2-validation-000048,logiqa2-train-012450,0.516759991645813,False,False,True,False,True,False,True
logiqa2,logiqa2-validation-000049,logiqa2-train-001531,0.5121725797653198,True,True,True,True,True,True,True
logiqa2,logiqa2-validation-000050,logiqa2-train-006510,0.6305835247039795,True,True,True,True,True,True,True
logiqa2,logiqa2-validation-000051,logiqa2-train-005358,1.0000003576278687,False,False,False,True,True,False,True
logiqa2,logiqa2-validation-000052,logiqa2-train-007995,0.5285410284996033,True,True,False,False,True,False,True
logiqa2,logiqa2-validation-000053,logiqa2-train-010242,0.5873194336891174,True,True,True,True,True,True,True
logiqa2,logiqa2-validation-000054,logiqa2-train-000494,0.5813066959381104,True,True,False,True,True,False,True
logiqa2,logiqa2-validation-000055,logiqa2-train-010036,0.8414546847343445,True,True,False,False,True,False,True
logiqa2,logiqa2-validation-000056,logiqa2-train-003955,1.0000001192092896,True,,True,False,True,True,True
logiqa2,logiqa2-validation-000057,logiqa2-train-002497,0.8266277313232422,True,True,False,True,True,False,True
logiqa2,logiqa2-validation-000058,logiqa2-train-011866,1.000000238418579,False,False,False,False,True,False,True
logiqa2,logiqa2-validation-000059,logiqa2-train-000397,0.5843867063522339,True,True,False,True,True,True,True
logiqa2,logiqa2-validation-000061,logiqa2-train-003999,0.6138167381286621,False,False,False,False,True,False,True
logiqa2,logiqa2-validation-000062,logiqa2-train-002538,0.9519000053405762,False,,True,False,True,False,True
logiqa2,logiqa2-validation-000063,logiqa2-train-004613,0.6592156291007996,True,True,True,True,True,True,True
logiqa2,logiqa2-validation-000064,logiqa2-train-009662,0.6707438230514526,True,True,True,True,True,True,True
logiqa2,logiqa2-validation-000065,logiqa2-train-005432,0.9299046993255615,False,False,False,False,True,True,True
logiqa2,logiqa2-validation-000066,logiqa2-train-009058,0.5469576716423035,True,True,True,True,True,True,True
logiqa2,logiqa2-validation-000067,logiqa2-train-007710,0.4252360463142395,True,True,True,False,True,False,True
logiqa2,logiqa2-validation-000068,logiqa2-train-008532,0.503582775592804,False,False,False,False,True,True,True
logiqa2,logiqa2-validation-000069,logiqa2-train-010173,0.5543263554573059,False,False,True,False,True,True,True
logiqa2,logiqa2-validation-000070,logiqa2-train-004258,0.4701676368713379,True,True,False,False,True,False,True
logiqa2,logiqa2-validation-000071,logiqa2-train-001632,0.41565030813217163,True,True,False,False,True,True,True
logiqa2,logiqa2-validation-000072,logiqa2-train-003170,0.6456170678138733,True,True,False,False,True,False,True
logiqa2,logiqa2-validation-000073,logiqa2-train-011512,0.5670989751815796,True,True,True,False,True,True,True
logiqa2,logiqa2-validation-000074,logiqa2-train-004117,0.5389779210090637,True,True,True,True,True,True,True
logiqa2,logiqa2-validation-000075,logiqa2-train-007117,0.47602230310440063,True,True,True,True,True,True,True
logiqa2,logiqa2-validation-000076,logiqa2-train-003197,0.9999995827674866,True,True,True,True,True,True,True
logiqa2,logiqa2-validation-000077,logiqa2-train-009776,1.0000001192092896,True,True,True,True,True,False,True
logiqa2,logiqa2-validation-000078,logiqa2-train-005044,0.6012049317359924,True,True,True,True,True,True,True
logiqa2,logiqa2-validation-000079,logiqa2-train-007176,0.5319132804870605,False,False,True,True,True,True,True
logiqa2,logiqa2-validation-000080,logiqa2-train-004365,0.5490860939025879,True,False,False,False,True,True,True
logiqa2,logiqa2-validation-000081,logiqa2-train-010166,0.9945746660232544,True,True,False,True,True,True,True
logiqa2,logiqa2-validation-000082,logiqa2-train-001261,1.000000238418579,False,False,False,False,True,False,True
logiqa2,logiqa2-validation-000083,logiqa2-train-012024,0.6003656983375549,True,True,False,False,True,False,True
logiqa2,logiqa2-validation-000084,logiqa2-train-001665,0.561008095741272,False,False,True,False,True,True,True
logiqa2,logiqa2-validation-000085,logiqa2-train-003676,0.6608262658119202,True,True,False,True,True,False,True
logiqa2,logiqa2-validation-000086,logiqa2-train-000441,0.5936608910560608,True,True,True,True,True,True,True
logiqa2,logiqa2-validation-000087,logiqa2-train-007537,0.5823401808738708,True,True,False,False,True,False,True
logiqa2,logiqa2-validation-000088,logiqa2-train-011025,0.5179916620254517,True,True,True,False,True,True,True
logiqa2,logiqa2-validation-000089,logiqa2-train-001775,0.6115415692329407,False,False,False,False,True,False,True
logiqa2,logiqa2-validation-000090,logiqa2-train-011736,0.4894844889640808,False,True,True,False,True,True,True
logiqa2,logiqa2-validation-000091,logiqa2-train-007187,0.4190927743911743,True,True,False,True,True,False,True
logiqa2,logiqa2-validation-000092,logiqa2-train-011625,0.5982434749603271,True,True,False,False,True,False,True
logiqa2,logiqa2-validation-000093,logiqa2-train-006863,0.5372525453567505,True,True,False,False,True,False,True
logiqa2,logiqa2-validation-000094,logiqa2-train-009673,0.5303024053573608,False,False,True,False,True,True,True
logiqa2,logiqa2-validation-000095,logiqa2-train-005484,0.6165732741355896,False,False,False,False,True,False,True
logiqa2,logiqa2-validation-000096,logiqa2-train-001089,0.633128821849823,False,False,False,True,True,True,True
logiqa2,logiqa2-validation-000097,logiqa2-train-000020,0.5698333978652954,False,False,True,True,True,False,True
logiqa2,logiqa2-validation-000098,logiqa2-train-003080,0.41970476508140564,False,False,False,False,True,True,True
logiqa2,logiqa2-validation-000099,logiqa2-train-009949,1.0000003576278687,False,False,False,True,True,True,True
logiqa2,logiqa2-validation-000100,logiqa2-train-000797,0.6404279470443726,True,True,False,True,True,False,True
logiqa2,logiqa2-validation-000101,logiqa2-train-000440,0.5886465311050415,False,False,False,False,True,False,True
logiqa2,logiqa2-validation-000102,logiqa2-train-003271,0.9999998807907104,False,False,False,False,True,False,True
logiqa2,logiqa2-validation-000103,logiqa2-train-004658,0.7117270827293396,True,True,True,True,True,True,True
logiqa2,logiqa2-validation-000104,logiqa2-train-005051,0.5441179275512695,False,False,True,True,True,True,True
logiqa2,logiqa2-validation-000105,logiqa2-train-010305,0.5799082517623901,True,True,False,False,True,False,True
logiqa2,logiqa2-validation-000106,logiqa2-train-002526,1.000000238418579,False,False,False,False,True,False,True
logiqa2,logiqa2-validation-000107,logiqa2-train-007210,0.5926273465156555,True,True,False,False,True,True,True
logiqa2,logiqa2-validation-000108,logiqa2-train-007266,0.6841011047363281,True,True,False,False,True,False,True
logiqa2,logiqa2-validation-000109,logiqa2-train-008715,0.6714893579483032,False,False,True,True,True,True,True
logiqa2,logiqa2-validation-000110,logiqa2-train-012048,0.650722861289978,False,False,False,False,True,False,True
logiqa2,logiqa2-validation-000111,logiqa2-train-006157,0.5746327638626099,True,True,True,True,True,False,True
logiqa2,logiqa2-validation-000112,logiqa2-train-001658,0.6437843441963196,False,False,False,False,True,True,True
logiqa2,logiqa2-validation-000113,logiqa2-train-003385,0.9999998807907104,False,False,False,False,True,False,True
logiqa2,logiqa2-validation-000114,logiqa2-train-005550,0.5839795470237732,False,False,False,True,True,False,True
logiqa2,logiqa2-validation-000115,logiqa2-train-002186,0.4838128089904785,False,False,True,False,True,False,True
logiqa2,logiqa2-validation-000116,logiqa2-train-010133,0.40205585956573486,False,False,True,True,True,True,True
logiqa2,logiqa2-validation-000117,logiqa2-train-005156,0.4974466860294342,False,False,True,True,True,True,True
logiqa2,logiqa2-validation-000118,logiqa2-train-003616,0.6520830392837524,True,True,False,False,True,False,True
logiqa2,logiqa2-validation-000119,logiqa2-train-008619,0.5842828154563904,False,False,True,False,True,True,True
logiqa2,logiqa2-validation-000121,logiqa2-train-008161,0.6271149516105652,True,True,True,False,True,False,True
logiqa2,logiqa2-validation-000122,logiqa2-train-001796,0.5869342088699341,False,False,True,True,True,True,True
logiqa2,logiqa2-validation-000123,logiqa2-train-008341,0.4832475483417511,False,False,True,False,True,True,True
logiqa2,logiqa2-validation-000124,logiqa2-train-009131,0.5495904684066772,True,True,True,True,True,True,True
logiqa2,logiqa2-validation-000125,logiqa2-train-007126,1.0,True,True,True,True,True,True,True
logiqa2,logiqa2-validation-000126,logiqa2-train-005823,0.7747070789337158,True,True,True,False,True,False,True
logiqa2,logiqa2-validation-000127,logiqa2-train-000964,1.0,True,True,True,True,True,True,True
logiqa2,logiqa2-validation-000128,logiqa2-train-001642,0.6707987189292908,True,True,False,False,True,False,True
logiqa2,logiqa2-validation-000129,logiqa2-train-011557,0.6554707884788513,True,True,False,False,True,True,True
logiqa2,logiqa2-validation-000130,logiqa2-train-008549,0.648280918598175,True,True,False,False,True,False,True
logiqa2,logiqa2-validation-000131,logiqa2-train-008366,0.5923923254013062,False,False,True,True,True,True,True
logiqa2,logiqa2-validation-000132,logiqa2-train-003668,0.9999998807907104,True,False,True,False,True,True,True
logiqa2,logiqa2-validation-000133,logiqa2-train-004362,0.6016815304756165,False,False,True,True,True,True,True
logiqa2,logiqa2-validation-000134,logiqa2-train-003721,0.9359329342842102,True,True,True,True,True,True,True
logiqa2,logiqa2-validation-000135,logiqa2-train-002922,0.8535356521606445,True,True,True,True,True,True,True
logiqa2,logiqa2-validation-000136,logiqa2-train-012303,0.8530834913253784,True,True,True,True,True,True,True
logiqa2,logiqa2-validation-000137,logiqa2-train-004803,0.6324907541275024,True,True,True,True,True,True,True
logiqa2,logiqa2-validation-000138,logiqa2-train-012508,0.6523383855819702,True,True,False,False,True,True,True
logiqa2,logiqa2-validation-000139,logiqa2-train-001783,0.5134114027023315,False,False,True,True,True,True,True
logiqa2,logiqa2-validation-000140,logiqa2-train-005968,1.0,False,False,False,False,True,False,True
logiqa2,logiqa2-validation-000141,logiqa2-train-003319,1.000000238418579,True,True,True,False,True,True,True
logiqa2,logiqa2-validation-000142,logiqa2-train-006952,0.7172706723213196,True,True,False,False,True,False,True
logiqa2,logiqa2-validation-000143,logiqa2-train-006955,0.6194761395454407,True,True,False,False,True,False,True
logiqa2,logiqa2-validation-000144,logiqa2-train-007837,0.6006023287773132,True,True,False,False,True,False,True
logiqa2,logiqa2-validation-000145,logiqa2-train-002572,0.9999998807907104,True,True,True,True,True,True,True
logiqa2,logiqa2-validation-000146,logiqa2-train-001868,0.5473840832710266,True,True,False,False,True,False,True
logiqa2,logiqa2-validation-000147,logiqa2-train-000076,0.5304690599441528,False,False,False,False,True,False,True
logiqa2,logiqa2-validation-000148,logiqa2-train-003383,0.6626304984092712,True,True,False,True,True,True,True
logiqa2,logiqa2-validation-000149,logiqa2-train-000027,0.5623183846473694,False,False,False,True,True,True,True
logiqa2,logiqa2-validation-000150,logiqa2-train-004678,0.5265869498252869,True,True,True,False,True,False,True
logiqa2,logiqa2-validation-000151,logiqa2-train-010948,0.7172109484672546,False,False,True,True,True,True,True
logiqa2,logiqa2-validation-000152,logiqa2-train-002561,0.5700466632843018,False,False,False,False,True,True,True
logiqa2,logiqa2-validation-000153,logiqa2-train-006855,0.9999995827674866,False,False,True,True,True,False,True
logiqa2,logiqa2-validation-000154,logiqa2-train-007531,0.9999998807907104,False,False,False,False,True,False,True
logiqa2,logiqa2-validation-000155,logiqa2-train-006571,0.6302903294563293,False,False,False,False,True,False,True
logiqa2,logiqa2-validation-000156,logiqa2-train-002992,0.5997763276100159,True,True,True,True,True,True,True
logiqa2,logiqa2-validation-000157,logiqa2-train-011356,0.5231903791427612,True,True,False,False,True,False,True
logiqa2,logiqa2-validation-000158,logiqa2-train-006647,0.5935848951339722,False,False,True,True,True,True,True
logiqa2,logiqa2-validation-000159,logiqa2-train-008739,0.7016411423683167,False,False,True,True,True,True,True
logiqa2,logiqa2-validation-000160,logiqa2-train-002471,0.6361401081085205,False,False,False,False,True,False,True
logiqa2,logiqa2-validation-000161,logiqa2-train-004005,0.5714777708053589,False,False,False,False,True,False,True
logiqa2,logiqa2-validation-000162,logiqa2-train-002500,0.4174400568008423,False,False,False,True,True,True,True
logiqa2,logiqa2-validation-000163,logiqa2-train-003187,1.0000003576278687,False,False,False,False,True,False,True
logiqa2,logiqa2-validation-000164,logiqa2-train-001393,0.5143676400184631,True,True,True,True,True,True,True
logiqa2,logiqa2-validation-000165,logiqa2-train-007317,1.0000001192092896,False,False,False,False,True,False,True
logiqa2,logiqa2-validation-000166,logiqa2-train-002797,0.9386377930641174,True,True,False,True,True,True,True
logiqa2,logiqa2-validation-000167,logiqa2-train-010191,0.4825495481491089,False,False,False,False,True,False,True
logiqa2,logiqa2-validation-000168,logiqa2-train-006541,0.8754372596740723,True,True,False,True,True,False,True
logiqa2,logiqa2-validation-000169,logiqa2-train-008799,0.5011011958122253,False,False,True,True,True,True,True
logiqa2,logiqa2-validation-000170,logiqa2-train-011040,0.5739181041717529,True,True,False,False,True,False,True
logiqa2,logiqa2-validation-000171,logiqa2-train-000591,0.6388458609580994,False,False,True,True,True,True,True
logiqa2,logiqa2-validation-000172,logiqa2-train-002471,0.6664694547653198,False,False,False,True,True,False,True
logiqa2,logiqa2-validation-000173,logiqa2-train-006531,0.6110976338386536,False,False,False,False,True,False,True
logiqa2,logiqa2-validation-000174,logiqa2-train-010425,0.5573851466178894,True,True,True,True,True,True,True
logiqa2,logiqa2-validation-000175,logiqa2-train-006137,0.9999997615814209,False,False,False,False,True,False,True
logiqa2,logiqa2-validation-000176,logiqa2-train-005666,0.5418096780776978,False,False,True,True,True,True,True
logiqa2,logiqa2-validation-000177,logiqa2-train-005273,0.4453077018260956,True,True,False,True,True,True,True
logiqa2,logiqa2-validation-000178,logiqa2-train-004917,0.4903031885623932,True,True,False,False,True,False,True
logiqa2,logiqa2-validation-000179,logiqa2-train-009820,0.5835244059562683,False,False,True,False,True,False,True
logiqa2,logiqa2-validation-000180,logiqa2-train-000567,0.9999999403953552,False,False,False,True,True,False,True
logiqa2,logiqa2-validation-000181,logiqa2-train-006091,0.6851674318313599,False,False,True,True,True,True,True
logiqa2,logiqa2-validation-000182,logiqa2-train-007039,0.7209541201591492,False,False,True,True,True,False,True
logiqa2,logiqa2-validation-000183,logiqa2-train-002300,0.5446276068687439,True,True,False,False,True,False,True
logiqa2,logiqa2-validation-000184,logiqa2-train-012509,0.6752203106880188,False,False,True,True,True,True,True
logiqa2,logiqa2-validation-000185,logiqa2-train-011312,1.0000001192092896,False,False,False,False,True,False,True
logiqa2,logiqa2-validation-000186,logiqa2-train-008335,0.9374549388885498,True,True,True,True,True,True,True
logiqa2,logiqa2-validation-000187,logiqa2-train-002210,0.6688540577888489,True,True,True,True,True,True,True
logiqa2,logiqa2-validation-000188,logiqa2-train-008887,0.6239462494850159,False,False,False,False,True,True,True
logiqa2,logiqa2-validation-000189,logiqa2-train-007330,0.9999997615814209,False,False,False,True,True,True,True
logiqa2,logiqa2-validation-000190,logiqa2-train-009659,1.0000001192092896,True,True,True,False,True,True,True
logiqa2,logiqa2-validation-000191,logiqa2-train-005567,0.9103232622146606,False,False,False,False,True,False,True
logiqa2,logiqa2-validation-000192,logiqa2-train-004194,0.6695908308029175,True,True,False,True,True,True,True
logiqa2,logiqa2-validation-000193,logiqa2-train-005249,0.5761661529541016,False,False,True,True,True,True,True
logiqa2,logiqa2-validation-000194,logiqa2-train-008326,0.5588995218276978,False,False,True,True,True,True,True
logiqa2,logiqa2-validation-000195,logiqa2-train-001217,0.6545884013175964,True,True,False,False,True,True,True
logiqa2,logiqa2-validation-000196,logiqa2-train-006395,0.9999998211860657,True,True,True,True,True,True,True
logiqa2,logiqa2-validation-000197,logiqa2-train-002708,0.6005355715751648,False,False,True,True,True,True,True
logiqa2,logiqa2-validation-000198,logiqa2-train-004699,0.5546439290046692,False,False,True,True,True,True,True
logiqa2,logiqa2-validation-000199,logiqa2-train-011713,0.6216244697570801,True,True,True,True,True,True,True
logiqa2,logiqa2-validation-000200,logiqa2-train-000414,0.9999998211860657,False,False,False,True,True,True,True
logiqa2,logiqa2-validation-000201,logiqa2-train-003702,0.5107713341712952,False,False,False,False,True,False,True
logiqa2,logiqa2-validation-000202,logiqa2-train-011875,0.5044170618057251,False,False,True,False,True,False,True
logiqa2,logiqa2-validation-000203,logiqa2-train-004494,0.48666390776634216,True,True,False,True,True,True,True
logiqa2,logiqa2-validation-000204,logiqa2-train-001318,0.42759576439857483,True,True,True,True,True,True,True
logiqa2,logiqa2-validation-000205,logiqa2-train-004988,0.4868929386138916,True,True,False,False,True,False,True
logiqa2,logiqa2-validation-000206,logiqa2-train-009505,1.0000001192092896,True,True,False,False,True,False,True
logiqa2,logiqa2-validation-000207,logiqa2-train-010763,1.0,False,False,False,True,True,True,True
logiqa2,logiqa2-validation-000208,logiqa2-train-012435,0.5177109241485596,False,False,True,True,True,True,True
logiqa2,logiqa2-validation-000209,logiqa2-train-009049,0.5226359367370605,False,False,False,False,True,True,True
logiqa2,logiqa2-validation-000210,logiqa2-train-010504,0.4238899350166321,False,False,False,False,True,True,True
logiqa2,logiqa2-validation-000211,logiqa2-train-000944,0.9519602060317993,True,True,True,True,True,True,True
logiqa2,logiqa2-validation-000212,logiqa2-train-001280,0.4206511974334717,False,False,False,False,True,True,True
logiqa2,logiqa2-validation-000213,logiqa2-train-001318,0.7277880311012268,True,True,True,True,True,True,True
logiqa2,logiqa2-validation-000214,logiqa2-train-005998,0.6544955372810364,False,False,False,True,True,True,True
logiqa2,logiqa2-validation-000215,logiqa2-train-005906,0.8752354979515076,True,True,True,False,True,True,True
logiqa2,logiqa2-validation-000216,logiqa2-train-005172,0.871558666229248,True,True,True,False,True,False,True
logiqa2,logiqa2-validation-000217,logiqa2-train-002035,0.9999998807907104,True,True,True,True,True,True,True
logiqa2,logiqa2-validation-000218,logiqa2-train-003647,0.6963163018226624,False,False,True,True,True,True,True
logiqa2,logiqa2-validation-000219,logiqa2-train-007993,0.9999999403953552,False,False,False,False,True,False,True
logiqa2,logiqa2-validation-000220,logiqa2-train-003354,0.6518240571022034,True,True,True,True,True,True,True
logiqa2,logiqa2-validation-000221,logiqa2-train-002140,0.49370965361595154,True,True,False,True,True,True,True
logiqa2,logiqa2-validation-000222,logiqa2-train-004908,0.4271344542503357,False,False,False,False,True,False,True
logiqa2,logiqa2-validation-000223,logiqa2-train-008056,0.6774461269378662,True,True,False,False,True,False,True
logiqa2,logiqa2-validation-000224,logiqa2-train-005761,0.9158940315246582,False,False,True,False,True,False,True
logiqa2,logiqa2-validation-000225,logiqa2-train-004706,0.9182117581367493,False,False,False,True,True,True,True
logiqa2,logiqa2-validation-000226,logiqa2-train-009095,1.000000238418579,False,False,False,False,True,False,True
logiqa2,logiqa2-validation-000227,logiqa2-train-003302,0.5860352516174316,True,True,True,False,True,True,True
logiqa2,logiqa2-validation-000228,logiqa2-train-005090,0.6430232524871826,False,False,True,True,True,True,True
logiqa2,logiqa2-validation-000229,logiqa2-train-005563,0.49160557985305786,True,True,True,True,True,True,True
logiqa2,logiqa2-validation-000230,logiqa2-train-010932,0.6171244382858276,True,True,True,True,True,True,True
logiqa2,logiqa2-validation-000231,logiqa2-train-008330,0.5791706442832947,False,False,True,False,True,True,True
logiqa2,logiqa2-validation-000232,logiqa2-train-010009,0.4772641658782959,True,True,True,False,True,False,True
logiqa2,logiqa2-validation-000233,logiqa2-train-003680,0.6159800291061401,False,False,True,True,True,True,True
logiqa2,logiqa2-validation-000234,logiqa2-train-007469,0.4813803434371948,True,True,True,True,True,True,True
logiqa2,logiqa2-validation-000235,logiqa2-train-012098,0.48709118366241455,False,False,False,True,True,False,True
logiqa2,logiqa2-validation-000236,logiqa2-train-001529,0.9885470271110535,False,True,False,False,True,True,True
logiqa2,logiqa2-validation-000237,logiqa2-train-009974,0.8774338364601135,True,True,False,False,True,False,True
logiqa2,logiqa2-validation-000238,logiqa2-train-004009,0.5185876488685608,True,True,True,True,True,True,True
logiqa2,logiqa2-validation-000239,logiqa2-train-006229,0.7021505832672119,False,False,True,True,True,True,True
logiqa2,logiqa2-validation-000240,logiqa2-train-012210,0.6383448243141174,True,True,True,True,True,True,True
logiqa2,logiqa2-validation-000241,logiqa2-train-006647,0.5345116257667542,False,False,False,False,True,True,True
logiqa2,logiqa2-validation-000242,logiqa2-train-012554,0.5513246059417725,True,True,False,False,True,True,True
logiqa2,logiqa2-validation-000243,logiqa2-train-005466,0.6340007781982422,False,False,False,True,True,True,True
logiqa2,logiqa2-validation-000244,logiqa2-train-009770,1.0,True,True,False,False,True,False,True
logiqa2,logiqa2-validation-000245,logiqa2-train-010338,0.7138333320617676,False,False,False,False,True,False,True
logiqa2,logiqa2-validation-000246,logiqa2-train-003920,1.000000238418579,False,,False,True,True,False,True
logiqa2,logiqa2-validation-000247,logiqa2-train-005947,0.7663518786430359,True,True,False,True,True,False,True
logiqa2,logiqa2-validation-000248,logiqa2-train-006187,0.5430177450180054,False,False,True,True,True,False,True
logiqa2,logiqa2-validation-000249,logiqa2-train-012199,0.4941997528076172,True,True,False,False,True,False,True
logiqa2,logiqa2-validation-000250,logiqa2-train-006693,0.5891527533531189,True,True,False,True,True,False,True
logiqa2,logiqa2-validation-000251,logiqa2-train-005637,0.5577583909034729,False,False,False,True,True,True,True
logiqa2,logiqa2-validation-000252,logiqa2-train-001454,0.8290632963180542,True,True,True,True,True,True,True
logiqa2,logiqa2-validation-000253,logiqa2-train-006013,0.7716965079307556,True,True,True,False,True,True,True
logiqa2,logiqa2-validation-000254,logiqa2-train-003111,0.8912002444267273,True,True,True,True,True,True,True
logiqa2,logiqa2-validation-000255,logiqa2-train-002340,0.5587230920791626,False,False,True,True,True,True,True
logiqa2,logiqa2-validation-000256,logiqa2-train-000165,1.000000238418579,False,False,False,False,True,False,True
logiqa2,logiqa2-validation-000257,logiqa2-train-007044,0.54921555519104,True,True,True,True,True,True,True
logiqa2,logiqa2-validation-000258,logiqa2-train-002353,0.9674525260925293,False,False,False,False,True,False,True
logiqa2,logiqa2-validation-000259,logiqa2-train-006194,0.4021713137626648,False,False,True,False,True,True,True
logiqa2,logiqa2-validation-000260,logiqa2-train-002036,0.5290016531944275,True,True,True,True,True,True,True
logiqa2,logiqa2-validation-000261,logiqa2-train-005897,0.6112309694290161,True,True,False,False,True,False,True
logiqa2,logiqa2-validation-000262,logiqa2-train-002681,0.9534982442855835,False,True,False,True,True,False,True
logiqa2,logiqa2-validation-000263,logiqa2-train-011535,0.6031414270401001,True,True,False,False,True,False,True
logiqa2,logiqa2-validation-000264,logiqa2-train-008259,0.8693332076072693,False,False,True,False,True,True,True
logiqa2,logiqa2-validation-000265,logiqa2-train-008516,0.42960596084594727,True,True,True,True,True,True,True
logiqa2,logiqa2-validation-000266,logiqa2-train-005963,0.6062020659446716,True,True,False,False,True,False,True
logiqa2,logiqa2-validation-000267,logiqa2-train-000934,1.0000003576278687,True,True,True,True,True,False,True
logiqa2,logiqa2-validation-000268,logiqa2-train-001318,0.5039814114570618,True,True,True,True,True,False,True
logiqa2,logiqa2-validation-000269,logiqa2-train-001186,0.5411359667778015,False,False,False,False,True,False,True
logiqa2,logiqa2-validation-000270,logiqa2-train-004615,0.5858818292617798,True,True,True,True,True,True,True
logiqa2,logiqa2-validation-000271,logiqa2-train-006466,0.5790771245956421,True,True,False,True,True,True,True
logiqa2,logiqa2-validation-000272,logiqa2-train-010774,0.6813532114028931,False,True,True,True,True,True,True
logiqa2,logiqa2-validation-000273,logiqa2-train-000156,0.6440926194190979,False,False,False,False,True,False,True
logiqa2,logiqa2-validation-000274,logiqa2-train-003832,0.6420612931251526,False,False,True,True,True,True,True
logiqa2,logiqa2-validation-000275,logiqa2-train-000193,0.6743341088294983,True,True,False,False,True,False,True
logiqa2,logiqa2-validation-000276,logiqa2-train-009661,0.9588203430175781,True,True,True,False,True,True,True
logiqa2,logiqa2-validation-000277,logiqa2-train-004674,0.5465269088745117,False,False,False,False,True,False,True
logiqa2,logiqa2-validation-000278,logiqa2-train-012013,0.6303597092628479,False,True,True,True,True,True,True
logiqa2,logiqa2-validation-000279,logiqa2-train-011965,0.4506830871105194,True,True,True,True,True,True,True
logiqa2,logiqa2-validation-000280,logiqa2-train-002589,0.9718948006629944,True,True,False,True,True,False,True
logiqa2,logiqa2-validation-000281,logiqa2-train-002045,0.5404314398765564,True,True,True,True,True,True,True
logiqa2,logiqa2-validation-000282,logiqa2-train-003502,0.5162290930747986,False,False,True,True,True,True,True
logiqa2,logiqa2-validation-000283,logiqa2-train-007233,0.6736077070236206,True,True,False,True,True,True,True
logiqa2,logiqa2-validation-000284,logiqa2-train-012531,0.6191626191139221,True,True,True,True,True,True,True
logiqa2,logiqa2-validation-000285,logiqa2-train-001598,0.6722695231437683,True,True,True,True,True,True,True
logiqa2,logiqa2-validation-000286,logiqa2-train-012424,0.44206729531288147,True,True,True,False,True,True,True
logiqa2,logiqa2-validation-000287,logiqa2-train-010979,0.44401830434799194,True,True,True,False,True,False,True
logiqa2,logiqa2-validation-000288,logiqa2-train-002101,0.6403510570526123,True,True,False,False,True,False,True
logiqa2,logiqa2-validation-000289,logiqa2-train-006122,0.6608263850212097,False,True,False,False,True,False,True
logiqa2,logiqa2-validation-000290,logiqa2-train-009614,0.5241950750350952,False,False,False,True,True,False,True
logiqa2,logiqa2-validation-000291,logiqa2-train-000932,0.46769601106643677,True,True,True,True,True,True,True
logiqa2,logiqa2-validation-000292,logiqa2-train-010006,0.46713492274284363,False,False,False,False,True,True,True
logiqa2,logiqa2-validation-000293,logiqa2-train-009052,0.503626823425293,True,True,True,True,True,True,True
logiqa2,logiqa2-validation-000294,logiqa2-train-010670,0.4534792900085449,False,False,False,True,True,True,True
logiqa2,logiqa2-validation-000295,logiqa2-train-003436,0.5080465078353882,True,True,True,True,True,True,True
logiqa2,logiqa2-validation-000296,logiqa2-train-007522,0.6492221355438232,True,True,False,False,True,True,True
logiqa2,logiqa2-validation-000297,logiqa2-train-003267,0.5545200109481812,False,False,True,True,True,False,True
logiqa2,logiqa2-validation-000298,logiqa2-train-001137,0.5710451602935791,False,False,True,True,True,True,True
logiqa2,logiqa2-validation-000299,logiqa2-train-000444,0.5277848243713379,True,True,False,False,True,False,True
logiqa2,logiqa2-validation-000300,logiqa2-train-002825,0.6932840347290039,True,True,True,True,True,True,True
logiqa2,logiqa2-validation-000301,logiqa2-train-002961,0.5404551029205322,True,True,False,False,True,False,True
logiqa2,logiqa2-validation-000302,logiqa2-train-007266,0.7595709562301636,True,True,True,True,True,True,True
logiqa2,logiqa2-validation-000303,logiqa2-train-002500,0.9531898498535156,False,False,False,False,True,True,True
logiqa2,logiqa2-validation-000304,logiqa2-train-009663,0.6678085327148438,True,True,True,True,True,True,True
logiqa2,logiqa2-validation-000305,logiqa2-train-008335,1.0000001192092896,True,True,False,False,True,True,True
logiqa2,logiqa2-validation-000306,logiqa2-train-011478,0.5933874249458313,False,False,False,False,True,False,True
logiqa2,logiqa2-validation-000307,logiqa2-train-007417,0.6469017267227173,True,True,True,True,True,True,True
logiqa2,logiqa2-validation-000308,logiqa2-train-002475,0.5864071846008301,False,False,True,True,True,True,True
logiqa2,logiqa2-validation-000309,logiqa2-train-002791,0.4671291708946228,False,False,True,True,True,True,True
logiqa2,logiqa2-validation-000310,logiqa2-train-004844,1.0,True,True,True,True,True,True,True
logiqa2,logiqa2-validation-000311,logiqa2-train-005829,0.5651658773422241,False,False,False,False,True,False,True
logiqa2,logiqa2-validation-000312,logiqa2-train-001596,0.5947478413581848,False,False,False,False,True,False,True
logiqa2,logiqa2-validation-000313,logiqa2-train-005303,0.47077175974845886,True,True,False,False,True,False,True
logiqa2,logiqa2-validation-000314,logiqa2-train-009500,0.5849368572235107,False,False,True,True,True,True,True
logiqa2,logiqa2-validation-000315,logiqa2-train-003930,0.5792899131774902,True,True,False,True,True,True,True
logiqa2,logiqa2-validation-000316,logiqa2-train-007211,0.9999995827674866,True,True,True,True,True,True,True
logiqa2,logiqa2-validation-000317,logiqa2-train-009434,0.9999998211860657,True,True,False,True,True,False,True
logiqa2,logiqa2-validation-000318,logiqa2-train-006809,0.5840340852737427,True,True,False,False,True,False,True
logiqa2,logiqa2-validation-000319,logiqa2-train-011466,0.436837375164032,True,True,True,True,True,True,True
logiqa2,logiqa2-validation-000320,logiqa2-train-001380,0.8797245025634766,True,True,True,True,True,True,True
logiqa2,logiqa2-validation-000321,logiqa2-train-007273,0.5902358889579773,True,True,True,True,True,True,True
logiqa2,logiqa2-validation-000322,logiqa2-train-007531,0.493069052696228,False,False,True,True,True,True,True
logiqa2,logiqa2-validation-000323,logiqa2-train-001126,0.5261770486831665,True,True,True,False,True,False,True
logiqa2,logiqa2-validation-000324,logiqa2-train-000071,0.5672629475593567,False,False,False,False,True,False,True
logiqa2,logiqa2-validation-000325,logiqa2-train-006677,0.6182245016098022,False,False,True,True,True,True,True
logiqa2,logiqa2-validation-000326,logiqa2-train-005013,0.5933732390403748,False,False,True,True,True,True,True
logiqa2,logiqa2-validation-000327,logiqa2-train-010770,0.6166322231292725,True,,True,False,True,True,True
logiqa2,logiqa2-validation-000328,logiqa2-train-008467,0.5070257782936096,True,,False,True,True,True,True
logiqa2,logiqa2-validation-000329,logiqa2-train-010895,0.5624306201934814,True,True,True,False,True,True,True
logiqa2,logiqa2-validation-000330,logiqa2-train-010599,0.8586252927780151,False,False,False,False,True,False,True
logiqa2,logiqa2-validation-000331,logiqa2-train-006808,0.6296434998512268,False,False,True,True,True,True,True
logiqa2,logiqa2-validation-000332,logiqa2-train-005411,0.5008891820907593,False,False,True,True,True,True,True
logiqa2,logiqa2-validation-000333,logiqa2-train-007403,0.3997156322002411,False,False,False,False,True,False,True
logiqa2,logiqa2-validation-000334,logiqa2-train-011239,0.4674236476421356,True,,True,True,True,True,True
logiqa2,logiqa2-validation-000335,logiqa2-train-011211,0.48791593313217163,True,True,False,True,True,True,True
logiqa2,logiqa2-validation-000336,logiqa2-train-000876,0.9999999403953552,True,True,True,True,True,True,True
logiqa2,logiqa2-validation-000337,logiqa2-train-008014,1.0,True,True,True,True,True,True,True
logiqa2,logiqa2-validation-000338,logiqa2-train-008811,0.6477481722831726,False,False,True,True,True,True,True
logiqa2,logiqa2-validation-000339,logiqa2-train-010629,0.5998831987380981,True,True,False,False,True,False,True
logiqa2,logiqa2-validation-000340,logiqa2-train-012131,0.5309969782829285,True,True,False,False,True,False,True
logiqa2,logiqa2-validation-000341,logiqa2-train-003878,0.5351325273513794,True,True,False,False,True,False,True
logiqa2,logiqa2-validation-000342,logiqa2-train-006364,0.46540290117263794,True,True,True,True,True,True,True
logiqa2,logiqa2-validation-000343,logiqa2-train-010429,0.9999997615814209,False,,False,True,True,False,True
logiqa2,logiqa2-validation-000344,logiqa2-train-008573,0.7042110562324524,False,False,False,False,True,False,True
logiqa2,logiqa2-validation-000345,logiqa2-train-003126,0.4291701316833496,False,False,False,True,True,True,True
logiqa2,logiqa2-validation-000346,logiqa2-train-010049,0.6678398847579956,False,,False,False,True,False,True
logiqa2,logiqa2-validation-000347,logiqa2-train-001555,0.6330357789993286,False,True,False,True,True,True,True
logiqa2,logiqa2-validation-000348,logiqa2-train-001490,0.9999997019767761,False,False,False,True,True,False,True
logiqa2,logiqa2-validation-000349,logiqa2-train-006446,0.544554591178894,True,True,False,False,True,False,True
logiqa2,logiqa2-validation-000350,logiqa2-train-000485,0.6202692985534668,False,False,False,False,True,True,True
logiqa2,logiqa2-validation-000351,logiqa2-train-003191,0.6210299134254456,True,True,False,False,True,False,True
logiqa2,logiqa2-validation-000352,logiqa2-train-011507,0.6322565078735352,True,True,True,True,True,True,True
logiqa2,logiqa2-validation-000353,logiqa2-train-012468,0.7880120277404785,False,False,False,True,True,True,True
logiqa2,logiqa2-validation-000354,logiqa2-train-000787,0.9999998807907104,True,True,False,True,True,False,True
logiqa2,logiqa2-validation-000355,logiqa2-train-006080,0.9454655647277832,True,True,True,True,True,True,True
logiqa2,logiqa2-validation-000356,logiqa2-train-002350,0.49655815958976746,True,True,False,False,True,False,True
logiqa2,logiqa2-validation-000357,logiqa2-train-004942,0.7239342331886292,True,True,False,False,True,False,True
logiqa2,logiqa2-validation-000358,logiqa2-train-006647,0.7191196084022522,False,False,True,True,True,True,True
logiqa2,logiqa2-validation-000359,logiqa2-train-001858,0.6159353256225586,False,False,False,False,True,False,True
logiqa2,logiqa2-validation-000360,logiqa2-train-005485,0.984037458896637,False,False,False,False,True,False,True
logiqa2,logiqa2-validation-000361,logiqa2-train-004134,0.6184974908828735,False,False,True,True,True,True,True
logiqa2,logiqa2-validation-000362,logiqa2-train-000797,0.6030465364456177,True,True,True,True,True,True,True
logiqa2,logiqa2-validation-000363,logiqa2-train-012412,0.5898842215538025,False,False,False,False,True,False,True
logiqa2,logiqa2-validation-000364,logiqa2-train-005585,0.47349312901496887,False,False,False,False,True,False,True
logiqa2,logiqa2-validation-000365,logiqa2-train-002667,0.6049417853355408,False,False,False,False,True,False,True
logiqa2,logiqa2-validation-000366,logiqa2-train-004630,0.4660835564136505,True,True,True,True,True,True,True
logiqa2,logiqa2-validation-000367,logiqa2-train-001290,0.9999997019767761,True,,True,True,True,True,True
logiqa2,logiqa2-validation-000368,logiqa2-train-004633,0.5789363980293274,False,False,True,False,True,False,True
logiqa2,logiqa2-validation-000369,logiqa2-train-012468,0.9999997615814209,False,False,False,False,True,True,True
logiqa2,logiqa2-validation-000370,logiqa2-train-007035,0.4033816456794739,False,False,True,True,True,True,True
logiqa2,logiqa2-validation-000371,logiqa2-train-003159,0.5884702801704407,False,False,False,False,True,False,True
logiqa2,logiqa2-validation-000372,logiqa2-train-001790,0.5242764353752136,False,False,False,False,True,False,True
logiqa2,logiqa2-validation-000373,logiqa2-train-011171,0.6240113377571106,False,False,False,True,True,False,True
logiqa2,logiqa2-validation-000374,logiqa2-train-006577,1.000000238418579,False,False,False,False,True,False,True
logiqa2,logiqa2-validation-000375,logiqa2-train-010878,0.5809648036956787,False,True,True,False,True,True,True
logiqa2,logiqa2-validation-000376,logiqa2-train-008189,0.9321239590644836,False,False,False,False,True,False,True
logiqa2,logiqa2-validation-000377,logiqa2-train-003312,0.5113632678985596,False,False,False,False,True,False,True
logiqa2,logiqa2-validation-000378,logiqa2-train-011607,0.8846778273582458,False,False,True,True,True,True,True
logiqa2,logiqa2-validation-000379,logiqa2-train-010410,0.6519250273704529,False,False,False,False,True,False,True
logiqa2,logiqa2-validation-000380,logiqa2-train-007813,1.0000003576278687,True,True,True,False,True,True,True
logiqa2,logiqa2-validation-000381,logiqa2-train-008518,0.5593248009681702,True,True,False,False,True,True,True
logiqa2,logiqa2-validation-000382,logiqa2-train-008689,0.9999999403953552,True,True,False,True,True,True,True
logiqa2,logiqa2-validation-000383,logiqa2-train-008397,0.46127814054489136,False,False,True,False,True,False,True
logiqa2,logiqa2-validation-000384,logiqa2-train-011369,0.5186421275138855,True,True,False,True,True,False,True
logiqa2,logiqa2-validation-000385,logiqa2-train-000450,0.5639163851737976,False,False,True,True,True,True,True
logiqa2,logiqa2-validation-000386,logiqa2-train-003998,0.5073181986808777,True,True,True,True,True,False,True
logiqa2,logiqa2-validation-000387,logiqa2-train-002341,0.6355488896369934,False,False,False,False,True,False,True
logiqa2,logiqa2-validation-000388,logiqa2-train-010659,0.5142205953598022,True,True,False,False,True,True,True
logiqa2,logiqa2-validation-000389,logiqa2-train-001280,0.4206511974334717,False,False,False,False,True,True,True
logiqa2,logiqa2-validation-000390,logiqa2-train-008076,0.6578832268714905,True,True,True,True,True,True,True
logiqa2,logiqa2-validation-000391,logiqa2-train-008821,0.5685775876045227,True,True,True,True,True,True,True
logiqa2,logiqa2-validation-000392,logiqa2-train-005846,0.6454821228981018,False,False,False,False,True,True,True
logiqa2,logiqa2-validation-000393,logiqa2-train-009730,0.8342033624649048,True,True,True,False,True,True,True
logiqa2,logiqa2-validation-000394,logiqa2-train-009498,0.7481206655502319,False,False,False,False,True,False,True
logiqa2,logiqa2-validation-000395,logiqa2-train-004538,0.7465145587921143,True,True,True,True,True,True,True
logiqa2,logiqa2-validation-000396,logiqa2-train-006722,0.5493794083595276,True,True,True,True,True,True,True
logiqa2,logiqa2-validation-000397,logiqa2-train-004171,0.5681669116020203,False,False,True,True,True,True,True
logiqa2,logiqa2-validation-000398,logiqa2-train-004215,0.9079273343086243,False,True,True,False,True,True,True
logiqa2,logiqa2-validation-000399,logiqa2-train-010898,0.4826131761074066,True,True,False,True,True,True,True
logiqa2,logiqa2-validation-000400,logiqa2-train-001890,0.6450040936470032,True,True,False,True,True,True,True
logiqa2,logiqa2-validation-000401,logiqa2-train-009262,0.5665114521980286,True,True,False,True,True,False,True
logiqa2,logiqa2-validation-000402,logiqa2-train-005272,0.6965731382369995,True,True,True,False,True,True,True
logiqa2,logiqa2-validation-000403,logiqa2-train-004238,0.9546002149581909,True,,True,,True,False,True
logiqa2,logiqa2-validation-000404,logiqa2-train-001051,0.9999995827674866,False,False,False,False,True,False,True
logiqa2,logiqa2-validation-000405,logiqa2-train-005346,0.5179136991500854,False,False,False,False,True,False,True
logiqa2,logiqa2-validation-000406,logiqa2-train-011930,0.5872564911842346,True,True,True,True,True,True,True
logiqa2,logiqa2-validation-000407,logiqa2-train-005212,0.5507562756538391,True,True,False,False,True,False,True
logiqa2,logiqa2-validation-000408,logiqa2-train-011904,0.5220827460289001,False,False,True,True,True,True,True
logiqa2,logiqa2-validation-000409,logiqa2-train-007820,0.7666234970092773,True,True,False,False,True,True,True
logiqa2,logiqa2-validation-000410,logiqa2-train-002352,0.5438993573188782,True,,False,False,True,True,True
logiqa2,logiqa2-validation-000411,logiqa2-train-007318,0.6276229023933411,False,False,True,False,True,False,True
logiqa2,logiqa2-validation-000412,logiqa2-train-004518,0.6852262616157532,False,False,True,True,True,False,True
logiqa2,logiqa2-validation-000413,logiqa2-train-008908,0.6218388676643372,True,True,False,False,True,False,True
logiqa2,logiqa2-validation-000414,logiqa2-train-010566,0.6333539485931396,True,True,False,True,True,True,True
logiqa2,logiqa2-validation-000415,logiqa2-train-003610,0.44195783138275146,True,True,True,True,True,True,True
logiqa2,logiqa2-validation-000416,logiqa2-train-007685,0.9793183207511902,False,False,False,False,True,False,True
logiqa2,logiqa2-validation-000417,logiqa2-train-005367,0.5209885239601135,False,False,False,False,True,False,True
logiqa2,logiqa2-validation-000418,logiqa2-train-008908,0.5886186361312866,True,True,True,True,True,True,True
logiqa2,logiqa2-validation-000419,logiqa2-train-002824,0.6690170168876648,False,False,True,False,True,False,True
logiqa2,logiqa2-validation-000420,logiqa2-train-008239,0.5932750105857849,False,False,False,False,True,False,True
logiqa2,logiqa2-validation-000421,logiqa2-train-005746,0.9766579866409302,True,True,True,True,True,True,True
logiqa2,logiqa2-validation-000422,logiqa2-train-005898,0.5723075866699219,True,True,True,False,True,True,True
logiqa2,logiqa2-validation-000423,logiqa2-train-000498,0.6838105916976929,False,,True,False,True,True,True
logiqa2,logiqa2-validation-000424,logiqa2-train-004882,0.9942803978919983,True,True,False,False,True,False,True
logiqa2,logiqa2-validation-000425,logiqa2-train-012455,0.9710639119148254,False,False,False,False,True,True,True
logiqa2,logiqa2-validation-000426,logiqa2-train-008618,0.5111543536186218,True,True,False,False,True,False,True
logiqa2,logiqa2-validation-000427,logiqa2-train-011277,0.5208419561386108,False,False,True,False,True,False,True
logiqa2,logiqa2-validation-000428,logiqa2-train-004517,0.760043203830719,False,False,True,True,True,False,True
logiqa2,logiqa2-validation-000429,logiqa2-train-005795,0.5963655114173889,True,True,True,True,True,True,True
logiqa2,logiqa2-validation-000430,logiqa2-train-005248,0.5233827829360962,False,False,True,True,True,True,True
logiqa2,logiqa2-validation-000431,logiqa2-train-009625,0.957226037979126,True,True,False,True,True,True,True
logiqa2,logiqa2-validation-000432,logiqa2-train-011664,0.6001210808753967,True,True,False,False,True,False,True
logiqa2,logiqa2-validation-000433,logiqa2-train-002785,0.802269458770752,True,True,True,True,True,True,True
logiqa2,logiqa2-validation-000434,logiqa2-train-009189,1.000000238418579,False,False,False,False,True,False,True
logiqa2,logiqa2-validation-000435,logiqa2-train-010875,0.9999997019767761,True,True,True,True,True,True,True
logiqa2,logiqa2-validation-000436,logiqa2-train-010072,1.0,False,,True,False,True,False,True
logiqa2,logiqa2-validation-000437,logiqa2-train-004174,1.0000003576278687,True,True,True,True,True,True,True
logiqa2,logiqa2-validation-000438,logiqa2-train-001073,0.9453351497650146,True,True,True,True,True,True,True
logiqa2,logiqa2-validation-000439,logiqa2-train-011598,0.9678970575332642,True,True,True,True,True,True,True
logiqa2,logiqa2-validation-000440,logiqa2-train-008093,0.6460593938827515,True,True,True,True,True,True,True
logiqa2,logiqa2-validation-000441,logiqa2-train-010711,0.5011135935783386,False,False,True,False,True,True,True
logiqa2,logiqa2-validation-000442,logiqa2-train-006678,1.0000004768371582,True,True,True,True,True,True,True
logiqa2,logiqa2-validation-000443,logiqa2-train-009048,0.9669440984725952,False,False,False,True,True,True,True
logiqa2,logiqa2-validation-000444,logiqa2-train-006963,0.9981223344802856,False,False,False,False,True,False,True
logiqa2,logiqa2-validation-000445,logiqa2-train-010338,0.5443990230560303,False,False,True,False,True,True,True
logiqa2,logiqa2-validation-000446,logiqa2-train-009529,0.5214680433273315,False,False,False,False,True,False,True
logiqa2,logiqa2-validation-000447,logiqa2-train-009023,0.4733131229877472,False,False,True,True,True,True,True
logiqa2,logiqa2-validation-000448,logiqa2-train-009691,0.5111514329910278,False,False,True,False,True,False,True
logiqa2,logiqa2-validation-000449,logiqa2-train-005056,0.6294397711753845,False,False,False,False,True,False,True
logiqa2,logiqa2-validation-000450,logiqa2-train-012279,0.6301838159561157,False,False,False,False,True,False,True
logiqa2,logiqa2-validation-000451,logiqa2-train-003023,0.5837478637695312,False,False,False,False,True,False,True
logiqa2,logiqa2-validation-000452,logiqa2-train-003858,0.691956639289856,True,True,True,True,True,True,True
logiqa2,logiqa2-validation-000453,logiqa2-train-010303,0.48778772354125977,True,True,True,True,True,True,True
logiqa2,logiqa2-validation-000454,logiqa2-train-005318,0.6357672810554504,False,True,True,False,True,False,True
logiqa2,logiqa2-validation-000455,logiqa2-train-004371,0.5817222595214844,True,True,False,True,True,False,True
logiqa2,logiqa2-validation-000456,logiqa2-train-009881,0.6550073027610779,True,True,False,True,True,False,True
logiqa2,logiqa2-validation-000457,logiqa2-train-008582,1.0000001192092896,False,False,False,True,True,False,True
logiqa2,logiqa2-validation-000458,logiqa2-train-004015,0.5219525694847107,False,False,False,True,True,False,True
logiqa2,logiqa2-validation-000459,logiqa2-train-008489,0.6356523633003235,True,True,False,True,True,True,True
logiqa2,logiqa2-validation-000460,logiqa2-train-004798,1.0000001192092896,False,False,False,False,True,False,True
logiqa2,logiqa2-validation-000461,logiqa2-train-011463,0.5105093717575073,True,True,False,True,True,True,True
logiqa2,logiqa2-validation-000462,logiqa2-train-008562,1.0000001192092896,False,False,False,False,True,False,True
logiqa2,logiqa2-validation-000463,logiqa2-train-010331,0.6351680755615234,False,False,True,False,True,True,True
logiqa2,logiqa2-validation-000464,logiqa2-train-004174,0.9195388555526733,True,True,False,True,True,True,True
logiqa2,logiqa2-validation-000465,logiqa2-train-011759,0.549835205078125,True,True,True,True,True,True,True
logiqa2,logiqa2-validation-000466,logiqa2-train-005973,0.5956360101699829,True,True,False,False,True,False,True
logiqa2,logiqa2-validation-000467,logiqa2-train-008379,0.6632362604141235,False,False,False,False,True,True,True
logiqa2,logiqa2-validation-000468,logiqa2-train-002994,0.9999992251396179,False,False,False,False,True,False,True
logiqa2,logiqa2-validation-000469,logiqa2-train-008104,0.5258120894432068,True,True,True,True,True,True,True
logiqa2,logiqa2-validation-000470,logiqa2-train-001707,0.5681738257408142,True,True,True,True,True,True,True
logiqa2,logiqa2-validation-000471,logiqa2-train-004233,0.6164601445198059,False,False,False,False,True,True,True
logiqa2,logiqa2-validation-000472,logiqa2-train-009296,0.6852348446846008,False,False,True,True,True,False,True
logiqa2,logiqa2-validation-000473,logiqa2-train-008522,1.0000001192092896,False,False,False,False,True,False,True
logiqa2,logiqa2-validation-000474,logiqa2-train-002641,0.9999999403953552,False,False,False,False,True,False,True
logiqa2,logiqa2-validation-000475,logiqa2-train-008527,0.6481984257698059,True,True,False,False,True,False,True
logiqa2,logiqa2-validation-000476,logiqa2-train-010406,0.5609717965126038,False,False,True,True,True,True,True
logiqa2,logiqa2-validation-000477,logiqa2-train-007517,0.6956099271774292,True,True,False,True,True,True,True
logiqa2,logiqa2-validation-000478,logiqa2-train-010305,0.5217230916023254,True,True,False,False,True,True,True
logiqa2,logiqa2-validation-000479,logiqa2-train-007932,0.5704336762428284,False,False,True,True,True,True,True
logiqa2,logiqa2-validation-000480,logiqa2-train-011516,0.48714473843574524,False,False,True,False,True,False,True
logiqa2,logiqa2-validation-000481,logiqa2-train-002587,0.4297862946987152,False,False,True,True,True,True,True
logiqa2,logiqa2-validation-000482,logiqa2-train-004395,0.6549023389816284,False,False,True,True,True,True,True
logiqa2,logiqa2-validation-000483,logiqa2-train-001392,0.6537254452705383,False,False,False,False,True,False,True
logiqa2,logiqa2-validation-000484,logiqa2-train-010429,0.688846230506897,False,,False,False,True,False,True
logiqa2,logiqa2-validation-000486,logiqa2-train-001986,0.6345221996307373,False,False,True,True,True,True,True
logiqa2,logiqa2-validation-000487,logiqa2-train-008649,0.6804465055465698,True,True,True,True,True,True,True
logiqa2,logiqa2-validation-000488,logiqa2-train-004892,0.9389746189117432,False,False,False,False,True,False,True
logiqa2,logiqa2-validation-000489,logiqa2-train-010286,0.41215991973876953,False,False,True,False,True,True,True
logiqa2,logiqa2-validation-000490,logiqa2-train-010509,0.7776287198066711,True,True,True,False,True,True,True
logiqa2,logiqa2-validation-000491,logiqa2-train-006191,1.0,False,False,False,False,True,False,True
logiqa2,logiqa2-validation-000492,logiqa2-train-005020,0.9878964424133301,False,False,False,False,True,False,True
logiqa2,logiqa2-validation-000493,logiqa2-train-005903,0.6701829433441162,True,True,True,True,True,True,True
logiqa2,logiqa2-validation-000494,logiqa2-train-000534,0.5454776287078857,False,False,True,False,True,False,True
logiqa2,logiqa2-validation-000495,logiqa2-train-003191,0.8955627679824829,True,True,False,False,True,False,True
logiqa2,logiqa2-validation-000496,logiqa2-train-003571,0.972586452960968,False,False,False,False,True,False,True
logiqa2,logiqa2-validation-000497,logiqa2-train-012427,0.580581545829773,False,False,False,True,True,True,True
logiqa2,logiqa2-validation-000498,logiqa2-train-012175,0.5399796366691589,True,True,False,False,True,False,True
logiqa2,logiqa2-validation-000499,logiqa2-train-003439,0.6115256547927856,True,True,True,True,True,True,True
logiqa2,logiqa2-validation-000500,logiqa2-train-005675,0.6331382393836975,True,True,False,False,True,False,True
logiqa2,logiqa2-validation-000501,logiqa2-train-012013,0.5616819858551025,False,True,True,False,True,True,True
logiqa2,logiqa2-validation-000502,logiqa2-train-012110,0.5662072896957397,False,False,True,True,True,True,True
logiqa2,logiqa2-validation-000503,logiqa2-train-008149,0.5409612655639648,False,False,True,False,True,True,True
logiqa2,logiqa2-validation-000504,logiqa2-train-008732,0.6613202095031738,True,True,False,False,True,False,True
logiqa2,logiqa2-validation-000505,logiqa2-train-004761,0.6202743649482727,False,False,True,False,True,True,True
logiqa2,logiqa2-validation-000506,logiqa2-train-000185,0.7289204597473145,True,True,False,False,True,True,True
logiqa2,logiqa2-validation-000507,logiqa2-train-012197,0.6295201778411865,True,True,False,False,True,True,True
logiqa2,logiqa2-validation-000508,logiqa2-train-000906,0.5821134448051453,False,False,False,False,True,False,True
logiqa2,logiqa2-validation-000509,logiqa2-train-000424,0.6475797891616821,True,True,False,False,True,False,True
logiqa2,logiqa2-validation-000510,logiqa2-train-010848,0.6459353566169739,False,False,False,True,True,True,True
logiqa2,logiqa2-validation-000511,logiqa2-train-006796,1.0000003576278687,True,True,True,True,True,True,True
logiqa2,logiqa2-validation-000512,logiqa2-train-003515,0.562042772769928,True,True,False,False,True,True,True
logiqa2,logiqa2-validation-000513,logiqa2-train-007410,0.6438259482383728,False,False,False,True,True,True,True
logiqa2,logiqa2-validation-000514,logiqa2-train-010760,0.599800705909729,True,True,True,True,True,True,True
logiqa2,logiqa2-validation-000515,logiqa2-train-011011,0.6990876793861389,True,True,False,True,True,False,True
logiqa2,logiqa2-validation-000516,logiqa2-train-010689,0.7189133167266846,True,True,False,False,True,False,True
logiqa2,logiqa2-validation-000517,logiqa2-train-003368,0.48823970556259155,True,True,False,False,True,False,True
logiqa2,logiqa2-validation-000518,logiqa2-train-002025,0.9999998211860657,False,False,False,False,True,False,True
logiqa2,logiqa2-validation-000519,logiqa2-train-009417,0.6520316004753113,False,False,True,True,True,True,True
logiqa2,logiqa2-validation-000520,logiqa2-train-008746,0.4753264784812927,True,True,True,False,True,True,True
logiqa2,logiqa2-validation-000521,logiqa2-train-011563,1.0000003576278687,True,True,True,True,True,True,True
logiqa2,logiqa2-validation-000522,logiqa2-train-007015,0.6216070652008057,True,True,True,False,True,True,True
logiqa2,logiqa2-validation-000523,logiqa2-train-010805,0.5277045965194702,True,True,True,True,True,True,True
logiqa2,logiqa2-validation-000524,logiqa2-train-011351,0.5335153937339783,True,True,False,False,True,False,True
logiqa2,logiqa2-validation-000525,logiqa2-train-009083,0.6396803855895996,False,False,False,True,True,False,True
logiqa2,logiqa2-validation-000526,logiqa2-train-003660,0.5044088959693909,False,,True,True,True,True,True
logiqa2,logiqa2-validation-000527,logiqa2-train-010671,0.6028790473937988,False,False,False,False,True,True,True
logiqa2,logiqa2-validation-000528,logiqa2-train-011497,0.7054083943367004,False,False,False,True,True,True,True
logiqa2,logiqa2-validation-000529,logiqa2-train-001797,0.5595601201057434,True,True,True,True,True,True,True
logiqa2,logiqa2-validation-000530,logiqa2-train-005288,0.513303279876709,True,True,False,False,True,False,True
logiqa2,logiqa2-validation-000531,logiqa2-train-002927,0.8135561347007751,False,False,False,False,True,False,True
logiqa2,logiqa2-validation-000532,logiqa2-train-000094,0.8611261248588562,False,False,True,True,True,True,True
logiqa2,logiqa2-validation-000533,logiqa2-train-010331,1.0000004768371582,False,False,False,False,True,True,True
logiqa2,logiqa2-validation-000534,logiqa2-train-000653,0.6013592481613159,True,True,False,True,True,True,True
logiqa2,logiqa2-validation-000535,logiqa2-train-006481,0.5370122790336609,True,True,True,False,True,True,True
logiqa2,logiqa2-validation-000536,logiqa2-train-000794,0.9373735785484314,True,True,False,True,True,True,True
logiqa2,logiqa2-validation-000537,logiqa2-train-007352,0.6053791642189026,True,True,False,False,True,False,True
logiqa2,logiqa2-validation-000538,logiqa2-train-011604,0.6371188163757324,False,False,False,True,True,False,True
logiqa2,logiqa2-validation-000539,logiqa2-train-003026,0.48171547055244446,False,False,False,True,True,True,True
logiqa2,logiqa2-validation-000540,logiqa2-train-005132,0.6365323066711426,True,True,True,False,True,True,True
logiqa2,logiqa2-validation-000541,logiqa2-train-002195,0.6142715811729431,True,True,False,True,True,True,True
logiqa2,logiqa2-validation-000542,logiqa2-train-008556,0.7157557606697083,True,True,True,True,True,True,True
logiqa2,logiqa2-validation-000543,logiqa2-train-007456,0.6046218872070312,True,True,True,True,True,True,True
logiqa2,logiqa2-validation-000544,logiqa2-train-005829,0.5651658773422241,False,False,False,False,True,False,True
logiqa2,logiqa2-validation-000545,logiqa2-train-001717,1.0,False,False,False,False,True,False,True
logiqa2,logiqa2-validation-000546,logiqa2-train-005578,0.8013769388198853,True,,False,True,True,True,True
logiqa2,logiqa2-validation-000547,logiqa2-train-000397,1.0000001192092896,True,True,True,True,True,True,True
logiqa2,logiqa2-validation-000548,logiqa2-train-010746,1.0000001192092896,False,False,False,False,True,False,True
logiqa2,logiqa2-validation-000549,logiqa2-train-002995,0.7194024324417114,True,True,True,True,True,True,True
logiqa2,logiqa2-validation-000550,logiqa2-train-003083,0.9550142884254456,False,False,False,False,True,False,True
logiqa2,logiqa2-validation-000551,logiqa2-train-010547,0.5802827477455139,False,False,True,False,True,False,True
logiqa2,logiqa2-validation-000552,logiqa2-train-004754,0.5670462250709534,False,False,False,True,True,True,True
logiqa2,logiqa2-validation-000553,logiqa2-train-003653,0.8923407196998596,True,True,True,True,True,True,True
logiqa2,logiqa2-validation-000554,logiqa2-train-009811,0.5948222279548645,True,True,False,True,True,True,True
logiqa2,logiqa2-validation-000555,logiqa2-train-005167,0.6326261162757874,False,False,True,True,True,True,True
logiqa2,logiqa2-validation-000556,logiqa2-train-000542,0.5699169635772705,True,True,True,False,True,False,True
logiqa2,logiqa2-validation-000557,logiqa2-train-003605,0.9999997019767761,False,False,False,False,True,False,True
logiqa2,logiqa2-validation-000558,logiqa2-train-010519,0.5439105033874512,True,True,True,False,True,False,True
logiqa2,logiqa2-validation-000559,logiqa2-train-009283,0.5481985211372375,False,False,True,True,True,True,True
logiqa2,logiqa2-validation-000560,logiqa2-train-007203,0.43372973799705505,True,True,False,False,True,False,True
logiqa2,logiqa2-validation-000561,logiqa2-train-001121,0.5444263815879822,True,True,False,False,True,False,True
logiqa2,logiqa2-validation-000562,logiqa2-train-008477,0.9999991655349731,False,False,False,False,True,False,True
logiqa2,logiqa2-validation-000563,logiqa2-train-010336,0.5079590678215027,False,False,True,True,True,True,True
logiqa2,logiqa2-validation-000564,logiqa2-train-006397,0.4468330442905426,True,True,False,False,True,False,True
logiqa2,logiqa2-validation-000565,logiqa2-train-001492,0.7990991473197937,True,True,True,True,True,True,True
logiqa2,logiqa2-validation-000566,logiqa2-train-012542,0.5047982931137085,True,True,True,True,True,True,True
logiqa2,logiqa2-validation-000567,logiqa2-train-000290,0.9999998211860657,True,True,False,True,True,False,True
logiqa2,logiqa2-validation-000568,logiqa2-train-000978,0.9339559674263,False,False,False,False,True,False,True
logiqa2,logiqa2-validation-000569,logiqa2-train-008204,0.6089180111885071,False,False,True,False,True,True,True
logiqa2,logiqa2-validation-000570,logiqa2-train-008315,0.9877649545669556,False,False,True,True,True,False,True
logiqa2,logiqa2-validation-000571,logiqa2-train-009909,1.000000238418579,True,True,True,True,True,True,True
logiqa2,logiqa2-validation-000572,logiqa2-train-001910,0.5083162784576416,True,True,False,False,True,False,True
logiqa2,logiqa2-validation-000573,logiqa2-train-002364,0.5627248287200928,True,True,False,False,True,False,True
logiqa2,logiqa2-validation-000574,logiqa2-train-003610,0.7234722375869751,True,True,True,False,True,True,True
logiqa2,logiqa2-validation-000575,logiqa2-train-006895,0.5720233917236328,True,True,True,False,True,False,True
logiqa2,logiqa2-validation-000576,logiqa2-train-001203,0.4298745393753052,True,True,True,True,True,False,True
logiqa2,logiqa2-validation-000577,logiqa2-train-001842,0.7712320685386658,True,True,False,False,True,False,True
logiqa2,logiqa2-validation-000578,logiqa2-train-003402,0.5435208678245544,True,True,False,False,True,False,True
logiqa2,logiqa2-validation-000579,logiqa2-train-009167,0.5699684619903564,True,True,False,False,True,True,True
logiqa2,logiqa2-validation-000580,logiqa2-train-004667,0.6462610363960266,True,True,True,False,True,False,True
logiqa2,logiqa2-validation-000581,logiqa2-train-007377,0.6663706302642822,False,False,False,True,True,False,True
logiqa2,logiqa2-validation-000582,logiqa2-train-012399,1.0,False,True,True,True,True,True,True
logiqa2,logiqa2-validation-000583,logiqa2-train-002318,0.41096004843711853,True,True,True,False,True,True,True
logiqa2,logiqa2-validation-000584,logiqa2-train-002915,1.0000003576278687,False,False,False,False,True,False,True
logiqa2,logiqa2-validation-000585,logiqa2-train-011478,0.5345281958580017,False,False,True,True,True,True,True
logiqa2,logiqa2-validation-000586,logiqa2-train-010765,0.6353179812431335,False,False,False,True,True,True,True
logiqa2,logiqa2-validation-000587,logiqa2-train-004615,0.6026132106781006,True,True,True,True,True,False,True
logiqa2,logiqa2-validation-000588,logiqa2-train-008656,0.8203954696655273,False,False,False,True,True,True,True
logiqa2,logiqa2-validation-000589,logiqa2-train-009402,1.0000004768371582,True,True,True,True,True,True,True
logiqa2,logiqa2-validation-000590,logiqa2-train-004600,0.9819672107696533,False,False,True,True,True,True,True
logiqa2,logiqa2-validation-000591,logiqa2-train-003440,0.6493561267852783,True,True,True,False,True,False,True
logiqa2,logiqa2-validation-000592,logiqa2-train-006804,0.9999997615814209,False,False,False,False,True,True,True
logiqa2,logiqa2-validation-000593,logiqa2-train-010583,0.509890615940094,True,True,False,False,True,False,True
logiqa2,logiqa2-validation-000594,logiqa2-train-010626,0.9999999403953552,False,,False,False,True,True,True
logiqa2,logiqa2-validation-000595,logiqa2-train-002916,0.46066781878471375,True,True,True,True,True,True,True
logiqa2,logiqa2-validation-000596,logiqa2-train-002184,0.5476932525634766,True,True,True,True,True,True,True
logiqa2,logiqa2-validation-000597,logiqa2-train-002501,0.5755748152732849,True,True,True,True,True,True,True
logiqa2,logiqa2-validation-000598,logiqa2-train-007278,1.000000238418579,False,False,True,False,True,True,True
logiqa2,logiqa2-validation-000599,logiqa2-train-001964,0.5517235994338989,False,False,True,False,True,False,True
logiqa2,logiqa2-validation-000600,logiqa2-train-006768,1.0000001192092896,True,True,True,True,True,True,True
logiqa2,logiqa2-validation-000601,logiqa2-train-002700,1.0,True,True,True,True,True,True,True
logiqa2,logiqa2-validation-000602,logiqa2-train-000108,0.5143074989318848,True,True,False,True,True,True,True
logiqa2,logiqa2-validation-000603,logiqa2-train-008573,0.9623520374298096,False,False,False,False,True,False,True
logiqa2,logiqa2-validation-000604,logiqa2-train-006387,0.712843120098114,True,True,False,True,True,True,True
logiqa2,logiqa2-validation-000605,logiqa2-train-012349,0.7218771576881409,True,True,False,False,True,False,True
logiqa2,logiqa2-validation-000606,logiqa2-train-008752,0.9505290389060974,False,False,True,True,True,True,True
logiqa2,logiqa2-validation-000607,logiqa2-train-000620,0.7584407329559326,True,True,False,True,True,True,True
logiqa2,logiqa2-validation-000608,logiqa2-train-006444,0.5452854037284851,False,False,True,True,True,False,True
logiqa2,logiqa2-validation-000609,logiqa2-train-007220,0.4674311876296997,True,True,True,True,True,True,True
logiqa2,logiqa2-validation-000610,logiqa2-train-006894,0.543689489364624,True,True,False,True,True,False,True
logiqa2,logiqa2-validation-000611,logiqa2-train-010503,0.9999995231628418,True,True,True,True,True,True,True
logiqa2,logiqa2-validation-000612,logiqa2-train-006196,0.6518106460571289,True,True,True,True,True,False,True
logiqa2,logiqa2-validation-000613,logiqa2-train-006537,0.7375870943069458,True,True,True,True,True,True,True
logiqa2,logiqa2-validation-000614,logiqa2-train-006487,1.0000001192092896,True,True,True,False,True,True,True
logiqa2,logiqa2-validation-000615,logiqa2-train-006901,0.4956168532371521,False,False,False,False,True,True,True
logiqa2,logiqa2-validation-000616,logiqa2-train-006032,0.9664721488952637,True,True,True,True,True,True,True
logiqa2,logiqa2-validation-000617,logiqa2-train-011408,0.43857648968696594,True,True,False,True,True,False,True
logiqa2,logiqa2-validation-000618,logiqa2-train-009901,0.5003330707550049,True,True,True,False,True,False,True
logiqa2,logiqa2-validation-000619,logiqa2-train-010771,0.5337581634521484,True,True,True,True,True,True,True
logiqa2,logiqa2-validation-000620,logiqa2-train-008078,0.45981812477111816,True,True,False,False,True,False,True
logiqa2,logiqa2-validation-000621,logiqa2-train-001566,0.4817729890346527,False,False,True,True,True,True,True
logiqa2,logiqa2-validation-000622,logiqa2-train-010670,0.545423686504364,False,False,False,False,True,False,True
logiqa2,logiqa2-validation-000623,logiqa2-train-000066,0.5726740956306458,True,True,True,True,True,True,True
logiqa2,logiqa2-validation-000624,logiqa2-train-005915,0.6670463681221008,False,False,True,True,True,True,True
logiqa2,logiqa2-validation-000625,logiqa2-train-011932,0.40886592864990234,True,True,True,True,True,False,True
logiqa2,logiqa2-validation-000626,logiqa2-train-006324,0.5879062414169312,True,True,False,True,True,True,True
logiqa2,logiqa2-validation-000627,logiqa2-train-000836,0.5412198305130005,True,True,False,False,True,True,True
logiqa2,logiqa2-validation-000628,logiqa2-train-009130,0.5360934734344482,True,True,True,True,True,True,True
logiqa2,logiqa2-validation-000629,logiqa2-train-001212,0.9999999403953552,True,True,True,True,True,True,True
logiqa2,logiqa2-validation-000630,logiqa2-train-005694,1.000000238418579,True,True,True,False,True,True,True
logiqa2,logiqa2-validation-000631,logiqa2-train-004586,0.9655014276504517,True,True,True,False,True,True,True
logiqa2,logiqa2-validation-000632,logiqa2-train-002817,0.5706964135169983,False,False,False,False,True,False,True
logiqa2,logiqa2-validation-000633,logiqa2-train-001091,0.5918099284172058,True,True,True,False,True,True,True
logiqa2,logiqa2-validation-000634,logiqa2-train-003693,0.5619442462921143,False,False,False,False,True,True,True
logiqa2,logiqa2-validation-000635,logiqa2-train-003884,0.7005215883255005,True,True,True,True,True,True,True
logiqa2,logiqa2-validation-000636,logiqa2-train-008438,0.5720248222351074,True,True,False,False,True,False,True
logiqa2,logiqa2-validation-000637,logiqa2-train-007887,0.414259672164917,True,True,True,True,True,True,True
logiqa2,logiqa2-validation-000638,logiqa2-train-004048,0.584480345249176,True,True,True,True,True,True,True
logiqa2,logiqa2-validation-000639,logiqa2-train-005013,0.7057662010192871,False,False,True,True,True,True,True
logiqa2,logiqa2-validation-000640,logiqa2-train-001242,0.551154613494873,False,False,True,True,True,False,True
logiqa2,logiqa2-validation-000641,logiqa2-train-007823,0.57964688539505,True,True,True,True,True,False,True
logiqa2,logiqa2-validation-000642,logiqa2-train-009524,0.5788130164146423,True,False,True,True,True,True,True
logiqa2,logiqa2-validation-000643,logiqa2-train-006739,0.45769792795181274,True,True,False,False,True,True,True
logiqa2,logiqa2-validation-000644,logiqa2-train-011669,0.6140373349189758,True,True,True,True,True,False,True
logiqa2,logiqa2-validation-000645,logiqa2-train-006768,0.45949411392211914,True,True,False,False,True,True,True
logiqa2,logiqa2-validation-000646,logiqa2-train-007049,0.6013634204864502,False,False,True,True,True,True,True
logiqa2,logiqa2-validation-000647,logiqa2-train-000642,1.0,False,False,False,False,True,False,True
logiqa2,logiqa2-validation-000648,logiqa2-train-000690,0.5382898449897766,True,True,False,True,True,False,True
logiqa2,logiqa2-validation-000649,logiqa2-train-011887,0.573910653591156,False,False,True,True,True,True,True
logiqa2,logiqa2-validation-000650,logiqa2-train-000707,0.44506511092185974,False,False,True,True,True,False,True
logiqa2,logiqa2-validation-000651,logiqa2-train-001999,0.5143324136734009,True,True,True,True,True,True,True
logiqa2,logiqa2-validation-000652,logiqa2-train-005621,1.0,True,True,True,True,True,True,True
logiqa2,logiqa2-validation-000653,logiqa2-train-001451,0.5855022072792053,False,False,True,True,True,True,True
logiqa2,logiqa2-validation-000654,logiqa2-train-001712,0.5101413130760193,True,True,False,False,True,False,True
logiqa2,logiqa2-validation-000655,logiqa2-train-000987,1.0000003576278687,True,True,True,True,True,False,True
logiqa2,logiqa2-validation-000656,logiqa2-train-004091,0.7979248762130737,False,False,False,False,True,False,True
logiqa2,logiqa2-validation-000657,logiqa2-train-001216,0.5995888113975525,True,True,False,False,True,True,True
logiqa2,logiqa2-validation-000658,logiqa2-train-003202,0.5682634711265564,True,True,True,True,True,True,True
logiqa2,logiqa2-validation-000659,logiqa2-train-002529,0.9353983402252197,True,True,False,True,True,True,True
logiqa2,logiqa2-validation-000660,logiqa2-train-008359,1.0000001192092896,False,,False,False,True,False,True
logiqa2,logiqa2-validation-000661,logiqa2-train-011965,0.6641144752502441,True,True,True,True,True,True,True
logiqa2,logiqa2-validation-000662,logiqa2-train-012210,0.6383448243141174,True,True,True,True,True,True,True
logiqa2,logiqa2-validation-000663,logiqa2-train-011978,0.7142249345779419,False,False,True,False,True,False,True
logiqa2,logiqa2-validation-000664,logiqa2-train-002519,0.9999996423721313,False,False,False,False,True,False,True
logiqa2,logiqa2-validation-000665,logiqa2-train-005796,0.5523154139518738,True,True,False,True,True,True,True
logiqa2,logiqa2-validation-000666,logiqa2-train-004675,0.6118119955062866,False,False,True,True,True,True,True
logiqa2,logiqa2-validation-000667,logiqa2-train-000542,1.0000001192092896,True,True,True,True,True,True,True
logiqa2,logiqa2-validation-000668,logiqa2-train-001719,0.5419977307319641,False,False,False,False,True,False,True
logiqa2,logiqa2-validation-000669,logiqa2-train-001368,0.5740870833396912,False,False,False,False,True,True,True
logiqa2,logiqa2-validation-000670,logiqa2-train-003715,0.4945187270641327,False,False,False,False,True,False,True
logiqa2,logiqa2-validation-000671,logiqa2-train-011972,0.784092366695404,False,False,True,True,True,True,True
logiqa2,logiqa2-validation-000672,logiqa2-train-005436,0.6168922781944275,True,True,False,True,True,False,True
logiqa2,logiqa2-validation-000673,logiqa2-train-005551,0.9999999403953552,False,,False,False,True,False,True
logiqa2,logiqa2-validation-000674,logiqa2-train-004850,0.5729851126670837,True,True,True,True,True,True,True
logiqa2,logiqa2-validation-000675,logiqa2-train-002662,1.0000001192092896,False,False,False,False,True,False,True
logiqa2,logiqa2-validation-000676,logiqa2-train-003896,0.9527210593223572,False,False,False,False,True,True,True
logiqa2,logiqa2-validation-000677,logiqa2-train-004658,0.6244637370109558,True,True,True,True,True,True,True
logiqa2,logiqa2-validation-000678,logiqa2-train-009881,0.530771017074585,True,True,True,False,True,False,True
logiqa2,logiqa2-validation-000679,logiqa2-train-004487,0.6416427493095398,False,False,False,False,True,False,True
logiqa2,logiqa2-validation-000680,logiqa2-train-004241,0.6615758538246155,True,True,True,True,True,False,True
logiqa2,logiqa2-validation-000681,logiqa2-train-002900,0.9999996423721313,True,True,True,False,True,True,True
logiqa2,logiqa2-validation-000682,logiqa2-train-005799,0.4662216305732727,False,False,True,False,True,False,True
logiqa2,logiqa2-validation-000683,logiqa2-train-010795,0.980600118637085,True,True,True,True,True,True,True
logiqa2,logiqa2-validation-000684,logiqa2-train-006086,1.0,False,False,False,False,True,False,True
logiqa2,logiqa2-validation-000685,logiqa2-train-001841,0.6734639406204224,False,False,True,True,True,True,True
logiqa2,logiqa2-validation-000686,logiqa2-train-004500,1.0000003576278687,False,False,False,False,True,False,True
logiqa2,logiqa2-validation-000687,logiqa2-train-004970,0.6494172215461731,True,True,True,False,True,False,True
logiqa2,logiqa2-validation-000688,logiqa2-train-002693,0.5332794189453125,True,True,True,False,True,False,True
logiqa2,logiqa2-validation-000689,logiqa2-train-000835,1.0000001192092896,True,True,True,True,True,False,True
logiqa2,logiqa2-validation-000690,logiqa2-train-012177,1.0000001192092896,False,True,False,False,True,True,True
logiqa2,logiqa2-validation-000691,logiqa2-train-003737,0.5864759087562561,True,True,True,True,True,True,True
logiqa2,logiqa2-validation-000692,logiqa2-train-012261,0.4701409637928009,False,False,True,True,True,True,True
logiqa2,logiqa2-validation-000693,logiqa2-train-008668,1.0000001192092896,True,True,True,True,True,True,True
logiqa2,logiqa2-validation-000694,logiqa2-train-004771,0.9999997019767761,True,True,True,True,True,True,True
logiqa2,logiqa2-validation-000695,logiqa2-train-002825,0.5134429931640625,True,True,False,True,True,True,True
logiqa2,logiqa2-validation-000696,logiqa2-train-002755,0.6772615313529968,True,True,False,False,True,False,True
logiqa2,logiqa2-validation-000697,logiqa2-train-006940,0.7221913933753967,False,False,False,False,True,True,True
logiqa2,logiqa2-validation-000698,logiqa2-train-009893,0.5695167779922485,False,False,True,False,True,False,True
logiqa2,logiqa2-validation-000699,logiqa2-train-008356,0.9227709770202637,True,True,True,True,True,True,True
logiqa2,logiqa2-validation-000700,logiqa2-train-006805,0.5579333305358887,False,False,True,True,True,True,True
logiqa2,logiqa2-validation-000701,logiqa2-train-012238,0.6142875552177429,False,,True,True,True,False,True
logiqa2,logiqa2-validation-000702,logiqa2-train-008952,0.5574660301208496,True,True,True,True,True,True,True
logiqa2,logiqa2-validation-000703,logiqa2-train-010240,0.5148727297782898,False,False,True,True,True,True,True
logiqa2,logiqa2-validation-000704,logiqa2-train-010493,0.6158374547958374,False,False,True,True,True,False,True
logiqa2,logiqa2-validation-000705,logiqa2-train-011926,0.6829211711883545,True,True,True,True,True,True,True
logiqa2,logiqa2-validation-000706,logiqa2-train-001719,0.4983479678630829,False,False,True,False,True,True,True
logiqa2,logiqa2-validation-000707,logiqa2-train-010384,0.6406459808349609,True,True,False,False,True,True,True
logiqa2,logiqa2-validation-000708,logiqa2-train-003146,0.7907012104988098,True,True,False,True,True,True,True
logiqa2,logiqa2-validation-000709,logiqa2-train-009995,0.5331352949142456,True,True,True,True,True,True,True
logiqa2,logiqa2-validation-000710,logiqa2-train-003950,1.0000003576278687,True,True,True,True,True,True,True
logiqa2,logiqa2-validation-000711,logiqa2-train-005418,0.7130894064903259,True,True,True,False,True,True,True
logiqa2,logiqa2-validation-000712,logiqa2-train-005447,0.8857598304748535,True,True,True,False,True,False,True
logiqa2,logiqa2-validation-000713,logiqa2-train-009250,0.7924743294715881,True,True,True,True,True,True,True
logiqa2,logiqa2-validation-000714,logiqa2-train-008811,0.5675378441810608,False,False,True,True,True,False,True
logiqa2,logiqa2-validation-000715,logiqa2-train-005954,0.47689568996429443,True,True,True,True,True,True,True
logiqa2,logiqa2-validation-000716,logiqa2-train-008307,0.45942696928977966,False,False,False,False,True,True,True
logiqa2,logiqa2-validation-000717,logiqa2-train-011883,0.48502081632614136,False,False,False,False,True,False,True
logiqa2,logiqa2-validation-000718,logiqa2-train-011146,0.5494899153709412,True,True,True,True,True,True,True
logiqa2,logiqa2-validation-000719,logiqa2-train-012131,0.9999999403953552,True,True,False,False,True,True,True
logiqa2,logiqa2-validation-000720,logiqa2-train-009352,0.7356634140014648,False,False,False,False,True,False,True
logiqa2,logiqa2-validation-000721,logiqa2-train-000714,0.9999998807907104,False,False,False,False,True,False,True
logiqa2,logiqa2-validation-000722,logiqa2-train-010253,1.000000238418579,False,False,False,False,True,False,True
logiqa2,logiqa2-validation-000723,logiqa2-train-002039,0.42906519770622253,True,True,True,True,True,True,True
logiqa2,logiqa2-validation-000724,logiqa2-train-006478,0.5450490713119507,True,True,False,False,True,False,True
logiqa2,logiqa2-validation-000725,logiqa2-train-004839,0.589854896068573,True,True,True,True,True,True,True
logiqa2,logiqa2-validation-000726,logiqa2-train-003089,0.6877652406692505,True,True,True,True,True,True,True
logiqa2,logiqa2-validation-000727,logiqa2-train-001318,0.6157781481742859,True,True,True,True,True,True,True
logiqa2,logiqa2-validation-000728,logiqa2-train-004470,0.47214365005493164,False,False,False,False,True,False,True
logiqa2,logiqa2-validation-000729,logiqa2-train-005415,1.000000238418579,False,False,True,False,True,True,True
logiqa2,logiqa2-validation-000730,logiqa2-train-002633,0.6492834687232971,True,,True,True,True,False,True
logiqa2,logiqa2-validation-000731,logiqa2-train-003872,0.9999998807907104,True,True,True,False,True,True,True
logiqa2,logiqa2-validation-000732,logiqa2-train-005388,0.6544077396392822,True,True,True,True,True,True,True
logiqa2,logiqa2-validation-000733,logiqa2-train-010441,0.5885202884674072,False,False,True,True,True,True,True
logiqa2,logiqa2-validation-000734,logiqa2-train-008439,0.5902493596076965,True,True,True,True,True,True,True
logiqa2,logiqa2-validation-000735,logiqa2-train-009202,0.6211545467376709,True,True,True,False,True,False,True
logiqa2,logiqa2-validation-000736,logiqa2-train-010160,0.7278634309768677,True,True,True,True,True,True,True
logiqa2,logiqa2-validation-000737,logiqa2-train-011540,0.5747329592704773,True,True,False,False,True,False,True
logiqa2,logiqa2-validation-000738,logiqa2-train-002156,0.9707263708114624,True,,True,True,True,False,True
logiqa2,logiqa2-validation-000739,logiqa2-train-003932,0.5443812608718872,True,True,True,False,True,True,True
logiqa2,logiqa2-validation-000740,logiqa2-train-004453,0.5720427632331848,False,False,True,False,True,True,True
logiqa2,logiqa2-validation-000741,logiqa2-train-004623,1.0000001192092896,True,True,True,True,True,True,True
logiqa2,logiqa2-validation-000742,logiqa2-train-012531,0.6078750491142273,True,True,True,True,True,True,True
logiqa2,logiqa2-validation-000743,logiqa2-train-002114,0.5704003572463989,True,True,True,True,True,False,True
logiqa2,logiqa2-validation-000744,logiqa2-train-002876,0.5452527403831482,True,True,False,True,True,False,True
logiqa2,logiqa2-validation-000745,logiqa2-train-001415,0.9999999403953552,False,False,False,False,True,True,True
logiqa2,logiqa2-validation-000746,logiqa2-train-000695,0.5734981894493103,True,True,True,True,True,True,True
logiqa2,logiqa2-validation-000747,logiqa2-train-010242,0.5062614679336548,True,True,False,False,True,False,True
logiqa2,logiqa2-validation-000748,logiqa2-train-000017,0.5346001386642456,False,False,True,True,True,True,True
logiqa2,logiqa2-validation-000749,logiqa2-train-009695,0.4361613690853119,True,True,False,False,True,False,True
logiqa2,logiqa2-validation-000750,logiqa2-train-009124,0.6211956739425659,True,True,False,False,True,False,True
logiqa2,logiqa2-validation-000751,logiqa2-train-007008,0.7787843942642212,False,False,True,True,True,True,True
logiqa2,logiqa2-validation-000752,logiqa2-train-009167,0.9176978468894958,True,True,False,False,True,True,True
logiqa2,logiqa2-validation-000753,logiqa2-train-011807,0.5542083978652954,True,True,True,True,True,True,True
logiqa2,logiqa2-validation-000754,logiqa2-train-012171,0.6730837821960449,True,True,False,True,True,False,True
logiqa2,logiqa2-validation-000755,logiqa2-train-004214,0.5460938215255737,False,True,True,True,True,True,True
logiqa2,logiqa2-validation-000756,logiqa2-train-008737,0.6863186359405518,False,False,False,True,True,False,True
logiqa2,logiqa2-validation-000757,logiqa2-train-005946,0.5579244494438171,True,True,True,True,True,True,True
logiqa2,logiqa2-validation-000758,logiqa2-train-005244,1.0000003576278687,False,True,False,True,True,False,True
logiqa2,logiqa2-validation-000759,logiqa2-train-002476,0.548511803150177,False,False,False,False,True,False,True
logiqa2,logiqa2-validation-000760,logiqa2-train-005153,0.8697810769081116,True,True,False,True,True,True,True
logiqa2,logiqa2-validation-000761,logiqa2-train-004212,0.5817531943321228,True,True,False,True,True,True,True
logiqa2,logiqa2-validation-000762,logiqa2-train-003755,1.0000003576278687,False,True,True,True,True,True,True
logiqa2,logiqa2-validation-000763,logiqa2-train-006523,1.0000003576278687,False,False,False,False,True,False,True
logiqa2,logiqa2-validation-000764,logiqa2-train-010319,0.7296617031097412,False,False,False,False,True,False,True
logiqa2,logiqa2-validation-000765,logiqa2-train-007137,0.5476408004760742,False,False,True,True,True,True,True
logiqa2,logiqa2-validation-000766,logiqa2-train-002744,0.48519331216812134,False,False,True,True,True,True,True
logiqa2,logiqa2-validation-000767,logiqa2-train-011540,0.5763641595840454,True,True,False,False,True,False,True
logiqa2,logiqa2-validation-000768,logiqa2-train-006852,0.9999996423721313,True,True,True,False,True,True,True
logiqa2,logiqa2-validation-000769,logiqa2-train-006758,0.49378886818885803,True,True,True,True,True,True,True
logiqa2,logiqa2-validation-000770,logiqa2-train-006806,0.9999998211860657,False,False,False,False,True,False,True
logiqa2,logiqa2-validation-000771,logiqa2-train-001374,0.6230959892272949,True,True,False,False,True,False,True
logiqa2,logiqa2-validation-000772,logiqa2-train-011834,1.0000004768371582,True,True,True,True,True,True,True
logiqa2,logiqa2-validation-000773,logiqa2-train-004345,0.6046893000602722,False,False,False,False,True,False,True
logiqa2,logiqa2-validation-000774,logiqa2-train-003951,0.5875491499900818,True,True,True,True,True,True,True
logiqa2,logiqa2-validation-000775,logiqa2-train-006181,0.6206520199775696,False,False,True,True,True,True,True
logiqa2,logiqa2-validation-000776,logiqa2-train-000851,1.0000001192092896,False,False,True,False,True,False,True
logiqa2,logiqa2-validation-000777,logiqa2-train-000104,0.5730890035629272,False,,True,False,True,True,True
logiqa2,logiqa2-validation-000778,logiqa2-train-007523,0.6944971680641174,False,True,False,True,True,True,True
logiqa2,logiqa2-validation-000779,logiqa2-train-011543,0.688203752040863,True,True,False,True,True,False,True
logiqa2,logiqa2-validation-000780,logiqa2-train-011592,0.639026939868927,False,False,True,True,True,True,True
logiqa2,logiqa2-validation-000781,logiqa2-train-001803,1.000000238418579,True,True,True,True,True,True,True
logiqa2,logiqa2-validation-000782,logiqa2-train-003065,0.4969995617866516,True,True,False,False,True,False,True
logiqa2,logiqa2-validation-000783,logiqa2-train-001620,0.6652210354804993,True,True,True,True,True,True,True
logiqa2,logiqa2-validation-000784,logiqa2-train-007143,0.5301926732063293,False,False,True,True,True,True,True
logiqa2,logiqa2-validation-000785,logiqa2-train-009631,0.9999997615814209,True,,True,False,True,False,True
logiqa2,logiqa2-validation-000786,logiqa2-train-008244,0.5104783177375793,True,True,True,True,True,True,True
logiqa2,logiqa2-validation-000787,logiqa2-train-012230,0.4558909833431244,False,False,False,False,True,False,True
logiqa2,logiqa2-validation-000788,logiqa2-train-004603,0.5289502143859863,True,,True,True,True,True,True
logiqa2,logiqa2-validation-000789,logiqa2-train-009210,0.5775838494300842,True,True,True,True,True,False,True
logiqa2,logiqa2-validation-000790,logiqa2-train-006207,1.0000001192092896,True,,False,True,True,False,True
logiqa2,logiqa2-validation-000791,logiqa2-train-010144,0.8600695133209229,True,True,False,False,True,False,True
logiqa2,logiqa2-validation-000792,logiqa2-train-003006,0.5538867712020874,False,False,False,True,True,False,True
logiqa2,logiqa2-validation-000793,logiqa2-train-008943,0.5318620800971985,False,False,False,False,True,True,True
logiqa2,logiqa2-validation-000794,logiqa2-train-004695,0.5842733383178711,False,True,True,True,True,True,True
logiqa2,logiqa2-validation-000795,logiqa2-train-011750,0.9999998211860657,False,False,True,True,True,True,True
logiqa2,logiqa2-validation-000796,logiqa2-train-007527,0.9999998211860657,False,False,False,True,True,True,True
logiqa2,logiqa2-validation-000797,logiqa2-train-004606,1.0000001192092896,True,True,True,True,True,True,True
logiqa2,logiqa2-validation-000798,logiqa2-train-001711,0.6113006472587585,False,False,False,False,True,False,True
logiqa2,logiqa2-validation-000799,logiqa2-train-006295,1.0000001192092896,True,True,True,True,True,True,True
logiqa2,logiqa2-validation-000800,logiqa2-train-000713,0.5439118146896362,False,False,False,True,True,False,True
logiqa2,logiqa2-validation-000801,logiqa2-train-006910,0.635827898979187,True,True,True,True,True,True,True
logiqa2,logiqa2-validation-000802,logiqa2-train-003930,0.5843974947929382,True,True,False,True,True,True,True
logiqa2,logiqa2-validation-000803,logiqa2-train-002633,1.000000238418579,True,,False,True,True,True,True
logiqa2,logiqa2-validation-000804,logiqa2-train-000380,0.751685619354248,True,True,True,False,True,False,True
logiqa2,logiqa2-validation-000805,logiqa2-train-008422,1.0,False,,,True,True,True,True
logiqa2,logiqa2-validation-000806,logiqa2-train-003059,0.7155040502548218,True,True,True,True,True,True,True
logiqa2,logiqa2-validation-000807,logiqa2-train-001524,0.6274815201759338,False,False,False,False,True,False,True
logiqa2,logiqa2-validation-000808,logiqa2-train-007315,0.6073194742202759,False,False,False,False,True,True,True
logiqa2,logiqa2-validation-000809,logiqa2-train-009917,0.686272144317627,True,,False,True,True,True,True
logiqa2,logiqa2-validation-000810,logiqa2-train-008502,0.5006990432739258,True,True,False,False,True,False,True
logiqa2,logiqa2-validation-000811,logiqa2-train-005641,0.6482977271080017,False,False,False,False,True,False,True
logiqa2,logiqa2-validation-000812,logiqa2-train-011839,0.8510965704917908,False,False,True,True,True,True,True
logiqa2,logiqa2-validation-000813,logiqa2-train-004813,0.49452054500579834,True,True,False,True,True,False,True
logiqa2,logiqa2-validation-000814,logiqa2-train-005805,0.5791210532188416,False,False,False,False,True,False,True
logiqa2,logiqa2-validation-000815,logiqa2-train-002027,0.5472386479377747,True,True,False,False,True,False,True
logiqa2,logiqa2-validation-000816,logiqa2-train-011031,1.0,True,True,True,True,True,True,True
logiqa2,logiqa2-validation-000817,logiqa2-train-005841,0.4817483723163605,False,False,True,True,True,False,True
logiqa2,logiqa2-validation-000818,logiqa2-train-010908,0.55949866771698,False,False,False,True,True,False,True
logiqa2,logiqa2-validation-000819,logiqa2-train-007400,0.5836029648780823,True,True,True,True,True,True,True
logiqa2,logiqa2-validation-000820,logiqa2-train-009120,0.501695990562439,False,False,True,True,True,False,True
logiqa2,logiqa2-validation-000821,logiqa2-train-009638,0.542812168598175,False,False,True,True,True,True,True
logiqa2,logiqa2-validation-000822,logiqa2-train-005866,0.5351913571357727,True,True,False,True,True,False,True
logiqa2,logiqa2-validation-000823,logiqa2-train-006254,1.0000003576278687,True,True,True,True,True,True,True
logiqa2,logiqa2-validation-000824,logiqa2-train-005715,0.905059814453125,True,True,True,True,True,True,True
logiqa2,logiqa2-validation-000825,logiqa2-train-002045,0.7829964756965637,True,True,False,False,True,False,True
logiqa2,logiqa2-validation-000826,logiqa2-train-001441,0.6561977863311768,False,False,True,False,True,False,True
logiqa2,logiqa2-validation-000827,logiqa2-train-006163,0.9999998807907104,True,True,True,True,True,True,True
logiqa2,logiqa2-validation-000828,logiqa2-train-002784,0.6861154437065125,False,False,False,True,True,True,True
logiqa2,logiqa2-validation-000829,logiqa2-train-000812,0.5169475078582764,False,False,False,False,True,False,True
logiqa2,logiqa2-validation-000830,logiqa2-train-004338,0.7794989943504333,True,True,False,True,True,True,True
logiqa2,logiqa2-validation-000831,logiqa2-train-001697,0.5900326371192932,True,True,False,False,True,True,True
logiqa2,logiqa2-validation-000832,logiqa2-train-006797,0.6986703872680664,True,True,False,True,True,True,True
logiqa2,logiqa2-validation-000833,logiqa2-train-012465,0.6499706506729126,True,True,False,False,True,False,True
logiqa2,logiqa2-validation-000834,logiqa2-train-001257,1.0,True,True,True,True,True,True,True
logiqa2,logiqa2-validation-000835,logiqa2-train-002104,0.5531277656555176,True,True,False,True,True,False,True
logiqa2,logiqa2-validation-000836,logiqa2-train-008539,0.5516545176506042,True,True,False,False,True,False,True
logiqa2,logiqa2-validation-000837,logiqa2-train-007009,0.9999997615814209,True,,True,False,True,True,True
logiqa2,logiqa2-validation-000838,logiqa2-train-005146,0.9040887355804443,False,False,False,True,True,False,True
logiqa2,logiqa2-validation-000839,logiqa2-train-001549,1.0000003576278687,True,True,True,False,True,False,True
logiqa2,logiqa2-validation-000840,logiqa2-train-009994,0.5000524520874023,False,False,True,False,True,False,True
logiqa2,logiqa2-validation-000841,logiqa2-train-001186,0.5411359667778015,False,False,False,False,True,False,True
logiqa2,logiqa2-validation-000842,logiqa2-train-011787,0.8153808116912842,False,False,True,False,True,True,True
logiqa2,logiqa2-validation-000843,logiqa2-train-008242,1.000000238418579,False,False,False,True,True,True,True
logiqa2,logiqa2-validation-000844,logiqa2-train-004304,0.5555973649024963,True,True,True,True,True,True,True
logiqa2,logiqa2-validation-000845,logiqa2-train-001935,0.6677122712135315,True,True,False,True,True,True,True
logiqa2,logiqa2-validation-000846,logiqa2-train-005670,0.8124603629112244,False,False,True,True,True,False,True
logiqa2,logiqa2-validation-000847,logiqa2-train-011677,0.569342851638794,True,True,False,True,True,True,True
logiqa2,logiqa2-validation-000848,logiqa2-train-002443,0.5250596404075623,False,False,False,False,True,False,True
logiqa2,logiqa2-validation-000849,logiqa2-train-005065,0.6499937772750854,True,True,False,False,True,False,True
logiqa2,logiqa2-validation-000850,logiqa2-train-012303,0.5558686256408691,True,True,False,True,True,False,True
logiqa2,logiqa2-validation-000851,logiqa2-train-004047,0.6796110272407532,False,False,True,False,True,True,True
logiqa2,logiqa2-validation-000852,logiqa2-train-007752,0.6604251861572266,False,False,True,True,True,True,True
logiqa2,logiqa2-validation-000853,logiqa2-train-003997,0.4158545136451721,True,True,False,True,True,False,True
logiqa2,logiqa2-validation-000854,logiqa2-train-008811,0.5961911082267761,False,False,False,False,True,True,True
logiqa2,logiqa2-validation-000855,logiqa2-train-007624,0.6802557706832886,False,False,False,True,True,False,True
logiqa2,logiqa2-validation-000856,logiqa2-train-000553,0.9034732580184937,True,True,True,True,True,True,True
logiqa2,logiqa2-validation-000857,logiqa2-train-002501,0.5707971453666687,True,True,True,False,True,True,True
logiqa2,logiqa2-validation-000858,logiqa2-train-000587,0.4892413318157196,True,True,True,True,True,True,True
logiqa2,logiqa2-validation-000859,logiqa2-train-000280,1.000000238418579,True,True,False,False,True,True,True
logiqa2,logiqa2-validation-000860,logiqa2-train-011213,0.5758017301559448,True,True,True,True,True,False,True
logiqa2,logiqa2-validation-000861,logiqa2-train-006050,0.607074499130249,False,False,True,True,True,True,True
logiqa2,logiqa2-validation-000862,logiqa2-train-006722,0.6879655122756958,True,True,True,False,True,False,True
logiqa2,logiqa2-validation-000863,logiqa2-train-007834,0.48330068588256836,True,True,False,False,True,False,True
logiqa2,logiqa2-validation-000864,logiqa2-train-004938,0.6885058283805847,True,True,True,True,True,True,True
logiqa2,logiqa2-validation-000865,logiqa2-train-003547,0.7489230036735535,False,False,False,False,True,False,True
logiqa2,logiqa2-validation-000866,logiqa2-train-011251,0.48606932163238525,True,True,True,True,True,True,True
logiqa2,logiqa2-validation-000867,logiqa2-train-001467,0.6667588949203491,True,True,True,True,True,True,True
logiqa2,logiqa2-validation-000868,logiqa2-train-001035,0.6598978638648987,False,False,True,False,True,True,True
logiqa2,logiqa2-validation-000869,logiqa2-train-007889,0.47535398602485657,True,True,True,True,True,True,True
logiqa2,logiqa2-validation-000870,logiqa2-train-000939,0.6159572601318359,True,True,True,True,True,True,True
logiqa2,logiqa2-validation-000871,logiqa2-train-005399,0.8756067156791687,False,False,False,False,True,False,True
logiqa2,logiqa2-validation-000872,logiqa2-train-003397,0.4920196235179901,False,False,False,False,True,False,True
logiqa2,logiqa2-validation-000873,logiqa2-train-010009,0.6486890316009521,True,True,False,True,True,True,True
logiqa2,logiqa2-validation-000874,logiqa2-train-005090,0.9115983247756958,False,False,True,True,True,True,True
logiqa2,logiqa2-validation-000875,logiqa2-train-010762,0.42513060569763184,False,True,False,False,True,False,True
logiqa2,logiqa2-validation-000876,logiqa2-train-010377,0.5470523238182068,False,False,False,False,True,False,True
logiqa2,logiqa2-validation-000877,logiqa2-train-005042,0.6775986552238464,True,True,False,False,True,False,True
logiqa2,logiqa2-validation-000878,logiqa2-train-008187,0.4712402820587158,False,False,False,False,True,True,True
logiqa2,logiqa2-validation-000879,logiqa2-train-012069,0.7096131443977356,True,True,True,True,True,True,True
logiqa2,logiqa2-validation-000880,logiqa2-train-000775,0.5902878642082214,True,True,False,True,True,True,True
logiqa2,logiqa2-validation-000881,logiqa2-train-010713,0.5423879027366638,True,True,True,True,True,True,True
logiqa2,logiqa2-validation-000882,logiqa2-train-011610,0.45443129539489746,True,True,True,True,True,True,True
logiqa2,logiqa2-validation-000883,logiqa2-train-001887,0.6195258498191833,True,True,True,True,True,True,True
logiqa2,logiqa2-validation-000884,logiqa2-train-006639,0.9999999403953552,True,True,True,False,True,True,True
logiqa2,logiqa2-validation-000885,logiqa2-train-012013,0.694879412651062,False,True,True,True,True,True,True
logiqa2,logiqa2-validation-000886,logiqa2-train-008811,0.5961911082267761,False,False,False,False,True,True,True
logiqa2,logiqa2-validation-000887,logiqa2-train-006088,0.6660353541374207,False,False,False,False,True,False,True
logiqa2,logiqa2-validation-000888,logiqa2-train-001209,1.0,False,,False,True,True,True,True
logiqa2,logiqa2-validation-000889,logiqa2-train-006826,0.5605365633964539,True,True,True,True,True,True,True
logiqa2,logiqa2-validation-000890,logiqa2-train-002230,0.6596357822418213,False,False,False,False,True,False,True
logiqa2,logiqa2-validation-000891,logiqa2-train-004258,0.5291603803634644,True,True,True,True,True,True,True
logiqa2,logiqa2-validation-000892,logiqa2-train-003245,0.9999999403953552,False,False,False,False,True,True,True
logiqa2,logiqa2-validation-000893,logiqa2-train-001721,0.9258626699447632,True,True,True,True,True,True,True
logiqa2,logiqa2-validation-000894,logiqa2-train-009008,0.5914261341094971,False,False,True,False,True,True,True
logiqa2,logiqa2-validation-000895,logiqa2-train-001380,0.5452065467834473,True,True,False,False,True,False,True
logiqa2,logiqa2-validation-000896,logiqa2-train-006675,0.6478890180587769,True,True,True,True,True,True,True
logiqa2,logiqa2-validation-000897,logiqa2-train-004356,0.48667484521865845,False,False,True,True,True,True,True
logiqa2,logiqa2-validation-000898,logiqa2-train-006182,0.8577373623847961,False,False,False,False,True,False,True
logiqa2,logiqa2-validation-000899,logiqa2-train-003226,0.8937646150588989,True,True,False,False,True,False,True
logiqa2,logiqa2-validation-000900,logiqa2-train-002061,0.5856752395629883,False,False,False,False,True,False,True
logiqa2,logiqa2-validation-000901,logiqa2-train-001603,0.7364199161529541,True,True,True,True,True,False,True
logiqa2,logiqa2-validation-000902,logiqa2-train-010329,0.3913382589817047,False,False,True,True,True,True,True
logiqa2,logiqa2-validation-000903,logiqa2-train-010319,0.9336568713188171,False,False,True,True,True,False,True
logiqa2,logiqa2-validation-000904,logiqa2-train-000350,0.42556169629096985,False,False,False,True,True,False,True
logiqa2,logiqa2-validation-000905,logiqa2-train-012465,0.6726881265640259,True,True,False,True,True,False,True
logiqa2,logiqa2-validation-000906,logiqa2-train-009585,0.47319474816322327,True,True,True,True,True,False,True
logiqa2,logiqa2-validation-000907,logiqa2-train-006238,0.5235439538955688,True,True,True,True,True,True,True
logiqa2,logiqa2-validation-000908,logiqa2-train-003922,0.5986889600753784,False,False,True,True,True,True,True
logiqa2,logiqa2-validation-000909,logiqa2-train-004017,0.5406097173690796,False,False,False,False,True,False,True
logiqa2,logiqa2-validation-000910,logiqa2-train-005394,0.57033771276474,True,True,False,False,True,True,True
logiqa2,logiqa2-validation-000911,logiqa2-train-010548,1.0,False,False,False,False,True,True,True
logiqa2,logiqa2-validation-000912,logiqa2-train-010895,0.5833721160888672,True,True,False,False,True,False,True
logiqa2,logiqa2-validation-000913,logiqa2-train-005583,0.9999995827674866,True,True,True,True,True,True,True
logiqa2,logiqa2-validation-000914,logiqa2-train-005713,1.0000001192092896,False,False,False,False,True,False,True
logiqa2,logiqa2-validation-000915,logiqa2-train-010012,1.0000001192092896,True,True,True,True,True,False,True
logiqa2,logiqa2-validation-000916,logiqa2-train-002332,0.8803588151931763,True,True,False,False,True,True,True
logiqa2,logiqa2-validation-000917,logiqa2-train-011478,0.6519067883491516,False,False,True,True,True,True,True
logiqa2,logiqa2-validation-000918,logiqa2-train-011067,0.5055415034294128,True,True,True,False,True,True,True
logiqa2,logiqa2-validation-000919,logiqa2-train-009880,0.9225639700889587,True,True,True,True,True,True,True
logiqa2,logiqa2-validation-000920,logiqa2-train-004921,0.5290853381156921,True,True,False,False,True,False,True
logiqa2,logiqa2-validation-000921,logiqa2-train-010600,0.5364229679107666,True,True,False,True,True,True,True
logiqa2,logiqa2-validation-000922,logiqa2-train-004881,1.0000001192092896,False,True,True,False,True,False,True
logiqa2,logiqa2-validation-000923,logiqa2-train-003983,0.9999998211860657,False,False,False,False,True,False,True
logiqa2,logiqa2-validation-000924,logiqa2-train-003158,0.6380462646484375,True,True,False,False,True,False,True
logiqa2,logiqa2-validation-000925,logiqa2-train-000189,0.48114702105522156,False,False,True,True,True,True,True
logiqa2,logiqa2-validation-000926,logiqa2-train-002328,0.5502315759658813,True,True,False,False,True,False,True
logiqa2,logiqa2-validation-000927,logiqa2-train-005752,0.9999997019767761,False,False,False,True,True,True,True
logiqa2,logiqa2-validation-000928,logiqa2-train-011111,0.5940061211585999,False,False,False,False,True,False,True
logiqa2,logiqa2-validation-000929,logiqa2-train-011966,0.6274093985557556,False,False,True,True,True,True,True
logiqa2,logiqa2-validation-000930,logiqa2-train-007681,0.6322745084762573,False,False,False,False,True,False,True
logiqa2,logiqa2-validation-000931,logiqa2-train-011109,0.5647412538528442,True,True,True,True,True,True,True
logiqa2,logiqa2-validation-000932,logiqa2-train-009302,0.4572831988334656,True,True,True,False,True,True,True
logiqa2,logiqa2-validation-000933,logiqa2-train-001896,0.9995543956756592,True,True,True,True,True,True,True
logiqa2,logiqa2-validation-000934,logiqa2-train-011254,0.9999998211860657,False,False,False,False,True,True,True
logiqa2,logiqa2-validation-000935,logiqa2-train-006219,0.4856545627117157,False,False,False,True,True,True,True
logiqa2,logiqa2-validation-000936,logiqa2-train-004276,0.7268360257148743,False,False,False,True,True,False,True
logiqa2,logiqa2-validation-000937,logiqa2-train-001996,0.428081214427948,True,True,True,True,True,True,True
logiqa2,logiqa2-validation-000938,logiqa2-train-009638,0.542812168598175,False,False,True,True,True,True,True
logiqa2,logiqa2-validation-000939,logiqa2-train-004562,0.5372846126556396,False,False,False,False,True,False,True
logiqa2,logiqa2-validation-000940,logiqa2-train-009450,0.5582886338233948,True,True,True,True,True,True,True
logiqa2,logiqa2-validation-000941,logiqa2-train-003251,0.6077485084533691,True,True,True,True,True,True,True
logiqa2,logiqa2-validation-000942,logiqa2-train-011703,0.9999997615814209,True,True,True,True,True,True,True
logiqa2,logiqa2-validation-000943,logiqa2-train-000519,0.9804324507713318,True,True,False,False,True,False,True
logiqa2,logiqa2-validation-000944,logiqa2-train-011478,0.894819974899292,False,False,True,True,True,True,True
logiqa2,logiqa2-validation-000945,logiqa2-train-000491,0.4749969244003296,True,True,True,True,True,True,True
logiqa2,logiqa2-validation-000946,logiqa2-train-010688,0.580771803855896,False,False,False,False,True,False,True
logiqa2,logiqa2-validation-000947,logiqa2-train-002649,0.6276317238807678,False,False,False,True,True,False,True
logiqa2,logiqa2-validation-000948,logiqa2-train-002062,0.5213491320610046,True,True,True,True,True,True,True
logiqa2,logiqa2-validation-000949,logiqa2-train-011760,0.4427286982536316,True,True,False,True,True,True,True
logiqa2,logiqa2-validation-000950,logiqa2-train-000148,0.5807082653045654,True,True,False,False,True,False,True
logiqa2,logiqa2-validation-000951,logiqa2-train-002865,0.5794172286987305,True,True,False,False,True,True,True
logiqa2,logiqa2-validation-000952,logiqa2-train-005463,0.48110321164131165,False,False,False,True,True,True,True
logiqa2,logiqa2-validation-000953,logiqa2-train-012368,0.5809824466705322,True,True,True,True,True,True,True
logiqa2,logiqa2-validation-000954,logiqa2-train-007939,0.9999999403953552,True,True,True,True,True,True,True
logiqa2,logiqa2-validation-000955,logiqa2-train-005853,0.8401363492012024,True,True,False,False,True,False,True
logiqa2,logiqa2-validation-000956,logiqa2-train-003260,0.7388114929199219,False,False,False,False,True,False,True
logiqa2,logiqa2-validation-000957,logiqa2-train-001558,0.4222841262817383,False,False,False,True,True,True,True
logiqa2,logiqa2-validation-000958,logiqa2-train-010577,0.4883725941181183,False,False,False,False,True,False,True
logiqa2,logiqa2-validation-000959,logiqa2-train-008152,0.5754535794258118,True,True,False,False,True,False,True
logiqa2,logiqa2-validation-000960,logiqa2-train-006949,0.500129222869873,False,False,True,True,True,True,True
logiqa2,logiqa2-validation-000961,logiqa2-train-007611,0.4046187996864319,False,False,True,True,True,True,True
logiqa2,logiqa2-validation-000962,logiqa2-train-008161,0.5970010757446289,True,True,False,False,True,False,True
logiqa2,logiqa2-validation-000963,logiqa2-train-004730,0.9999995827674866,False,False,True,False,True,False,True
logiqa2,logiqa2-validation-000964,logiqa2-train-010163,0.49869248270988464,False,False,False,False,True,True,True
logiqa2,logiqa2-validation-000965,logiqa2-train-010385,0.8720086216926575,True,True,False,False,True,True,True
logiqa2,logiqa2-validation-000966,logiqa2-train-002355,0.5838338136672974,False,False,False,True,True,False,True
logiqa2,logiqa2-validation-000967,logiqa2-train-004363,0.48051881790161133,True,True,True,True,True,False,True
logiqa2,logiqa2-validation-000968,logiqa2-train-012038,0.5928019285202026,False,False,True,True,True,True,True
logiqa2,logiqa2-validation-000969,logiqa2-train-010798,0.5645009875297546,False,False,False,False,True,False,True
logiqa2,logiqa2-validation-000970,logiqa2-train-003008,0.9461857676506042,False,False,True,True,True,False,True
logiqa2,logiqa2-validation-000971,logiqa2-train-007794,0.5913520455360413,True,True,True,True,True,True,True
logiqa2,logiqa2-validation-000972,logiqa2-train-012494,0.5373497605323792,False,False,True,True,True,True,True
logiqa2,logiqa2-validation-000973,logiqa2-train-005761,0.6096956133842468,False,False,True,True,True,True,True
logiqa2,logiqa2-validation-000974,logiqa2-train-007268,0.5519622564315796,True,True,True,False,True,False,True
logiqa2,logiqa2-validation-000975,logiqa2-train-011284,0.5978866219520569,False,True,True,True,True,False,True
logiqa2,logiqa2-validation-000976,logiqa2-train-011505,0.45396173000335693,True,True,False,False,True,True,True
logiqa2,logiqa2-validation-000977,logiqa2-train-003334,0.9910767078399658,True,True,False,False,True,True,True
logiqa2,logiqa2-validation-000978,logiqa2-train-005181,0.6463443636894226,True,True,True,True,True,True,True
logiqa2,logiqa2-validation-000979,logiqa2-train-008570,0.597309410572052,False,False,False,False,True,True,True
logiqa2,logiqa2-validation-000980,logiqa2-train-009529,0.477404922246933,False,False,True,False,True,False,True
logiqa2,logiqa2-validation-000981,logiqa2-train-009017,1.0000004768371582,True,True,True,False,True,True,True
logiqa2,logiqa2-validation-000982,logiqa2-train-006721,0.6047278046607971,True,True,False,False,True,False,True
logiqa2,logiqa2-validation-000983,logiqa2-train-008201,0.4915960729122162,True,True,True,True,True,True,True
logiqa2,logiqa2-validation-000984,logiqa2-train-000220,0.9980019330978394,True,,False,True,True,True,True
logiqa2,logiqa2-validation-000985,logiqa2-train-006500,0.5113418698310852,True,True,False,True,True,True,True
logiqa2,logiqa2-validation-000986,logiqa2-train-011558,0.5579420924186707,False,False,False,False,True,False,True
logiqa2,logiqa2-validation-000987,logiqa2-train-009240,0.912013053894043,True,True,True,True,True,True,True
logiqa2,logiqa2-validation-000988,logiqa2-train-004420,1.0000003576278687,False,False,False,False,True,False,True
logiqa2,logiqa2-validation-000989,logiqa2-train-001603,0.7248921394348145,True,True,True,False,True,False,True
logiqa2,logiqa2-validation-000990,logiqa2-train-000667,0.6484727263450623,True,True,False,False,True,False,True
logiqa2,logiqa2-validation-000991,logiqa2-train-003390,0.6520929932594299,True,True,False,True,True,True,True
logiqa2,logiqa2-validation-000992,logiqa2-train-004469,0.5812168121337891,True,True,False,True,True,False,True
logiqa2,logiqa2-validation-000993,logiqa2-train-004380,1.0000001192092896,True,True,True,True,True,True,True
logiqa2,logiqa2-validation-000994,logiqa2-train-005022,0.5753974914550781,False,False,False,False,True,True,True
logiqa2,logiqa2-validation-000995,logiqa2-train-006329,1.0,True,True,True,True,True,True,True
logiqa2,logiqa2-validation-000996,logiqa2-train-000816,0.5237570405006409,False,False,True,True,True,True,True
logiqa2,logiqa2-validation-000997,logiqa2-train-008343,0.8532337546348572,False,False,False,False,True,True,True
logiqa2,logiqa2-validation-000998,logiqa2-train-009692,0.6166436076164246,True,True,True,True,True,True,True
logiqa2,logiqa2-validation-000999,logiqa2-train-010853,0.9723142385482788,False,False,False,False,True,False,True
logiqa2,logiqa2-validation-001000,logiqa2-train-011138,1.0000003576278687,True,True,True,True,True,False,True
logiqa2,logiqa2-validation-001001,logiqa2-train-012003,0.536597728729248,True,True,True,True,True,True,True
logiqa2,logiqa2-validation-001002,logiqa2-train-001982,0.5525256991386414,True,True,False,False,True,False,True
logiqa2,logiqa2-validation-001003,logiqa2-train-000087,0.4758540689945221,True,True,False,False,True,False,True
logiqa2,logiqa2-validation-001004,logiqa2-train-001972,0.5265032649040222,True,True,True,True,True,True,True
logiqa2,logiqa2-validation-001005,logiqa2-train-007119,0.586133599281311,True,True,False,False,True,True,True
logiqa2,logiqa2-validation-001006,logiqa2-train-008573,0.7365789413452148,False,False,True,False,True,True,True
logiqa2,logiqa2-validation-001007,logiqa2-train-012541,0.8455056548118591,True,True,False,False,True,False,True
logiqa2,logiqa2-validation-001008,logiqa2-train-001506,0.4755060374736786,True,True,True,True,True,True,True
logiqa2,logiqa2-validation-001009,logiqa2-train-004339,0.49254563450813293,True,True,True,False,True,True,True
logiqa2,logiqa2-validation-001010,logiqa2-train-004770,0.6839298605918884,True,True,True,True,True,False,True
logiqa2,logiqa2-validation-001011,logiqa2-train-004299,0.44141948223114014,False,False,False,True,True,False,True
logiqa2,logiqa2-validation-001012,logiqa2-train-010974,0.666606068611145,False,False,False,False,True,False,True
logiqa2,logiqa2-validation-001013,logiqa2-train-009397,0.5923754572868347,True,True,True,True,True,True,True
logiqa2,logiqa2-validation-001014,logiqa2-train-001653,0.5886590480804443,False,False,True,True,True,False,True
logiqa2,logiqa2-validation-001015,logiqa2-train-009121,0.4536103904247284,True,True,True,False,True,True,True
logiqa2,logiqa2-validation-001016,logiqa2-train-012364,0.826262891292572,False,False,True,True,True,True,True
logiqa2,logiqa2-validation-001017,logiqa2-train-006358,0.5062294006347656,False,False,True,True,True,True,True
logiqa2,logiqa2-validation-001018,logiqa2-train-005502,0.6311505436897278,True,True,True,False,True,False,True
logiqa2,logiqa2-validation-001019,logiqa2-train-012363,0.45261383056640625,True,True,False,False,True,False,True
logiqa2,logiqa2-validation-001020,logiqa2-train-007800,0.5730133056640625,True,True,False,False,True,False,True
logiqa2,logiqa2-validation-001021,logiqa2-train-003088,0.5699307918548584,False,False,True,True,True,True,True
logiqa2,logiqa2-validation-001022,logiqa2-train-004193,0.9861350059509277,False,False,False,False,True,True,True
logiqa2,logiqa2-validation-001023,logiqa2-train-000849,0.5908958315849304,False,False,False,True,True,False,True
logiqa2,logiqa2-validation-001024,logiqa2-train-006326,0.5563319325447083,True,True,False,False,True,False,True
logiqa2,logiqa2-validation-001025,logiqa2-train-004258,0.4618460536003113,True,True,True,True,True,True,True
logiqa2,logiqa2-validation-001026,logiqa2-train-005684,0.942772388458252,False,False,True,True,True,True,True
logiqa2,logiqa2-validation-001027,logiqa2-train-010251,0.7434015870094299,False,False,False,False,True,True,True
logiqa2,logiqa2-validation-001028,logiqa2-train-004498,0.5447227954864502,False,False,True,True,True,True,True
logiqa2,logiqa2-validation-001029,logiqa2-train-002293,0.6043468713760376,True,True,False,False,True,False,True
logiqa2,logiqa2-validation-001030,logiqa2-train-002384,0.5714016556739807,True,True,False,False,True,False,True
logiqa2,logiqa2-validation-001031,logiqa2-train-011988,0.9999998807907104,False,False,False,False,True,True,True
logiqa2,logiqa2-validation-001032,logiqa2-train-000159,0.7242993712425232,True,True,True,False,True,False,True
logiqa2,logiqa2-validation-001033,logiqa2-train-001708,0.631540834903717,True,True,True,True,True,False,True
logiqa2,logiqa2-validation-001034,logiqa2-train-007657,0.9999999403953552,False,False,False,False,True,False,True
logiqa2,logiqa2-validation-001035,logiqa2-train-005448,0.943854570388794,False,False,True,False,True,True,True
logiqa2,logiqa2-validation-001036,logiqa2-train-007415,0.6179099678993225,False,False,False,False,True,False,True
logiqa2,logiqa2-validation-001037,logiqa2-train-003375,0.6827008724212646,True,True,True,True,True,True,True
logiqa2,logiqa2-validation-001038,logiqa2-train-005314,0.5492931604385376,False,False,True,False,True,False,True
logiqa2,logiqa2-validation-001039,logiqa2-train-001830,0.602740466594696,False,False,True,True,True,True,True
logiqa2,logiqa2-validation-001040,logiqa2-train-011172,0.5896685719490051,True,,False,False,True,False,True
logiqa2,logiqa2-validation-001041,logiqa2-train-004130,0.6050466299057007,True,True,True,True,True,True,True
logiqa2,logiqa2-validation-001042,logiqa2-train-002419,0.6396154165267944,False,False,False,False,True,False,True
logiqa2,logiqa2-validation-001043,logiqa2-train-011986,1.0,False,False,False,True,True,False,True
logiqa2,logiqa2-validation-001044,logiqa2-train-004000,0.5181177258491516,True,True,False,False,True,False,True
logiqa2,logiqa2-validation-001045,logiqa2-train-005877,0.6994628310203552,False,False,False,True,True,False,True
logiqa2,logiqa2-validation-001046,logiqa2-train-003223,0.6648553609848022,True,True,True,True,True,True,True
logiqa2,logiqa2-validation-001047,logiqa2-train-009812,0.5224558115005493,True,True,False,False,True,True,True
logiqa2,logiqa2-validation-001048,logiqa2-train-001880,1.0000003576278687,False,False,False,False,True,False,True
logiqa2,logiqa2-validation-001049,logiqa2-train-000452,0.6040494441986084,False,False,True,False,True,True,True
logiqa2,logiqa2-validation-001050,logiqa2-train-008837,0.5329216122627258,True,True,False,False,True,False,True
logiqa2,logiqa2-validation-001051,logiqa2-train-012306,0.5538504123687744,True,True,True,False,True,False,True
logiqa2,logiqa2-validation-001052,logiqa2-train-007678,1.0000005960464478,True,True,False,True,True,True,True
logiqa2,logiqa2-validation-001053,logiqa2-train-006815,0.6136354804039001,True,True,True,True,True,True,True
logiqa2,logiqa2-validation-001054,logiqa2-train-003439,0.4401189386844635,True,True,True,True,True,True,True
logiqa2,logiqa2-validation-001055,logiqa2-train-004420,0.6709622740745544,False,False,True,True,True,True,True
logiqa2,logiqa2-validation-001056,logiqa2-train-010187,0.5938956141471863,False,False,False,False,True,False,True
logiqa2,logiqa2-validation-001057,logiqa2-train-010654,0.5636418461799622,True,True,True,True,True,True,True
logiqa2,logiqa2-validation-001058,logiqa2-train-005143,1.0000003576278687,False,False,False,False,True,False,True
logiqa2,logiqa2-validation-001059,logiqa2-train-009250,0.7411243319511414,True,True,True,True,True,True,True
logiqa2,logiqa2-validation-001060,logiqa2-train-008343,0.5458421111106873,False,False,True,False,True,False,True
logiqa2,logiqa2-validation-001061,logiqa2-train-012281,0.6917400360107422,True,True,True,False,True,True,True
logiqa2,logiqa2-validation-001062,logiqa2-train-010557,0.47367218136787415,True,True,True,False,True,True,True
logiqa2,logiqa2-validation-001063,logiqa2-train-003891,0.5757595300674438,True,True,True,False,True,True,True
logiqa2,logiqa2-validation-001064,logiqa2-train-004395,0.5713696479797363,False,False,True,False,True,False,True
logiqa2,logiqa2-validation-001065,logiqa2-train-003246,0.655084490776062,False,False,False,True,True,True,True
logiqa2,logiqa2-validation-001066,logiqa2-train-011741,0.5768924355506897,True,True,True,True,True,True,True
logiqa2,logiqa2-validation-001067,logiqa2-train-007667,0.5518278479576111,False,False,True,True,True,True,True
logiqa2,logiqa2-validation-001068,logiqa2-train-009913,0.5150400996208191,False,False,True,False,True,True,True
logiqa2,logiqa2-validation-001069,logiqa2-train-004731,0.49684298038482666,True,True,True,True,True,False,True
logiqa2,logiqa2-validation-001070,logiqa2-train-000532,0.9999998211860657,False,True,False,True,True,True,True
logiqa2,logiqa2-validation-001071,logiqa2-train-011290,0.627174437046051,False,False,True,True,True,False,True
logiqa2,logiqa2-validation-001072,logiqa2-train-008703,0.471918523311615,True,True,False,False,True,False,True
logiqa2,logiqa2-validation-001073,logiqa2-train-009372,0.5239477157592773,False,False,True,True,True,True,True
logiqa2,logiqa2-validation-001074,logiqa2-train-008569,0.6629289388656616,True,True,False,True,True,True,True
logiqa2,logiqa2-validation-001075,logiqa2-train-006078,0.6848079562187195,False,False,False,False,True,False,True
logiqa2,logiqa2-validation-001076,logiqa2-train-003155,0.44206947088241577,True,True,True,True,True,True,True
logiqa2,logiqa2-validation-001077,logiqa2-train-002829,0.49983111023902893,False,False,False,False,True,False,True
logiqa2,logiqa2-validation-001078,logiqa2-train-011204,0.6059356331825256,True,True,False,False,True,False,True
logiqa2,logiqa2-validation-001079,logiqa2-train-002364,0.5134255886077881,True,True,True,True,True,True,True
logiqa2,logiqa2-validation-001080,logiqa2-train-004412,0.5140483379364014,False,True,False,False,True,False,True
logiqa2,logiqa2-validation-001081,logiqa2-train-005141,0.544984757900238,True,True,False,False,True,False,True
logiqa2,logiqa2-validation-001082,logiqa2-train-005626,0.6108270287513733,True,True,True,True,True,True,True
logiqa2,logiqa2-validation-001083,logiqa2-train-001622,0.4934059977531433,True,True,True,True,True,True,True
logiqa2,logiqa2-validation-001084,logiqa2-train-006685,0.4792667031288147,False,False,False,True,True,True,True
logiqa2,logiqa2-validation-001085,logiqa2-train-007172,0.5693414211273193,False,False,True,True,True,True,True
logiqa2,logiqa2-validation-001086,logiqa2-train-011388,1.0000004768371582,True,True,True,True,True,True,True
logiqa2,logiqa2-validation-001087,logiqa2-train-004041,0.4278630018234253,False,False,True,False,True,False,True
logiqa2,logiqa2-validation-001088,logiqa2-train-008240,0.49638500809669495,False,False,True,True,True,True,True
logiqa2,logiqa2-validation-001089,logiqa2-train-008910,0.606853723526001,True,True,True,True,True,True,True
logiqa2,logiqa2-validation-001090,logiqa2-train-004716,0.9999998211860657,False,False,False,False,True,False,True
logiqa2,logiqa2-validation-001091,logiqa2-train-005802,0.6489067673683167,True,True,True,True,True,True,True
logiqa2,logiqa2-validation-001092,logiqa2-train-003093,0.8221034407615662,False,False,True,True,True,False,True
logiqa2,logiqa2-validation-001093,logiqa2-train-008457,0.6543571949005127,False,False,True,True,True,True,True
logiqa2,logiqa2-validation-001094,logiqa2-train-010015,0.5695325136184692,False,False,False,False,True,False,True
logiqa2,logiqa2-validation-001095,logiqa2-train-001394,0.9999997615814209,False,False,False,True,True,True,True
logiqa2,logiqa2-validation-001096,logiqa2-train-001411,0.9676240682601929,False,False,False,False,True,True,True
logiqa2,logiqa2-validation-001097,logiqa2-train-010669,0.6324531435966492,False,False,False,False,True,False,True
logiqa2,logiqa2-validation-001098,logiqa2-train-005002,0.6316535472869873,False,False,True,True,True,True,True
logiqa2,logiqa2-validation-001099,logiqa2-train-012100,0.5865638256072998,False,False,False,False,True,False,True
logiqa2,logiqa2-validation-001100,logiqa2-train-004323,0.6401746869087219,True,True,True,True,True,True,True
logiqa2,logiqa2-validation-001101,logiqa2-train-012260,0.5749832987785339,False,False,True,True,True,True,True
logiqa2,logiqa2-validation-001102,logiqa2-train-005738,0.5070722103118896,True,True,True,True,True,True,True
logiqa2,logiqa2-validation-001103,logiqa2-train-003758,0.5991206169128418,True,True,True,False,True,False,True
logiqa2,logiqa2-validation-001104,logiqa2-train-004938,0.6308050155639648,True,True,True,True,True,True,True
logiqa2,logiqa2-validation-001105,logiqa2-train-010230,0.39388278126716614,False,False,True,True,True,True,True
logiqa2,logiqa2-validation-001106,logiqa2-train-009863,0.6123702526092529,True,True,False,False,True,False,True
logiqa2,logiqa2-validation-001107,logiqa2-train-008423,1.0000001192092896,False,False,False,True,True,False,True
logiqa2,logiqa2-validation-001108,logiqa2-train-005403,0.6134913563728333,False,False,False,False,True,False,True
logiqa2,logiqa2-validation-001109,logiqa2-train-010917,0.6145401000976562,False,False,True,True,True,True,True
logiqa2,logiqa2-validation-001110,logiqa2-train-004395,0.6059207320213318,False,False,True,True,True,False,True
logiqa2,logiqa2-validation-001111,logiqa2-train-001199,0.5150212645530701,True,True,False,False,True,False,True
logiqa2,logiqa2-validation-001112,logiqa2-train-008648,0.6008981466293335,True,True,False,False,True,False,True
logiqa2,logiqa2-validation-001113,logiqa2-train-000178,0.3983607888221741,True,True,False,True,True,True,True
logiqa2,logiqa2-validation-001114,logiqa2-train-009942,0.5783565640449524,True,True,False,True,True,False,True
logiqa2,logiqa2-validation-001115,logiqa2-train-002849,0.6314235925674438,False,False,False,False,True,False,True
logiqa2,logiqa2-validation-001116,logiqa2-train-008505,0.7165723443031311,True,,False,False,True,False,True
logiqa2,logiqa2-validation-001117,logiqa2-train-010485,0.8491896390914917,False,True,False,False,True,False,True
logiqa2,logiqa2-validation-001118,logiqa2-train-003881,0.9235263466835022,False,False,True,True,True,True,True
logiqa2,logiqa2-validation-001119,logiqa2-train-004905,0.49543654918670654,False,False,True,True,True,True,True
logiqa2,logiqa2-validation-001120,logiqa2-train-007929,0.5573270320892334,True,True,False,False,True,False,True
logiqa2,logiqa2-validation-001121,logiqa2-train-010160,0.6119868159294128,True,True,False,True,True,True,True
logiqa2,logiqa2-validation-001122,logiqa2-train-001269,0.6917674541473389,False,False,True,True,True,True,True
logiqa2,logiqa2-validation-001123,logiqa2-train-002272,1.000000238418579,False,True,False,False,True,False,True
logiqa2,logiqa2-validation-001124,logiqa2-train-002966,0.5750083327293396,True,True,False,False,True,False,True
logiqa2,logiqa2-validation-001125,logiqa2-train-008568,0.5581733584403992,False,False,True,True,True,True,True
logiqa2,logiqa2-validation-001126,logiqa2-train-009236,0.7053697109222412,False,False,False,False,True,False,True
logiqa2,logiqa2-validation-001127,logiqa2-train-002186,0.5856525897979736,False,False,False,False,True,False,True
logiqa2,logiqa2-validation-001128,logiqa2-train-001242,0.5014656186103821,False,False,True,True,True,True,True
logiqa2,logiqa2-validation-001129,logiqa2-train-007795,0.42809969186782837,False,False,False,True,True,True,True
logiqa2,logiqa2-validation-001130,logiqa2-train-000913,0.48699599504470825,True,True,True,True,True,True,True
logiqa2,logiqa2-validation-001131,logiqa2-train-006547,0.563554584980011,True,True,False,False,True,False,True
logiqa2,logiqa2-validation-001132,logiqa2-train-006262,0.7912073135375977,False,False,True,True,True,True,True
logiqa2,logiqa2-validation-001133,logiqa2-train-008711,0.8084540367126465,False,False,True,True,True,True,True
logiqa2,logiqa2-validation-001134,logiqa2-train-002944,0.7809272408485413,False,False,False,True,True,False,True
logiqa2,logiqa2-validation-001135,logiqa2-train-003954,0.7373969554901123,False,False,True,False,True,False,True
logiqa2,logiqa2-validation-001136,logiqa2-train-006081,1.0000001192092896,True,True,True,True,True,True,True
logiqa2,logiqa2-validation-001137,logiqa2-train-004267,0.5983010530471802,True,True,False,False,True,False,True
logiqa2,logiqa2-validation-001138,logiqa2-train-002538,0.9519000053405762,False,,True,False,True,False,True
logiqa2,logiqa2-validation-001139,logiqa2-train-007730,0.4893653690814972,True,True,False,False,True,False,True
logiqa2,logiqa2-validation-001140,logiqa2-train-009052,0.462059885263443,True,True,True,True,True,True,True
logiqa2,logiqa2-validation-001141,logiqa2-train-004261,0.44515201449394226,True,True,True,True,True,True,True
logiqa2,logiqa2-validation-001142,logiqa2-train-009824,0.3887041509151459,False,False,True,True,True,True,True
logiqa2,logiqa2-validation-001143,logiqa2-train-010396,0.45091670751571655,False,False,True,True,True,True,True
logiqa2,logiqa2-validation-001144,logiqa2-train-001723,0.7799296379089355,True,True,True,False,True,True,True
logiqa2,logiqa2-validation-001145,logiqa2-train-012236,0.41783633828163147,False,False,True,True,True,True,True
logiqa2,logiqa2-validation-001146,logiqa2-train-007050,0.9999997019767761,True,True,True,True,True,True,True
logiqa2,logiqa2-validation-001147,logiqa2-train-000400,0.8643356561660767,True,True,False,False,True,True,True
logiqa2,logiqa2-validation-001148,logiqa2-train-012493,0.57932049036026,True,True,False,True,True,True,True
logiqa2,logiqa2-validation-001149,logiqa2-train-009413,0.9999998807907104,False,False,False,False,True,False,True
logiqa2,logiqa2-validation-001150,logiqa2-train-000344,0.45006683468818665,False,False,False,False,True,True,True
logiqa2,logiqa2-validation-001151,logiqa2-train-010032,0.5531771779060364,True,True,False,False,True,False,True
logiqa2,logiqa2-validation-001152,logiqa2-train-004781,0.5152342319488525,False,False,False,False,True,False,True
logiqa2,logiqa2-validation-001153,logiqa2-train-011234,1.000000238418579,True,True,False,True,True,True,True
logiqa2,logiqa2-validation-001154,logiqa2-train-000375,0.6105873584747314,True,True,False,False,True,False,True
logiqa2,logiqa2-validation-001155,logiqa2-train-001838,0.5619744062423706,True,True,False,True,True,True,True
logiqa2,logiqa2-validation-001156,logiqa2-train-011869,0.9999999403953552,False,False,False,False,True,False,True
logiqa2,logiqa2-validation-001157,logiqa2-train-011556,0.4974469542503357,True,True,False,False,True,False,True
logiqa2,logiqa2-validation-001158,logiqa2-train-004370,1.0000001192092896,False,False,True,True,True,False,True
logiqa2,logiqa2-validation-001159,logiqa2-train-008700,0.9999995827674866,True,True,True,True,True,False,True
logiqa2,logiqa2-validation-001160,logiqa2-train-009781,0.5764908790588379,False,False,True,True,True,True,True
logiqa2,logiqa2-validation-001161,logiqa2-train-008297,0.7183775901794434,True,True,True,True,True,True,True
logiqa2,logiqa2-validation-001162,logiqa2-train-003686,0.5513901710510254,True,True,True,False,True,False,True
logiqa2,logiqa2-validation-001163,logiqa2-train-008910,0.5629288554191589,True,True,True,False,True,True,True
logiqa2,logiqa2-validation-001164,logiqa2-train-003390,0.5257907509803772,True,True,True,True,True,True,True
logiqa2,logiqa2-validation-001165,logiqa2-train-011922,0.5263074636459351,False,False,True,False,True,True,True
logiqa2,logiqa2-validation-001166,logiqa2-train-000443,0.950016438961029,True,True,True,True,True,False,True
logiqa2,logiqa2-validation-001167,logiqa2-train-012538,0.6091681122779846,True,True,True,True,True,False,True
logiqa2,logiqa2-validation-001168,logiqa2-train-001367,0.8914204239845276,True,True,True,True,True,True,True
logiqa2,logiqa2-validation-001169,logiqa2-train-008435,0.4949307143688202,True,True,True,True,True,True,True
logiqa2,logiqa2-validation-001170,logiqa2-train-002681,0.9534982442855835,False,True,False,True,True,False,True
logiqa2,logiqa2-validation-001171,logiqa2-train-009065,0.8070865869522095,True,,False,False,True,True,True
logiqa2,logiqa2-validation-001172,logiqa2-train-008523,0.48849302530288696,True,True,True,True,True,True,True
logiqa2,logiqa2-validation-001173,logiqa2-train-008152,0.5093036890029907,True,True,False,False,True,False,True
logiqa2,logiqa2-validation-001174,logiqa2-train-010008,0.6644092202186584,True,True,False,False,True,False,True
logiqa2,logiqa2-validation-001175,logiqa2-train-004632,0.6116467118263245,True,True,True,True,True,True,True
logiqa2,logiqa2-validation-001176,logiqa2-train-005171,0.512227475643158,False,False,True,True,True,True,True
logiqa2,logiqa2-validation-001177,logiqa2-train-006096,0.5756784081459045,True,True,True,True,True,True,True
logiqa2,logiqa2-validation-001178,logiqa2-train-008141,0.9421331286430359,True,True,True,True,True,True,True
logiqa2,logiqa2-validation-001179,logiqa2-train-006087,0.6303263306617737,False,False,False,False,True,False,True
logiqa2,logiqa2-validation-001180,logiqa2-train-000198,0.41260096430778503,True,True,False,False,True,True,True
logiqa2,logiqa2-validation-001181,logiqa2-train-000422,0.5488402843475342,True,True,True,True,True,False,True
logiqa2,logiqa2-validation-001182,logiqa2-train-011530,1.0000001192092896,False,False,False,False,True,False,True
logiqa2,logiqa2-validation-001183,logiqa2-train-011796,1.0,False,False,False,False,True,False,True
logiqa2,logiqa2-validation-001184,logiqa2-train-008024,0.47775453329086304,True,True,False,False,True,True,True
logiqa2,logiqa2-validation-001185,logiqa2-train-006340,0.5253185033798218,True,True,False,False,True,False,True
logiqa2,logiqa2-validation-001186,logiqa2-train-008976,1.0000001192092896,False,False,False,False,True,False,True
logiqa2,logiqa2-validation-001187,logiqa2-train-010688,0.6936298608779907,False,False,False,True,True,False,True
logiqa2,logiqa2-validation-001188,logiqa2-train-006276,0.9999998807907104,True,True,True,True,True,True,True
logiqa2,logiqa2-validation-001189,logiqa2-train-005211,0.5217103958129883,True,True,False,False,True,False,True
logiqa2,logiqa2-validation-001190,logiqa2-train-010319,0.7507597804069519,False,False,False,False,True,False,True
logiqa2,logiqa2-validation-001191,logiqa2-train-007889,0.48399534821510315,True,True,False,False,True,False,True
logiqa2,logiqa2-validation-001192,logiqa2-train-004948,0.6148645281791687,False,False,True,True,True,True,True
logiqa2,logiqa2-validation-001193,logiqa2-train-003408,0.5040498971939087,False,False,True,True,True,False,True
logiqa2,logiqa2-validation-001194,logiqa2-train-005059,0.5895193219184875,True,True,False,True,True,False,True
logiqa2,logiqa2-validation-001195,logiqa2-train-005213,0.40033555030822754,True,True,True,True,True,True,True
logiqa2,logiqa2-validation-001196,logiqa2-train-008884,0.5564048886299133,True,True,False,False,True,False,True
logiqa2,logiqa2-validation-001197,logiqa2-train-004050,0.59306401014328,True,True,False,True,True,True,True
logiqa2,logiqa2-validation-001198,logiqa2-train-000049,0.5671953558921814,False,False,True,True,True,True,True
logiqa2,logiqa2-validation-001199,logiqa2-train-003987,0.5862403512001038,False,False,True,True,True,True,True
logiqa2,logiqa2-validation-001200,logiqa2-train-002784,0.5943604707717896,False,False,True,True,True,True,True
logiqa2,logiqa2-validation-001201,logiqa2-train-001133,0.580741822719574,True,True,False,False,True,False,True
logiqa2,logiqa2-validation-001202,logiqa2-train-002945,0.571371853351593,False,False,True,True,True,True,True
logiqa2,logiqa2-validation-001203,logiqa2-train-012238,0.664530336856842,False,,True,True,True,True,True
logiqa2,logiqa2-validation-001204,logiqa2-train-008943,0.5729050636291504,False,False,True,True,True,True,True
logiqa2,logiqa2-validation-001205,logiqa2-train-001867,0.476597398519516,True,True,True,True,True,True,True
logiqa2,logiqa2-validation-001206,logiqa2-train-002962,0.5226699709892273,False,False,False,False,True,False,True
logiqa2,logiqa2-validation-001207,logiqa2-train-008621,0.6475231647491455,False,False,False,False,True,False,True
logiqa2,logiqa2-validation-001208,logiqa2-train-004909,0.8988898992538452,False,False,True,True,True,True,True
logiqa2,logiqa2-validation-001209,logiqa2-train-000107,0.6090801358222961,True,True,False,False,True,False,True
logiqa2,logiqa2-validation-001210,logiqa2-train-006647,0.7185227870941162,False,False,False,False,True,False,True
logiqa2,logiqa2-validation-001211,logiqa2-train-001900,0.7142072319984436,False,False,True,True,True,False,True
logiqa2,logiqa2-validation-001212,logiqa2-train-002014,0.6722267270088196,False,False,True,True,True,True,True
logiqa2,logiqa2-validation-001213,logiqa2-train-005486,0.9347929358482361,True,True,False,False,True,False,True
logiqa2,logiqa2-validation-001214,logiqa2-train-000901,0.5789726972579956,False,False,True,False,True,False,True
logiqa2,logiqa2-validation-001215,logiqa2-train-009843,0.7390011548995972,False,False,False,False,True,False,True
logiqa2,logiqa2-validation-001216,logiqa2-train-000131,1.0000003576278687,False,False,False,False,True,True,True
logiqa2,logiqa2-validation-001217,logiqa2-train-008370,0.719835102558136,False,True,True,True,True,False,True
logiqa2,logiqa2-validation-001218,logiqa2-train-004727,1.0000003576278687,True,True,True,True,True,True,True
logiqa2,logiqa2-validation-001219,logiqa2-train-000380,0.6722999215126038,True,True,True,False,True,True,True
logiqa2,logiqa2-validation-001220,logiqa2-train-007559,0.4316207766532898,True,True,True,True,True,True,True
logiqa2,logiqa2-validation-001221,logiqa2-train-002618,0.9469838738441467,True,True,True,True,True,True,True
logiqa2,logiqa2-validation-001222,logiqa2-train-004943,0.5309642553329468,False,True,True,True,True,True,True
logiqa2,logiqa2-validation-001223,logiqa2-train-001052,0.7526837587356567,True,True,True,True,True,True,True
logiqa2,logiqa2-validation-001224,logiqa2-train-005356,0.527550995349884,True,True,False,True,True,False,True
logiqa2,logiqa2-validation-001225,logiqa2-train-007247,1.0000003576278687,True,True,True,True,True,True,True
logiqa2,logiqa2-validation-001226,logiqa2-train-003786,0.9999999403953552,True,True,False,True,True,False,True
logiqa2,logiqa2-validation-001227,logiqa2-train-000562,0.6337534189224243,True,True,True,False,True,False,True
logiqa2,logiqa2-validation-001228,logiqa2-train-011418,0.5283589959144592,False,,True,False,True,False,True
logiqa2,logiqa2-validation-001229,logiqa2-train-007918,0.6853581070899963,True,True,True,True,True,True,True
logiqa2,logiqa2-validation-001230,logiqa2-train-003662,0.5769854784011841,True,True,True,True,True,True,True
logiqa2,logiqa2-validation-001231,logiqa2-train-004700,0.7385454773902893,False,False,True,True,True,True,True
logiqa2,logiqa2-validation-001232,logiqa2-train-002964,0.6069444417953491,True,True,True,True,True,False,True
logiqa2,logiqa2-validation-001233,logiqa2-train-000322,0.5376002192497253,True,True,False,False,True,False,True
logiqa2,logiqa2-validation-001234,logiqa2-train-005896,0.8253751397132874,False,,False,False,True,False,True
logiqa2,logiqa2-validation-001235,logiqa2-train-000380,0.4995565712451935,True,True,False,False,True,False,True
logiqa2,logiqa2-validation-001236,logiqa2-train-007209,0.7583924531936646,False,False,False,True,True,True,True
logiqa2,logiqa2-validation-001237,logiqa2-train-012406,0.6280807256698608,True,True,False,False,True,True,True
logiqa2,logiqa2-validation-001238,logiqa2-train-001772,0.7252063751220703,False,False,True,True,True,True,True
logiqa2,logiqa2-validation-001239,logiqa2-train-008391,0.5594300627708435,False,False,False,False,True,False,True
logiqa2,logiqa2-validation-001240,logiqa2-train-008355,0.6144241094589233,False,False,False,False,True,False,True
logiqa2,logiqa2-validation-001241,logiqa2-train-000354,0.5333626866340637,True,True,True,False,True,True,True
logiqa2,logiqa2-validation-001242,logiqa2-train-001947,0.6847458481788635,True,True,True,True,True,False,True
logiqa2,logiqa2-validation-001243,logiqa2-train-012068,0.6762364506721497,False,False,False,True,True,True,True
logiqa2,logiqa2-validation-001244,logiqa2-train-012377,0.8263229131698608,True,True,True,True,True,True,True
logiqa2,logiqa2-validation-001245,logiqa2-train-004779,0.7148097157478333,False,False,False,False,True,True,True
logiqa2,logiqa2-validation-001246,logiqa2-train-003761,0.5664710998535156,False,False,False,False,True,False,True
logiqa2,logiqa2-validation-001247,logiqa2-train-009442,0.9248093962669373,False,False,False,False,True,False,True
logiqa2,logiqa2-validation-001248,logiqa2-train-007325,0.5788500905036926,False,False,False,True,True,False,True
logiqa2,logiqa2-validation-001249,logiqa2-train-001263,1.0000001192092896,True,True,True,True,True,True,True
logiqa2,logiqa2-validation-001250,logiqa2-train-001831,0.5475677847862244,True,True,True,True,True,True,True
logiqa2,logiqa2-validation-001251,logiqa2-train-003086,0.3834248483181,True,True,False,False,True,False,True
logiqa2,logiqa2-validation-001252,logiqa2-train-007353,0.5400681495666504,False,False,False,True,True,False,True
logiqa2,logiqa2-validation-001253,logiqa2-train-004962,0.47171878814697266,True,True,True,True,True,True,True
logiqa2,logiqa2-validation-001254,logiqa2-train-011786,0.9810208678245544,True,True,True,True,True,True,True
logiqa2,logiqa2-validation-001255,logiqa2-train-011081,1.0000003576278687,False,False,False,True,True,True,True
logiqa2,logiqa2-validation-001256,logiqa2-train-004043,1.0,True,True,False,True,True,False,True
logiqa2,logiqa2-validation-001257,logiqa2-train-001631,0.7028411030769348,True,True,True,False,True,True,True
logiqa2,logiqa2-validation-001258,logiqa2-train-008608,0.5038277506828308,False,False,False,True,True,True,True
logiqa2,logiqa2-validation-001259,logiqa2-train-001166,0.6109535098075867,True,True,True,True,True,True,True
logiqa2,logiqa2-validation-001260,logiqa2-train-010008,0.5099875330924988,True,True,True,True,True,True,True
logiqa2,logiqa2-validation-001261,logiqa2-train-000026,0.5382420420646667,True,True,False,False,True,False,True
logiqa2,logiqa2-validation-001262,logiqa2-train-003603,0.6482899785041809,False,False,False,False,True,False,True
logiqa2,logiqa2-validation-001263,logiqa2-train-007980,0.8205649852752686,False,False,True,True,True,True,True
logiqa2,logiqa2-validation-001264,logiqa2-train-007841,0.6134552359580994,True,True,True,False,True,False,True
logiqa2,logiqa2-validation-001265,logiqa2-train-009274,0.7175957560539246,False,False,True,False,True,True,True
logiqa2,logiqa2-validation-001266,logiqa2-train-001711,0.5338371992111206,False,False,False,False,True,False,True
logiqa2,logiqa2-validation-001267,logiqa2-train-009739,0.843704879283905,True,True,False,True,True,True,True
logiqa2,logiqa2-validation-001268,logiqa2-train-009979,0.8044321537017822,True,True,False,False,True,False,True
logiqa2,logiqa2-validation-001269,logiqa2-train-004350,0.6026971936225891,True,True,False,True,True,True,True
logiqa2,logiqa2-validation-001270,logiqa2-train-009006,0.5178478956222534,False,False,True,True,True,False,True
logiqa2,logiqa2-validation-001271,logiqa2-train-004216,0.4882025122642517,False,False,True,True,True,True,True
logiqa2,logiqa2-validation-001272,logiqa2-train-004412,0.5140483379364014,False,True,False,False,True,False,True
logiqa2,logiqa2-validation-001273,logiqa2-train-012049,0.527194082736969,True,True,True,False,True,True,True
logiqa2,logiqa2-validation-001274,logiqa2-train-011478,0.6829649209976196,False,False,True,False,True,False,True
logiqa2,logiqa2-validation-001275,logiqa2-train-002864,0.5960938930511475,True,True,False,False,True,False,True
logiqa2,logiqa2-validation-001276,logiqa2-train-008090,0.5298352241516113,False,False,True,True,True,True,True
logiqa2,logiqa2-validation-001277,logiqa2-train-010474,0.9152238965034485,True,True,True,True,True,True,True
logiqa2,logiqa2-validation-001278,logiqa2-train-006878,0.5359145998954773,True,True,False,False,True,False,True
logiqa2,logiqa2-validation-001279,logiqa2-train-008336,0.592638373374939,False,False,True,True,True,True,True
logiqa2,logiqa2-validation-001280,logiqa2-train-008575,0.4723815619945526,False,False,True,True,True,True,True
logiqa2,logiqa2-validation-001281,logiqa2-train-007873,0.9999995827674866,False,False,False,False,True,False,True
logiqa2,logiqa2-validation-001282,logiqa2-train-008035,1.000000238418579,False,,True,False,True,True,True
logiqa2,logiqa2-validation-001283,logiqa2-train-003594,0.8140618801116943,True,True,True,True,True,True,True
logiqa2,logiqa2-validation-001284,logiqa2-train-008731,0.9999998211860657,True,True,True,True,True,True,True
logiqa2,logiqa2-validation-001285,logiqa2-train-003246,0.6901639103889465,False,False,True,True,True,True,True
logiqa2,logiqa2-validation-001286,logiqa2-train-007875,0.9861803650856018,False,False,False,True,True,False,True
logiqa2,logiqa2-validation-001287,logiqa2-train-001976,0.5066969394683838,True,True,True,True,True,False,True
logiqa2,logiqa2-validation-001288,logiqa2-train-009358,0.5849756598472595,True,True,False,False,True,False,True
logiqa2,logiqa2-validation-001289,logiqa2-train-008466,0.8025660514831543,False,False,True,True,True,True,True
logiqa2,logiqa2-validation-001290,logiqa2-train-001769,0.5044146180152893,True,True,False,False,True,False,True
logiqa2,logiqa2-validation-001291,logiqa2-train-008274,0.7306445837020874,True,True,False,False,True,False,True
logiqa2,logiqa2-validation-001292,logiqa2-train-004523,0.5192723274230957,False,False,False,False,True,False,True
logiqa2,logiqa2-validation-001293,logiqa2-train-011670,0.9768574833869934,False,False,False,False,True,False,True
logiqa2,logiqa2-validation-001294,logiqa2-train-006865,0.600121796131134,False,False,False,False,True,False,True
logiqa2,logiqa2-validation-001295,logiqa2-train-011780,0.6611738801002502,False,False,False,True,True,False,True
logiqa2,logiqa2-validation-001296,logiqa2-train-003693,0.5619442462921143,False,False,False,False,True,False,True
logiqa2,logiqa2-validation-001297,logiqa2-train-003603,0.6160133481025696,False,False,True,True,True,True,True
logiqa2,logiqa2-validation-001298,logiqa2-train-003705,0.5030738115310669,True,True,True,True,True,True,True
logiqa2,logiqa2-validation-001299,logiqa2-train-001793,0.7064562439918518,True,True,False,False,True,False,True
logiqa2,logiqa2-validation-001300,logiqa2-train-001078,0.988443911075592,False,False,False,False,True,False,True
logiqa2,logiqa2-validation-001301,logiqa2-train-009249,0.48145708441734314,False,False,True,False,True,False,True
logiqa2,logiqa2-validation-001302,logiqa2-train-002850,0.8933063745498657,False,False,False,False,True,False,True
logiqa2,logiqa2-validation-001303,logiqa2-train-009131,0.5618074536323547,True,True,True,True,True,True,True
logiqa2,logiqa2-validation-001304,logiqa2-train-000724,0.5490244626998901,True,True,True,True,True,True,True
logiqa2,logiqa2-validation-001305,logiqa2-train-008356,0.8412574529647827,True,True,False,True,True,True,True
logiqa2,logiqa2-validation-001306,logiqa2-train-009118,0.5914241671562195,False,False,False,True,True,False,True
logiqa2,logiqa2-validation-001307,logiqa2-train-003865,0.5725675821304321,False,False,True,True,True,True,True
logiqa2,logiqa2-validation-001308,logiqa2-train-000007,0.9999998807907104,False,,False,False,True,False,True
logiqa2,logiqa2-validation-001309,logiqa2-train-001498,0.9999998211860657,True,True,True,True,True,True,True
logiqa2,logiqa2-validation-001310,logiqa2-train-004603,0.6304808259010315,True,,False,False,True,False,True
logiqa2,logiqa2-validation-001311,logiqa2-train-003667,0.7132409811019897,False,False,False,True,True,True,True
logiqa2,logiqa2-validation-001312,logiqa2-train-003440,0.5595006942749023,True,True,False,False,True,False,True
logiqa2,logiqa2-validation-001313,logiqa2-train-005742,0.6930457949638367,True,True,True,True,True,True,True
logiqa2,logiqa2-validation-001314,logiqa2-train-003017,0.5865105986595154,False,False,False,False,True,False,True
logiqa2,logiqa2-validation-001315,logiqa2-train-004257,0.6077326536178589,False,False,True,True,True,False,True
logiqa2,logiqa2-validation-001316,logiqa2-train-007382,0.9138407707214355,False,False,True,True,True,True,True
logiqa2,logiqa2-validation-001317,logiqa2-train-002200,0.5857247710227966,False,False,True,True,True,True,True
logiqa2,logiqa2-validation-001318,logiqa2-train-012480,0.5920842885971069,True,True,True,True,True,True,True
logiqa2,logiqa2-validation-001319,logiqa2-train-011171,0.5859864354133606,False,False,False,False,True,False,True
logiqa2,logiqa2-validation-001320,logiqa2-train-001966,0.8319264054298401,True,True,False,False,True,False,True
logiqa2,logiqa2-validation-001321,logiqa2-train-010600,0.607021152973175,True,True,False,True,True,True,True
logiqa2,logiqa2-validation-001322,logiqa2-train-009386,0.4260784387588501,False,False,False,False,True,False,True
logiqa2,logiqa2-validation-001323,logiqa2-train-004173,0.5367938876152039,True,True,False,True,True,True,True
logiqa2,logiqa2-validation-001324,logiqa2-train-001820,0.5285079479217529,False,False,False,False,True,False,True
logiqa2,logiqa2-validation-001325,logiqa2-train-011610,0.5405723452568054,True,True,True,True,True,False,True
logiqa2,logiqa2-validation-001326,logiqa2-train-007000,0.6470417380332947,True,True,False,False,True,True,True
logiqa2,logiqa2-validation-001327,logiqa2-train-000514,0.4492151141166687,False,False,False,False,True,False,True
logiqa2,logiqa2-validation-001328,logiqa2-train-000613,0.5686147809028625,False,True,True,True,True,True,True
logiqa2,logiqa2-validation-001329,logiqa2-train-010911,0.758955180644989,True,True,True,True,True,True,True
logiqa2,logiqa2-validation-001330,logiqa2-train-000777,0.9999999403953552,True,True,True,True,True,True,True
logiqa2,logiqa2-validation-001331,logiqa2-train-003249,1.000000238418579,True,True,True,True,True,True,True
logiqa2,logiqa2-validation-001332,logiqa2-train-004347,0.6394027471542358,True,True,False,True,True,False,True
logiqa2,logiqa2-validation-001333,logiqa2-train-004833,1.000000238418579,True,True,True,True,True,True,True
logiqa2,logiqa2-validation-001334,logiqa2-train-002358,0.49528786540031433,True,True,False,True,True,True,True
logiqa2,logiqa2-validation-001335,logiqa2-train-010925,0.3866257965564728,False,False,False,True,True,True,True
logiqa2,logiqa2-validation-001336,logiqa2-train-001430,0.5967604517936707,True,True,False,False,True,False,True
logiqa2,logiqa2-validation-001337,logiqa2-train-012162,0.5236462354660034,False,False,False,False,True,False,True
logiqa2,logiqa2-validation-001338,logiqa2-train-009894,0.9243009090423584,False,False,False,False,True,False,True
logiqa2,logiqa2-validation-001339,logiqa2-train-005425,1.0000005960464478,True,True,True,True,True,True,True
logiqa2,logiqa2-validation-001340,logiqa2-train-006551,0.8527190685272217,True,True,True,False,True,True,True
logiqa2,logiqa2-validation-001341,logiqa2-train-009352,0.630347728729248,False,False,False,False,True,False,True
logiqa2,logiqa2-validation-001342,logiqa2-train-011463,0.6215246319770813,True,True,True,True,True,True,True
logiqa2,logiqa2-validation-001343,logiqa2-train-003591,0.4580824673175812,False,False,False,False,True,False,True
logiqa2,logiqa2-validation-001344,logiqa2-train-010554,0.591804027557373,True,True,True,True,True,True,True
logiqa2,logiqa2-validation-001345,logiqa2-train-007095,0.47730791568756104,True,True,True,True,True,True,True
logiqa2,logiqa2-validation-001346,logiqa2-train-012238,0.5547198057174683,False,,False,False,True,False,True
logiqa2,logiqa2-validation-001347,logiqa2-train-010566,1.0000004768371582,True,True,True,True,True,True,True
logiqa2,logiqa2-validation-001348,logiqa2-train-010972,0.5326201915740967,True,True,True,False,True,False,True
logiqa2,logiqa2-validation-001349,logiqa2-train-006952,0.9999996423721313,True,True,False,True,True,True,True
logiqa2,logiqa2-validation-001350,logiqa2-train-007168,0.5103794932365417,False,False,True,True,True,True,True
logiqa2,logiqa2-validation-001351,logiqa2-train-000122,0.8875781893730164,True,True,True,True,True,True,True
logiqa2,logiqa2-validation-001352,logiqa2-train-004241,0.6916556358337402,True,True,True,True,True,True,True
logiqa2,logiqa2-validation-001353,logiqa2-train-001757,0.942009687423706,True,True,True,True,True,True,True
logiqa2,logiqa2-validation-001354,logiqa2-train-005672,0.8241382837295532,True,True,True,True,True,True,True
logiqa2,logiqa2-validation-001355,logiqa2-train-008881,0.549953281879425,False,False,False,False,True,False,True
logiqa2,logiqa2-validation-001356,logiqa2-train-006057,0.5142847299575806,False,False,False,False,True,False,True
logiqa2,logiqa2-validation-001357,logiqa2-train-003070,0.9613735675811768,True,False,True,True,True,True,True
logiqa2,logiqa2-validation-001358,logiqa2-train-003070,0.542874813079834,True,False,True,True,True,True,True
logiqa2,logiqa2-validation-001359,logiqa2-train-003162,0.8449306488037109,False,False,False,False,True,False,True
logiqa2,logiqa2-validation-001360,logiqa2-train-004012,0.9767149686813354,False,False,False,False,True,False,True
logiqa2,logiqa2-validation-001361,logiqa2-train-004421,0.5222117304801941,False,False,True,True,True,True,True
logiqa2,logiqa2-validation-001362,logiqa2-train-000732,0.6405109167098999,True,True,True,False,True,False,True
logiqa2,logiqa2-validation-001363,logiqa2-train-002512,0.5735661387443542,False,False,True,True,True,True,True
logiqa2,logiqa2-validation-001364,logiqa2-train-010144,0.8600695133209229,True,True,False,False,True,False,True
logiqa2,logiqa2-validation-001365,logiqa2-train-010326,0.9230135083198547,False,False,False,False,True,True,True
logiqa2,logiqa2-validation-001366,logiqa2-train-001267,0.6476640105247498,False,False,False,True,True,False,True
logiqa2,logiqa2-validation-001367,logiqa2-train-002578,0.600403368473053,True,True,True,True,True,True,True
logiqa2,logiqa2-validation-001368,logiqa2-train-011205,0.5657605528831482,False,False,True,True,True,True,True
logiqa2,logiqa2-validation-001369,logiqa2-train-011727,1.000000238418579,True,True,True,True,True,True,True
logiqa2,logiqa2-validation-001370,logiqa2-train-003464,1.0000004768371582,True,True,True,False,True,True,True
logiqa2,logiqa2-validation-001371,logiqa2-train-009988,0.6407608985900879,False,False,False,True,True,False,True
logiqa2,logiqa2-validation-001372,logiqa2-train-006558,0.42037343978881836,False,False,True,True,True,True,True
logiqa2,logiqa2-validation-001373,logiqa2-train-010740,0.9336100816726685,True,True,True,False,True,False,True
logiqa2,logiqa2-validation-001374,logiqa2-train-010609,0.5430717468261719,False,False,False,False,True,False,True
logiqa2,logiqa2-validation-001375,logiqa2-train-003423,0.4872516989707947,False,False,False,True,True,False,True
logiqa2,logiqa2-validation-001376,logiqa2-train-004007,0.9118548631668091,False,False,False,False,True,False,True
logiqa2,logiqa2-validation-001377,logiqa2-train-008364,0.4526214301586151,True,True,True,True,True,True,True
logiqa2,logiqa2-validation-001378,logiqa2-train-000209,0.5204313397407532,True,True,True,True,True,True,True
logiqa2,logiqa2-validation-001379,logiqa2-train-001242,0.6840382814407349,False,False,False,True,True,False,True
logiqa2,logiqa2-validation-001380,logiqa2-train-002125,1.0000001192092896,True,True,True,True,True,True,True
logiqa2,logiqa2-validation-001381,logiqa2-train-006812,0.506650447845459,True,True,True,True,True,True,True
logiqa2,logiqa2-validation-001382,logiqa2-train-001061,0.5965192914009094,True,True,True,True,True,True,True
logiqa2,logiqa2-validation-001383,logiqa2-train-001845,0.6488507390022278,False,False,False,True,True,True,True
logiqa2,logiqa2-validation-001384,logiqa2-train-001849,0.5146657228469849,False,False,True,True,True,True,True
logiqa2,logiqa2-validation-001385,logiqa2-train-008290,0.5898183584213257,True,True,False,False,True,False,True
logiqa2,logiqa2-validation-001386,logiqa2-train-004524,0.5672191977500916,False,False,False,False,True,False,True
logiqa2,logiqa2-validation-001387,logiqa2-train-000236,0.7078453302383423,True,True,True,True,True,True,True
logiqa2,logiqa2-validation-001388,logiqa2-train-010254,0.9999997615814209,False,False,False,True,True,False,True
logiqa2,logiqa2-validation-001389,logiqa2-train-004361,0.6876961588859558,True,True,False,False,True,False,True
logiqa2,logiqa2-validation-001390,logiqa2-train-000117,0.4998443126678467,True,True,True,True,True,True,True
logiqa2,logiqa2-validation-001391,logiqa2-train-007412,0.6391850113868713,False,False,False,False,True,True,True
logiqa2,logiqa2-validation-001392,logiqa2-train-006239,0.45939943194389343,True,True,False,False,True,False,True
logiqa2,logiqa2-validation-001393,logiqa2-train-003751,0.9356038570404053,True,True,True,True,True,True,True
logiqa2,logiqa2-validation-001394,logiqa2-train-001797,0.7514374852180481,True,True,True,True,True,True,True
logiqa2,logiqa2-validation-001395,logiqa2-train-008358,0.6042086482048035,False,False,False,False,True,False,True
logiqa2,logiqa2-validation-001396,logiqa2-train-012465,0.5897604823112488,True,True,False,False,True,True,True
logiqa2,logiqa2-validation-001397,logiqa2-train-001412,0.9676809906959534,False,False,True,True,True,True,True
logiqa2,logiqa2-validation-001398,logiqa2-train-006457,0.9999997615814209,True,True,False,True,True,True,True
logiqa2,logiqa2-validation-001399,logiqa2-train-007858,0.4391552209854126,True,True,False,True,True,True,True
logiqa2,logiqa2-validation-001400,logiqa2-train-007160,0.624016523361206,False,False,False,True,True,False,True
logiqa2,logiqa2-validation-001401,logiqa2-train-011080,0.9999998807907104,True,True,True,True,True,True,True
logiqa2,logiqa2-validation-001402,logiqa2-train-006211,0.6565670967102051,True,True,True,False,True,False,True
logiqa2,logiqa2-validation-001403,logiqa2-train-007734,0.869856059551239,False,False,True,False,True,True,True
logiqa2,logiqa2-validation-001404,logiqa2-train-007089,0.463485985994339,True,True,True,True,True,True,True
logiqa2,logiqa2-validation-001405,logiqa2-train-002247,0.47410711646080017,True,True,True,True,True,True,True
logiqa2,logiqa2-validation-001406,logiqa2-train-001037,0.549538254737854,True,True,True,True,True,True,True
logiqa2,logiqa2-validation-001407,logiqa2-train-004648,1.0000003576278687,True,True,True,True,True,True,True
logiqa2,logiqa2-validation-001408,logiqa2-train-008495,0.9722074866294861,True,True,True,True,True,True,True
logiqa2,logiqa2-validation-001409,logiqa2-train-009873,0.9772800207138062,True,True,True,True,True,True,True
logiqa2,logiqa2-validation-001410,logiqa2-train-007098,0.6063870787620544,False,False,False,False,True,False,True
logiqa2,logiqa2-validation-001411,logiqa2-train-012083,0.5015968084335327,True,True,False,False,True,True,True
logiqa2,logiqa2-validation-001412,logiqa2-train-006052,0.48174697160720825,False,False,True,True,True,True,True
logiqa2,logiqa2-validation-001413,logiqa2-train-007912,0.5657805800437927,True,True,False,True,True,True,True
logiqa2,logiqa2-validation-001414,logiqa2-train-001780,0.8401885628700256,False,False,False,True,True,True,True
logiqa2,logiqa2-validation-001415,logiqa2-train-009302,0.42683422565460205,True,True,True,True,True,True,True
logiqa2,logiqa2-validation-001416,logiqa2-train-004858,0.4239148795604706,False,True,True,True,True,True,True
logiqa2,logiqa2-validation-001417,logiqa2-train-011374,0.6570460796356201,False,False,False,True,True,False,True
logiqa2,logiqa2-validation-001418,logiqa2-train-006071,0.8517458438873291,True,False,True,False,True,True,True
logiqa2,logiqa2-validation-001419,logiqa2-train-005389,0.6513769626617432,True,True,True,True,True,True,True
logiqa2,logiqa2-validation-001420,logiqa2-train-009807,0.694153368473053,True,True,False,,True,,True
logiqa2,logiqa2-validation-001421,logiqa2-train-000547,0.5294003486633301,False,False,False,False,True,False,True
logiqa2,logiqa2-validation-001422,logiqa2-train-004714,0.9999997615814209,False,True,True,False,True,True,True
logiqa2,logiqa2-validation-001423,logiqa2-train-008140,0.48915693163871765,True,True,True,True,True,True,True
logiqa2,logiqa2-validation-001424,logiqa2-train-011445,0.5663985013961792,False,False,False,False,True,True,True
logiqa2,logiqa2-validation-001425,logiqa2-train-006797,0.6123085618019104,True,True,False,True,True,True,True
logiqa2,logiqa2-validation-001426,logiqa2-train-010448,0.8510322570800781,False,False,False,True,True,True,True
logiqa2,logiqa2-validation-001427,logiqa2-train-008087,0.945171058177948,False,False,True,True,True,True,True
logiqa2,logiqa2-validation-001428,logiqa2-train-001374,0.545151948928833,True,True,True,True,True,True,True
logiqa2,logiqa2-validation-001429,logiqa2-train-000534,0.5454776287078857,False,False,True,True,True,True,True
logiqa2,logiqa2-validation-001430,logiqa2-train-000558,0.6484712958335876,True,True,True,True,True,True,True
logiqa2,logiqa2-validation-001431,logiqa2-train-005381,0.6907918453216553,False,False,True,False,True,True,True
logiqa2,logiqa2-validation-001432,logiqa2-train-006887,0.44623851776123047,True,True,True,True,True,True,True
logiqa2,logiqa2-validation-001433,logiqa2-train-011130,1.0,True,True,True,True,True,True,True
logiqa2,logiqa2-validation-001434,logiqa2-train-003116,0.6413243412971497,True,True,True,True,True,True,True
logiqa2,logiqa2-validation-001435,logiqa2-train-002365,0.5487849712371826,False,False,False,False,True,False,True
logiqa2,logiqa2-validation-001436,logiqa2-train-001281,0.7216094732284546,False,False,True,False,True,False,True
logiqa2,logiqa2-validation-001437,logiqa2-train-002849,0.6013005375862122,False,False,False,True,True,False,True
logiqa2,logiqa2-validation-001438,logiqa2-train-009679,0.6483807563781738,False,False,False,False,True,True,True
logiqa2,logiqa2-validation-001439,logiqa2-train-007897,0.4583125114440918,False,False,False,True,True,False,True
logiqa2,logiqa2-validation-001440,logiqa2-train-010252,0.5265422463417053,False,False,True,True,True,True,True
logiqa2,logiqa2-validation-001441,logiqa2-train-012515,0.49814048409461975,False,False,True,True,True,True,True
logiqa2,logiqa2-validation-001442,logiqa2-train-009232,0.5033524632453918,True,True,True,False,True,False,True
logiqa2,logiqa2-validation-001443,logiqa2-train-007089,0.6454010605812073,True,True,False,False,True,False,True
logiqa2,logiqa2-validation-001444,logiqa2-train-010915,0.5660353302955627,True,True,False,False,True,False,True
logiqa2,logiqa2-validation-001445,logiqa2-train-003846,0.5184023380279541,False,False,True,True,True,False,True
logiqa2,logiqa2-validation-001446,logiqa2-train-004734,0.6115003824234009,True,True,True,True,True,True,True
logiqa2,logiqa2-validation-001447,logiqa2-train-010293,1.0000007152557373,False,False,False,False,True,False,True
logiqa2,logiqa2-validation-001448,logiqa2-train-006617,0.5964815616607666,True,True,True,True,True,True,True
logiqa2,logiqa2-validation-001449,logiqa2-train-010446,0.5533081293106079,True,True,False,False,True,False,True
logiqa2,logiqa2-validation-001450,logiqa2-train-000211,0.7234005928039551,False,False,True,True,True,True,True
logiqa2,logiqa2-validation-001451,logiqa2-train-012501,0.5619723200798035,False,False,False,False,True,False,True
logiqa2,logiqa2-validation-001452,logiqa2-train-002645,0.6592246890068054,True,True,True,True,True,True,True
logiqa2,logiqa2-validation-001453,logiqa2-train-000366,0.6851772665977478,True,True,False,False,True,False,True
logiqa2,logiqa2-validation-001454,logiqa2-train-001183,0.5381171703338623,True,True,False,False,True,False,True
logiqa2,logiqa2-validation-001455,logiqa2-train-002450,0.4364114999771118,False,False,False,True,True,True,True
logiqa2,logiqa2-validation-001456,logiqa2-train-007738,0.5938617587089539,False,False,False,False,True,False,True
logiqa2,logiqa2-validation-001457,logiqa2-train-001728,0.4667382836341858,False,False,False,False,True,False,True
logiqa2,logiqa2-validation-001458,logiqa2-train-010957,0.9464659690856934,True,False,False,False,True,True,True
logiqa2,logiqa2-validation-001459,logiqa2-train-004888,0.6590861082077026,False,False,False,False,True,False,True
logiqa2,logiqa2-validation-001460,logiqa2-train-005115,0.5327382683753967,False,False,True,True,True,True,True
logiqa2,logiqa2-validation-001461,logiqa2-train-008505,0.7165723443031311,True,,False,True,True,False,True
logiqa2,logiqa2-validation-001462,logiqa2-train-006514,0.61019366979599,False,False,False,False,True,False,True
logiqa2,logiqa2-validation-001463,logiqa2-train-000579,0.9999997615814209,True,True,True,False,True,True,True
logiqa2,logiqa2-validation-001464,logiqa2-train-001606,0.7210283279418945,True,True,False,False,True,False,True
logiqa2,logiqa2-validation-001465,logiqa2-train-006326,0.5984057784080505,True,True,False,False,True,False,True
logiqa2,logiqa2-validation-001466,logiqa2-train-011562,0.6270270943641663,False,False,True,True,True,True,True
logiqa2,logiqa2-validation-001467,logiqa2-train-003712,0.5122950673103333,True,True,False,False,True,False,True
logiqa2,logiqa2-validation-001468,logiqa2-train-008135,0.5673222541809082,False,False,True,True,True,True,True
logiqa2,logiqa2-validation-001469,logiqa2-train-008771,1.000000238418579,False,False,False,False,True,False,True
logiqa2,logiqa2-validation-001470,logiqa2-train-011016,0.5643325448036194,True,True,True,True,True,True,True
logiqa2,logiqa2-validation-001471,logiqa2-train-004935,0.651498019695282,True,True,True,True,True,False,True
logiqa2,logiqa2-validation-001472,logiqa2-train-011443,0.6697967052459717,True,True,True,True,True,True,True
logiqa2,logiqa2-validation-001473,logiqa2-train-011989,0.9606577157974243,False,False,False,False,True,False,True
logiqa2,logiqa2-validation-001474,logiqa2-train-000557,0.7050577402114868,True,True,False,False,True,False,True
logiqa2,logiqa2-validation-001475,logiqa2-train-004445,0.5541678667068481,True,True,False,True,True,False,True
logiqa2,logiqa2-validation-001476,logiqa2-train-003786,0.6314608454704285,True,True,False,False,True,False,True
logiqa2,logiqa2-validation-001477,logiqa2-train-010550,0.6865357756614685,False,False,True,False,True,True,True
logiqa2,logiqa2-validation-001478,logiqa2-train-000664,0.5655236840248108,True,,True,True,True,,True
logiqa2,logiqa2-validation-001479,logiqa2-train-003398,1.0000004768371582,True,True,True,False,True,False,True
logiqa2,logiqa2-validation-001480,logiqa2-train-001835,1.0000004768371582,True,True,True,False,True,False,True
logiqa2,logiqa2-validation-001481,logiqa2-train-003375,0.4821203351020813,True,True,True,True,True,True,True
logiqa2,logiqa2-validation-001482,logiqa2-train-000852,0.5626218914985657,True,True,False,False,True,False,True
logiqa2,logiqa2-validation-001483,logiqa2-train-002324,0.45375803112983704,True,True,True,True,True,False,True
logiqa2,logiqa2-validation-001484,logiqa2-train-009646,0.4876171350479126,False,True,True,True,True,True,True
logiqa2,logiqa2-validation-001485,logiqa2-train-010638,0.4402446746826172,True,True,True,False,True,False,True
logiqa2,logiqa2-validation-001486,logiqa2-train-009922,0.6368081569671631,True,True,True,True,True,True,True
logiqa2,logiqa2-validation-001487,logiqa2-train-007137,0.4152715802192688,False,False,True,True,True,True,True
logiqa2,logiqa2-validation-001488,logiqa2-train-003461,0.5711385607719421,False,False,True,True,True,True,True
logiqa2,logiqa2-validation-001489,logiqa2-train-005385,0.545355498790741,False,False,True,True,True,False,True
logiqa2,logiqa2-validation-001490,logiqa2-train-002278,0.5453776717185974,True,True,True,True,True,True,True
logiqa2,logiqa2-validation-001491,logiqa2-train-002460,0.5538986325263977,False,False,False,True,True,True,True
logiqa2,logiqa2-validation-001492,logiqa2-train-005337,0.674003005027771,False,False,True,True,True,True,True
logiqa2,logiqa2-validation-001493,logiqa2-train-008684,0.6490075588226318,True,True,True,True,True,True,True
logiqa2,logiqa2-validation-001494,logiqa2-train-001595,0.5894217491149902,True,True,True,True,True,True,True
logiqa2,logiqa2-validation-001495,logiqa2-train-009995,0.5344852805137634,True,True,True,True,True,True,True
logiqa2,logiqa2-validation-001496,logiqa2-train-005404,0.5751363635063171,True,True,False,False,True,False,True
logiqa2,logiqa2-validation-001497,logiqa2-train-002805,0.6593289375305176,True,True,True,False,True,False,True
logiqa2,logiqa2-validation-001498,logiqa2-train-009873,0.5706648230552673,True,True,True,True,True,True,True
logiqa2,logiqa2-validation-001499,logiqa2-train-008240,0.8338704109191895,False,False,True,True,True,True,True
logiqa2,logiqa2-validation-001500,logiqa2-train-004174,0.7625228762626648,True,True,True,True,True,True,True
logiqa2,logiqa2-validation-001501,logiqa2-train-010669,0.8360255360603333,False,False,True,True,True,True,True
logiqa2,logiqa2-validation-001502,logiqa2-train-010838,0.624004602432251,True,True,True,False,True,False,True
logiqa2,logiqa2-validation-001503,logiqa2-train-011657,0.9009283185005188,True,True,False,False,True,True,True
logiqa2,logiqa2-validation-001504,logiqa2-train-003017,0.590092122554779,False,False,True,False,True,True,True
logiqa2,logiqa2-validation-001505,logiqa2-train-004116,0.7872264981269836,True,True,True,True,True,True,True
logiqa2,logiqa2-validation-001506,logiqa2-train-011556,0.4873010814189911,True,True,False,True,True,True,True
logiqa2,logiqa2-validation-001507,logiqa2-train-006617,0.5828855633735657,True,True,False,True,True,True,True
logiqa2,logiqa2-validation-001508,logiqa2-train-010910,0.826254665851593,False,False,False,False,True,False,True
logiqa2,logiqa2-validation-001509,logiqa2-train-000021,0.5300740599632263,False,False,True,True,True,True,True
logiqa2,logiqa2-validation-001510,logiqa2-train-000317,0.5017825365066528,False,False,True,False,True,False,True
logiqa2,logiqa2-validation-001511,logiqa2-train-008398,1.0000004768371582,True,True,True,True,True,True,True
logiqa2,logiqa2-validation-001512,logiqa2-train-012052,0.6052751541137695,True,True,True,True,True,True,True
logiqa2,logiqa2-validation-001513,logiqa2-train-004718,0.9185867309570312,True,,False,False,True,False,True
logiqa2,logiqa2-validation-001514,logiqa2-train-007347,1.0000003576278687,True,True,True,True,True,True,True
logiqa2,logiqa2-validation-001515,logiqa2-train-003003,0.6365377902984619,False,False,True,True,True,True,True
logiqa2,logiqa2-validation-001516,logiqa2-train-011418,0.5793091058731079,False,,False,False,True,False,True
logiqa2,logiqa2-validation-001517,logiqa2-train-008700,0.7166869640350342,True,True,True,True,True,True,True
logiqa2,logiqa2-validation-001518,logiqa2-train-002155,0.6293532252311707,True,,True,False,True,False,True
logiqa2,logiqa2-validation-001519,logiqa2-train-002484,0.512635350227356,False,False,True,True,True,True,True
logiqa2,logiqa2-validation-001520,logiqa2-train-004324,0.49883776903152466,False,False,True,True,True,True,True
logiqa2,logiqa2-validation-001521,logiqa2-train-008774,0.591258704662323,False,False,False,False,True,False,True
logiqa2,logiqa2-validation-001522,logiqa2-train-005755,0.5764856338500977,False,False,False,False,True,False,True
logiqa2,logiqa2-validation-001523,logiqa2-train-001121,1.0,True,True,True,True,True,True,True
logiqa2,logiqa2-validation-001524,logiqa2-train-010377,0.5340942144393921,False,False,True,True,True,True,True
logiqa2,logiqa2-validation-001525,logiqa2-train-004735,0.4981503486633301,False,False,True,True,True,True,True
logiqa2,logiqa2-validation-001526,logiqa2-train-004132,0.5764045715332031,False,False,False,True,True,False,True
logiqa2,logiqa2-validation-001527,logiqa2-train-004537,0.5473068952560425,False,False,False,False,True,False,True
logiqa2,logiqa2-validation-001528,logiqa2-train-007761,0.8118643760681152,True,True,False,False,True,False,True
logiqa2,logiqa2-validation-001529,logiqa2-train-010693,0.6563764810562134,False,False,True,True,True,True,True
logiqa2,logiqa2-validation-001530,logiqa2-train-002986,0.7243329882621765,True,True,True,True,True,True,True
logiqa2,logiqa2-validation-001531,logiqa2-train-011625,0.5022709369659424,True,True,False,True,True,True,True
logiqa2,logiqa2-validation-001532,logiqa2-train-008254,0.6256770491600037,True,True,True,True,True,True,True
logiqa2,logiqa2-validation-001533,logiqa2-train-009695,0.6576529741287231,True,True,True,True,True,False,True
logiqa2,logiqa2-validation-001534,logiqa2-train-011015,0.9199585914611816,True,True,False,True,True,False,True
logiqa2,logiqa2-validation-001535,logiqa2-train-008617,0.5797187685966492,False,False,True,True,True,True,True
logiqa2,logiqa2-validation-001536,logiqa2-train-008341,0.9509909749031067,False,False,False,False,True,False,True
logiqa2,logiqa2-validation-001537,logiqa2-train-009718,1.0,True,True,True,False,True,True,True
logiqa2,logiqa2-validation-001538,logiqa2-train-000002,0.6418443322181702,True,True,False,False,True,False,True
logiqa2,logiqa2-validation-001539,logiqa2-train-008069,0.49927443265914917,True,True,False,False,True,False,True
logiqa2,logiqa2-validation-001540,logiqa2-train-010701,0.5645168423652649,False,False,False,True,True,True,True
logiqa2,logiqa2-validation-001541,logiqa2-train-002555,0.5665342807769775,False,False,False,False,True,False,True
logiqa2,logiqa2-validation-001542,logiqa2-train-006353,0.5589041709899902,False,False,True,False,True,False,True
logiqa2,logiqa2-validation-001543,logiqa2-train-011708,0.5361921787261963,True,True,True,True,True,True,True
logiqa2,logiqa2-validation-001544,logiqa2-train-005044,0.4920865297317505,True,True,False,True,True,False,True
logiqa2,logiqa2-validation-001545,logiqa2-train-006216,1.0000001192092896,True,,True,False,True,False,True
logiqa2,logiqa2-validation-001546,logiqa2-train-001269,0.6893478035926819,False,False,True,True,True,True,True
logiqa2,logiqa2-validation-001547,logiqa2-train-006364,0.5710802674293518,True,True,True,True,True,True,True
logiqa2,logiqa2-validation-001548,logiqa2-train-007421,0.6225171089172363,True,True,True,True,True,True,True
logiqa2,logiqa2-validation-001549,logiqa2-train-006656,0.9509941935539246,False,False,False,False,True,False,True
logiqa2,logiqa2-validation-001550,logiqa2-train-005601,0.4372636079788208,False,False,False,False,True,False,True
logiqa2,logiqa2-validation-001551,logiqa2-train-003593,0.5074902176856995,True,True,True,True,True,True,True
logiqa2,logiqa2-validation-001552,logiqa2-train-008258,0.5659754872322083,True,True,True,False,True,True,True
logiqa2,logiqa2-validation-001553,logiqa2-train-000870,0.5799839496612549,False,False,True,True,True,True,True
logiqa2,logiqa2-validation-001554,logiqa2-train-004558,0.5078955888748169,True,True,False,False,True,False,True
logiqa2,logiqa2-validation-001555,logiqa2-train-011646,0.6174821853637695,True,,False,False,True,True,True
logiqa2,logiqa2-validation-001556,logiqa2-train-012527,0.5746318101882935,False,False,True,True,True,True,True
logiqa2,logiqa2-validation-001557,logiqa2-train-002079,1.0000001192092896,False,False,False,False,True,False,True
logiqa2,logiqa2-validation-001558,logiqa2-train-006206,0.6683122515678406,True,True,True,True,True,True,True
logiqa2,logiqa2-validation-001559,logiqa2-train-010429,0.7251425981521606,False,,False,False,True,False,True
logiqa2,logiqa2-validation-001560,logiqa2-train-011226,0.9999998211860657,True,,False,True,True,True,True
logiqa2,logiqa2-validation-001561,logiqa2-train-011978,0.7405753135681152,False,False,False,False,True,False,True
logiqa2,logiqa2-validation-001562,logiqa2-train-010337,0.5199074149131775,False,False,False,False,True,False,True
logiqa2,logiqa2-validation-001563,logiqa2-train-003594,0.7779957056045532,True,True,False,False,True,False,True
logiqa2,logiqa2-validation-001564,logiqa2-train-010130,0.45086848735809326,False,False,True,True,True,True,True
logiqa2,logiqa2-validation-001565,logiqa2-train-001514,0.4571419358253479,True,True,False,False,True,False,True
logiqa2,logiqa2-validation-001566,logiqa2-train-001752,0.8846766352653503,False,False,False,False,True,False,True
logiqa2,logiqa2-validation-001567,logiqa2-train-011036,0.6548687219619751,False,True,True,True,True,True,True
logiqa2,logiqa2-validation-001568,logiqa2-train-009050,0.5501278638839722,True,True,True,True,True,True,True
openbookqa,openbookqa-validation-000000,openbookqa-train-003252,0.56830233335495,True,True,True,True,True,True,True
openbookqa,openbookqa-validation-000001,openbookqa-train-001356,0.684486985206604,True,True,False,False,True,True,True
openbookqa,openbookqa-validation-000002,openbookqa-train-002571,0.7585602402687073,True,True,True,True,True,True,True
openbookqa,openbookqa-validation-000003,openbookqa-train-002358,0.8049967288970947,False,False,True,True,True,True,True
openbookqa,openbookqa-validation-000004,openbookqa-train-000946,0.7283568382263184,False,False,True,False,True,True,True
openbookqa,openbookqa-validation-000005,openbookqa-train-004317,0.590487539768219,False,False,True,True,True,False,True
openbookqa,openbookqa-validation-000006,openbookqa-train-003058,0.5348577499389648,True,True,True,True,True,True,True
openbookqa,openbookqa-validation-000007,openbookqa-train-003101,0.743049681186676,True,True,True,True,True,True,True
openbookqa,openbookqa-validation-000008,openbookqa-train-000052,0.8800333738327026,True,True,True,True,True,True,True
openbookqa,openbookqa-validation-000009,openbookqa-train-000776,0.6791154146194458,True,True,True,True,True,True,True
openbookqa,openbookqa-validation-000010,openbookqa-train-003559,0.5987192392349243,False,False,True,False,True,False,True
openbookqa,openbookqa-validation-000011,openbookqa-train-000545,0.5451106429100037,True,True,True,True,True,True,True
openbookqa,openbookqa-validation-000012,openbookqa-train-000881,0.6045792698860168,True,True,True,True,True,True,True
openbookqa,openbookqa-validation-000013,openbookqa-train-000787,0.6065588593482971,False,False,True,False,True,True,True
openbookqa,openbookqa-validation-000014,openbookqa-train-002685,0.7013295292854309,True,True,True,True,True,True,True
openbookqa,openbookqa-validation-000015,openbookqa-train-001877,0.7079689502716064,False,False,True,True,True,True,True
openbookqa,openbookqa-validation-000016,openbookqa-train-003648,0.7774828672409058,True,True,True,True,True,True,True
openbookqa,openbookqa-validation-000017,openbookqa-train-003827,0.8501637578010559,True,True,True,True,True,True,True
openbookqa,openbookqa-validation-000018,openbookqa-train-000082,0.6983957290649414,True,True,False,False,True,True,True
openbookqa,openbookqa-validation-000019,openbookqa-train-002263,0.8343055248260498,True,True,False,True,True,True,True
openbookqa,openbookqa-validation-000020,openbookqa-train-003794,1.0000004768371582,True,True,True,True,True,True,True
openbookqa,openbookqa-validation-000021,openbookqa-train-001078,0.8570714592933655,True,True,True,True,True,True,True
openbookqa,openbookqa-validation-000022,openbookqa-train-003726,0.5851456522941589,True,True,True,True,True,True,True
openbookqa,openbookqa-validation-000023,openbookqa-train-002717,0.8492102026939392,True,True,True,True,True,True,True
openbookqa,openbookqa-validation-000024,openbookqa-train-003714,0.8297552466392517,False,True,True,True,True,True,True
openbookqa,openbookqa-validation-000025,openbookqa-train-003271,0.807961106300354,True,True,True,True,True,True,True
openbookqa,openbookqa-validation-000026,openbookqa-train-000244,0.7339602112770081,True,True,True,True,True,False,True
openbookqa,openbookqa-validation-000027,openbookqa-train-004890,0.7164723873138428,True,True,True,True,True,True,True
openbookqa,openbookqa-validation-000028,openbookqa-train-004945,0.6749982833862305,False,False,True,True,True,True,True
openbookqa,openbookqa-validation-000029,openbookqa-train-004643,0.6343260407447815,False,False,True,True,True,True,True
openbookqa,openbookqa-validation-000030,openbookqa-train-001001,0.4599737524986267,True,True,True,True,True,True,True
openbookqa,openbookqa-validation-000031,openbookqa-train-004050,0.8259500861167908,True,True,True,True,True,True,True
openbookqa,openbookqa-validation-000032,openbookqa-train-004294,0.8034955859184265,True,True,True,True,True,True,True
openbookqa,openbookqa-validation-000033,openbookqa-train-003362,0.7345912456512451,False,False,False,False,True,False,True
openbookqa,openbookqa-validation-000034,openbookqa-train-002508,0.7286385893821716,True,True,True,True,True,True,True
openbookqa,openbookqa-validation-000035,openbookqa-train-003766,0.6372030973434448,True,True,True,True,True,True,True
openbookqa,openbookqa-validation-000036,openbookqa-train-000326,0.8638867139816284,True,True,True,True,True,True,True
openbookqa,openbookqa-validation-000037,openbookqa-train-003447,0.6180962324142456,False,False,True,True,True,True,True
openbookqa,openbookqa-validation-000038,openbookqa-train-001231,0.6292317509651184,False,False,True,True,True,True,True
openbookqa,openbookqa-validation-000039,openbookqa-train-003452,1.0000003576278687,True,True,True,True,True,True,True
openbookqa,openbookqa-validation-000040,openbookqa-train-004068,0.681850254535675,True,True,True,False,True,True,True
openbookqa,openbookqa-validation-000041,openbookqa-train-004351,0.47247740626335144,True,True,True,True,True,True,True
openbookqa,openbookqa-validation-000042,openbookqa-train-002370,0.5474209785461426,False,False,True,True,True,True,True
openbookqa,openbookqa-validation-000043,openbookqa-train-004098,0.6875016689300537,True,True,False,True,True,True,True
openbookqa,openbookqa-validation-000044,openbookqa-train-004599,0.7013697624206543,True,True,True,True,True,True,True
openbookqa,openbookqa-validation-000045,openbookqa-train-003065,0.6313994526863098,True,True,True,True,True,True,True
openbookqa,openbookqa-validation-000046,openbookqa-train-001150,0.4250158369541168,False,True,False,True,True,True,True
openbookqa,openbookqa-validation-000047,openbookqa-train-004812,0.9593555331230164,True,True,True,False,True,False,True
openbookqa,openbookqa-validation-000048,openbookqa-train-002216,0.7332473397254944,True,True,True,True,True,True,True
openbookqa,openbookqa-validation-000049,openbookqa-train-001703,0.9441666007041931,True,True,True,True,True,True,True
openbookqa,openbookqa-validation-000050,openbookqa-train-001630,0.7490228414535522,False,False,True,True,True,True,True
openbookqa,openbookqa-validation-000051,openbookqa-train-004734,0.6625384092330933,True,True,True,False,True,False,True
openbookqa,openbookqa-validation-000052,openbookqa-train-003976,0.8136570453643799,True,True,True,True,True,True,True
openbookqa,openbookqa-validation-000053,openbookqa-train-000760,0.6570512056350708,True,True,True,True,True,True,True
openbookqa,openbookqa-validation-000054,openbookqa-train-002514,0.5679814219474792,True,True,True,True,True,True,True
openbookqa,openbookqa-validation-000055,openbookqa-train-001702,0.636880099773407,True,,False,True,True,True,True
openbookqa,openbookqa-validation-000056,openbookqa-train-001944,0.642946183681488,True,True,True,True,True,True,True
openbookqa,openbookqa-validation-000057,openbookqa-train-001868,0.9246524572372437,True,True,True,True,True,True,True
openbookqa,openbookqa-validation-000058,openbookqa-train-003938,0.6771202683448792,True,True,False,True,True,True,True
openbookqa,openbookqa-validation-000059,openbookqa-train-004137,0.6676725745201111,False,True,True,True,True,True,True
openbookqa,openbookqa-validation-000060,openbookqa-train-002074,0.6497018933296204,False,False,False,False,True,True,True
openbookqa,openbookqa-validation-000061,openbookqa-train-002486,0.6902685165405273,True,True,True,True,True,True,True
openbookqa,openbookqa-validation-000062,openbookqa-train-002547,0.8460654020309448,True,True,False,True,True,True,True
openbookqa,openbookqa-validation-000063,openbookqa-train-002194,0.5634939670562744,True,True,False,True,True,True,True
openbookqa,openbookqa-validation-000064,openbookqa-train-001272,0.5499470233917236,True,True,True,True,True,True,True
openbookqa,openbookqa-validation-000065,openbookqa-train-004168,0.7524473667144775,False,False,False,True,True,True,True
openbookqa,openbookqa-validation-000066,openbookqa-train-003093,0.7565705180168152,True,True,True,True,True,True,True
openbookqa,openbookqa-validation-000067,openbookqa-train-000352,0.8919709920883179,True,True,True,True,True,False,True
openbookqa,openbookqa-validation-000068,openbookqa-train-004948,0.8211532235145569,True,True,False,True,True,True,True
openbookqa,openbookqa-validation-000069,openbookqa-train-004866,0.6368446946144104,True,True,True,True,True,False,True
openbookqa,openbookqa-validation-000070,openbookqa-train-004818,0.6011075377464294,True,True,True,True,True,True,True
openbookqa,openbookqa-validation-000071,openbookqa-train-001049,0.8289872407913208,True,True,False,False,True,False,True
openbookqa,openbookqa-validation-000072,openbookqa-train-003221,0.6806754469871521,True,True,True,False,True,True,True
openbookqa,openbookqa-validation-000073,openbookqa-train-002264,0.5817527770996094,True,True,True,True,True,True,True
openbookqa,openbookqa-validation-000074,openbookqa-train-004425,0.7130052447319031,True,True,True,True,True,True,True
openbookqa,openbookqa-validation-000075,openbookqa-train-002802,0.7321589589118958,True,True,True,True,True,True,True
openbookqa,openbookqa-validation-000076,openbookqa-train-001831,0.46430128812789917,True,True,False,True,True,False,True
openbookqa,openbookqa-validation-000077,openbookqa-train-004338,0.7273420095443726,True,True,True,True,True,True,True
openbookqa,openbookqa-validation-000078,openbookqa-train-000130,0.6275490522384644,True,True,False,False,True,False,True
openbookqa,openbookqa-validation-000079,openbookqa-train-004549,0.735458254814148,True,True,True,True,True,True,True
openbookqa,openbookqa-validation-000080,openbookqa-train-003162,0.6663932800292969,False,False,True,True,True,True,True
openbookqa,openbookqa-validation-000081,openbookqa-train-002439,0.7443692684173584,True,True,True,True,True,True,True
openbookqa,openbookqa-validation-000082,openbookqa-train-001961,0.6978235244750977,True,True,False,False,True,True,True
openbookqa,openbookqa-validation-000083,openbookqa-train-002551,0.6842023730278015,True,True,False,True,True,True,True
openbookqa,openbookqa-validation-000084,openbookqa-train-000712,0.5402547121047974,True,True,True,True,True,True,True
openbookqa,openbookqa-validation-000085,openbookqa-train-002005,0.6550487875938416,True,True,True,True,True,True,True
openbookqa,openbookqa-validation-000086,openbookqa-train-002922,1.0,True,True,True,True,True,True,True
openbookqa,openbookqa-validation-000087,openbookqa-train-004158,0.653715968132019,True,True,True,True,True,True,True
openbookqa,openbookqa-validation-000088,openbookqa-train-003458,0.924606442451477,True,True,True,True,True,True,True
openbookqa,openbookqa-validation-000089,openbookqa-train-000721,0.7293015122413635,True,True,False,True,True,True,True
openbookqa,openbookqa-validation-000090,openbookqa-train-000171,0.6401429176330566,True,True,True,True,True,True,True
openbookqa,openbookqa-validation-000091,openbookqa-train-004946,0.7776432037353516,True,True,True,True,True,True,True
openbookqa,openbookqa-validation-000092,openbookqa-train-002705,0.5680961608886719,True,True,True,True,True,True,True
openbookqa,openbookqa-validation-000093,openbookqa-train-000909,0.542456865310669,True,True,True,False,True,True,True
openbookqa,openbookqa-validation-000094,openbookqa-train-001399,1.000000238418579,True,True,True,True,True,True,True
openbookqa,openbookqa-validation-000095,openbookqa-train-000069,0.8483263850212097,False,False,True,True,True,True,True
openbookqa,openbookqa-validation-000096,openbookqa-train-003805,0.80515056848526,True,True,True,True,True,True,True
openbookqa,openbookqa-validation-000097,openbookqa-train-002076,0.6094523668289185,True,True,True,True,True,True,True
openbookqa,openbookqa-validation-000098,openbookqa-train-004243,0.8629320859909058,False,False,True,True,True,True,True
openbookqa,openbookqa-validation-000099,openbookqa-train-001565,0.7066737413406372,True,True,True,True,True,True,True
openbookqa,openbookqa-validation-000100,openbookqa-train-000858,0.6873347759246826,True,True,True,True,True,True,True
openbookqa,openbookqa-validation-000101,openbookqa-train-000962,0.6814756393432617,True,True,True,True,True,False,True
openbookqa,openbookqa-validation-000102,openbookqa-train-000071,0.8212998509407043,False,True,False,True,True,False,True
openbookqa,openbookqa-validation-000103,openbookqa-train-001362,0.4792892634868622,True,True,False,True,True,True,True
openbookqa,openbookqa-validation-000104,openbookqa-train-004816,0.7464251518249512,True,True,True,True,True,True,True
openbookqa,openbookqa-validation-000105,openbookqa-train-004768,0.6320770382881165,True,True,True,True,True,True,True
openbookqa,openbookqa-validation-000106,openbookqa-train-001445,0.5908358693122864,False,False,False,True,True,True,True
openbookqa,openbookqa-validation-000107,openbookqa-train-001848,0.6290302872657776,False,False,False,False,True,False,True
openbookqa,openbookqa-validation-000108,openbookqa-train-004849,0.5761995911598206,True,True,True,True,True,True,True
openbookqa,openbookqa-validation-000109,openbookqa-train-001235,0.9350317716598511,True,True,True,True,True,True,True
openbookqa,openbookqa-validation-000110,openbookqa-train-003465,0.8460781574249268,False,True,True,True,True,True,True
openbookqa,openbookqa-validation-000111,openbookqa-train-001691,0.7715549468994141,True,True,True,True,True,True,True
openbookqa,openbookqa-validation-000112,openbookqa-train-000617,0.8308104276657104,True,,False,True,True,False,True
openbookqa,openbookqa-validation-000113,openbookqa-train-001106,0.5118862986564636,False,True,True,False,True,False,True
openbookqa,openbookqa-validation-000114,openbookqa-train-000404,0.5601453185081482,True,True,True,True,True,True,True
openbookqa,openbookqa-validation-000115,openbookqa-train-001160,0.6540586948394775,True,True,True,True,True,True,True
openbookqa,openbookqa-validation-000116,openbookqa-train-001997,0.7402688264846802,True,True,True,True,True,False,True
openbookqa,openbookqa-validation-000117,openbookqa-train-004955,0.7680255770683289,True,True,True,True,True,False,True
openbookqa,openbookqa-validation-000118,openbookqa-train-000422,0.6075115203857422,False,False,True,False,True,True,True
openbookqa,openbookqa-validation-000119,openbookqa-train-001771,0.7825130224227905,True,True,True,False,True,False,True
openbookqa,openbookqa-validation-000120,openbookqa-train-000408,0.8724963068962097,True,True,True,True,True,True,True
openbookqa,openbookqa-validation-000121,openbookqa-train-000391,0.7163389921188354,False,True,True,True,True,True,True
openbookqa,openbookqa-validation-000122,openbookqa-train-001116,0.8836114406585693,True,True,True,False,True,True,True
openbookqa,openbookqa-validation-000123,openbookqa-train-000916,0.8560674786567688,False,True,True,True,True,False,True
openbookqa,openbookqa-validation-000124,openbookqa-train-001891,0.7002485394477844,True,True,True,True,True,True,True
openbookqa,openbookqa-validation-000125,openbookqa-train-002061,0.6691504120826721,True,True,False,False,True,False,True
openbookqa,openbookqa-validation-000126,openbookqa-train-000951,0.6457829475402832,True,,False,True,True,True,True
openbookqa,openbookqa-validation-000127,openbookqa-train-000116,0.7322785258293152,False,False,True,True,True,True,True
openbookqa,openbookqa-validation-000128,openbookqa-train-001208,0.7928688526153564,True,True,True,True,True,True,True
openbookqa,openbookqa-validation-000129,openbookqa-train-000971,0.9999996423721313,True,True,True,True,True,True,True
openbookqa,openbookqa-validation-000130,openbookqa-train-001344,0.8510076999664307,True,True,True,False,True,False,True
openbookqa,openbookqa-validation-000131,openbookqa-train-000992,0.8215306401252747,True,True,True,True,True,True,True
openbookqa,openbookqa-validation-000132,openbookqa-train-000597,0.7187913060188293,False,True,False,False,True,True,True
openbookqa,openbookqa-validation-000133,openbookqa-train-004828,0.5606075525283813,True,True,True,False,True,False,True
openbookqa,openbookqa-validation-000134,openbookqa-train-000754,0.6787670254707336,True,True,False,True,True,True,True
openbookqa,openbookqa-validation-000135,openbookqa-train-001992,0.8005068302154541,False,False,True,True,True,True,True
openbookqa,openbookqa-validation-000136,openbookqa-train-003705,1.0000003576278687,False,False,True,False,True,True,True
openbookqa,openbookqa-validation-000137,openbookqa-train-000317,0.5873249769210815,True,True,True,True,True,True,True
openbookqa,openbookqa-validation-000138,openbookqa-train-003087,0.6320940852165222,True,True,False,True,True,True,True
openbookqa,openbookqa-validation-000139,openbookqa-train-004277,0.8307127952575684,True,True,True,True,True,True,True
openbookqa,openbookqa-validation-000140,openbookqa-train-001232,0.7300249934196472,True,True,True,True,True,True,True
openbookqa,openbookqa-validation-000141,openbookqa-train-003884,0.5508003830909729,True,True,False,False,True,False,True
openbookqa,openbookqa-validation-000142,openbookqa-train-004779,0.6640579700469971,True,True,True,True,True,True,True
openbookqa,openbookqa-validation-000143,openbookqa-train-000393,0.6290559768676758,True,True,True,True,True,True,True
openbookqa,openbookqa-validation-000144,openbookqa-train-003019,0.5084679126739502,True,True,True,True,True,True,True
openbookqa,openbookqa-validation-000145,openbookqa-train-003501,0.9288142919540405,True,True,True,True,True,True,True
openbookqa,openbookqa-validation-000146,openbookqa-train-000983,0.8336028456687927,True,True,False,True,True,True,True
openbookqa,openbookqa-validation-000147,openbookqa-train-001674,0.6323330402374268,False,False,True,True,True,True,True
openbookqa,openbookqa-validation-000148,openbookqa-train-004917,0.9999998807907104,True,True,True,True,True,True,True
openbookqa,openbookqa-validation-000149,openbookqa-train-001434,0.8226085305213928,True,True,True,True,True,True,True
openbookqa,openbookqa-validation-000150,openbookqa-train-001516,0.6942789554595947,False,True,True,True,True,True,True
openbookqa,openbookqa-validation-000151,openbookqa-train-003459,0.5818070769309998,True,True,True,True,True,True,True
openbookqa,openbookqa-validation-000152,openbookqa-train-000026,0.7146286368370056,True,True,True,True,True,True,True
openbookqa,openbookqa-validation-000153,openbookqa-train-002840,0.684559166431427,True,True,True,True,True,True,True
openbookqa,openbookqa-validation-000154,openbookqa-train-000948,0.826827347278595,False,True,True,True,True,True,True
openbookqa,openbookqa-validation-000155,openbookqa-train-004589,0.9872484803199768,True,True,True,False,True,True,True
openbookqa,openbookqa-validation-000156,openbookqa-train-003022,0.8886570930480957,True,True,True,True,True,True,True
openbookqa,openbookqa-validation-000157,openbookqa-train-002556,0.6915452480316162,True,True,True,False,True,True,True
openbookqa,openbookqa-validation-000158,openbookqa-train-002141,0.6534343957901001,True,True,True,True,True,True,True
openbookqa,openbookqa-validation-000159,openbookqa-train-002847,0.6971885561943054,True,True,True,True,True,True,True
openbookqa,openbookqa-validation-000160,openbookqa-train-002202,0.4877721667289734,True,True,True,False,True,True,True
openbookqa,openbookqa-validation-000161,openbookqa-train-000194,0.7928774356842041,True,True,False,False,True,False,True
openbookqa,openbookqa-validation-000162,openbookqa-train-001566,0.8571098446846008,True,True,True,True,True,True,True
openbookqa,openbookqa-validation-000163,openbookqa-train-001484,0.6933805346488953,False,True,True,False,True,False,True
openbookqa,openbookqa-validation-000164,openbookqa-train-000912,0.7726275324821472,True,True,False,False,True,True,True
openbookqa,openbookqa-validation-000165,openbookqa-train-000015,0.7903443574905396,True,True,True,True,True,True,True
openbookqa,openbookqa-validation-000166,openbookqa-train-002907,0.607964038848877,False,False,True,True,True,False,True
openbookqa,openbookqa-validation-000167,openbookqa-train-000247,0.4722599387168884,True,True,True,False,True,False,True
openbookqa,openbookqa-validation-000168,openbookqa-train-002653,0.6647908687591553,True,True,True,True,True,True,True
openbookqa,openbookqa-validation-000169,openbookqa-train-000175,0.7749581933021545,True,True,True,True,True,True,True
openbookqa,openbookqa-validation-000170,openbookqa-train-004473,0.9042589068412781,True,True,False,False,True,True,True
openbookqa,openbookqa-validation-000171,openbookqa-train-001069,0.7299835085868835,True,True,True,True,True,True,True
openbookqa,openbookqa-validation-000172,openbookqa-train-000211,0.473865807056427,False,False,True,True,True,True,True
openbookqa,openbookqa-validation-000173,openbookqa-train-001466,0.4804125130176544,True,True,True,True,True,True,True
openbookqa,openbookqa-validation-000174,openbookqa-train-004461,0.6749444007873535,True,True,True,True,True,True,True
openbookqa,openbookqa-validation-000175,openbookqa-train-001441,0.827366292476654,True,True,True,False,True,True,True
openbookqa,openbookqa-validation-000176,openbookqa-train-002655,0.5418059229850769,False,False,True,True,True,True,True
openbookqa,openbookqa-validation-000177,openbookqa-train-004338,0.802503228187561,True,True,True,True,True,True,True
openbookqa,openbookqa-validation-000178,openbookqa-train-002832,0.7106915712356567,True,True,True,True,True,True,True
openbookqa,openbookqa-validation-000179,openbookqa-train-003478,0.8920074701309204,True,True,True,True,True,True,True
openbookqa,openbookqa-validation-000180,openbookqa-train-004604,0.44610321521759033,True,True,False,False,True,True,True
openbookqa,openbookqa-validation-000181,openbookqa-train-003159,0.5562250018119812,True,True,True,True,True,True,True
openbookqa,openbookqa-validation-000182,openbookqa-train-003010,0.6444321870803833,True,True,True,True,True,True,True
openbookqa,openbookqa-validation-000183,openbookqa-train-002773,0.9093968272209167,True,True,True,True,True,True,True
openbookqa,openbookqa-validation-000184,openbookqa-train-000560,0.835027813911438,True,True,True,True,True,True,True
openbookqa,openbookqa-validation-000185,openbookqa-train-001590,0.6912454962730408,True,True,True,True,True,True,True
openbookqa,openbookqa-validation-000186,openbookqa-train-002306,0.7192625999450684,True,True,True,True,True,True,True
openbookqa,openbookqa-validation-000187,openbookqa-train-004862,0.552963376045227,True,True,True,True,True,True,True
openbookqa,openbookqa-validation-000188,openbookqa-train-002504,0.7033898830413818,True,True,False,True,True,False,True
openbookqa,openbookqa-validation-000189,openbookqa-train-000815,0.8629295825958252,True,True,True,True,True,False,True
openbookqa,openbookqa-validation-000190,openbookqa-train-003029,0.6530503630638123,True,True,False,False,True,False,True
openbookqa,openbookqa-validation-000191,openbookqa-train-004686,0.8118824362754822,False,False,True,False,True,False,True
openbookqa,openbookqa-validation-000192,openbookqa-train-000348,0.6284460425376892,True,True,True,True,True,True,True
openbookqa,openbookqa-validation-000193,openbookqa-train-001516,0.8326327800750732,False,True,True,True,True,True,True
openbookqa,openbookqa-validation-000194,openbookqa-train-004573,0.49325379729270935,True,True,True,True,True,True,True
openbookqa,openbookqa-validation-000195,openbookqa-train-002216,0.5598308444023132,True,True,False,False,True,False,True
openbookqa,openbookqa-validation-000196,openbookqa-train-002649,0.9999999403953552,True,True,True,True,True,True,True
openbookqa,openbookqa-validation-000197,openbookqa-train-000600,0.6395711898803711,True,True,True,True,True,True,True
openbookqa,openbookqa-validation-000198,openbookqa-train-002489,0.5974924564361572,True,True,True,True,True,True,True
openbookqa,openbookqa-validation-000199,openbookqa-train-000401,0.6889888048171997,True,True,True,True,True,True,True
openbookqa,openbookqa-validation-000200,openbookqa-train-002880,0.3495241403579712,False,False,True,True,True,True,True
openbookqa,openbookqa-validation-000201,openbookqa-train-001999,0.7162122130393982,True,True,True,True,True,True,True
openbookqa,openbookqa-validation-000202,openbookqa-train-002644,0.7094725370407104,True,True,True,True,True,True,True
openbookqa,openbookqa-validation-000203,openbookqa-train-001716,0.7095150351524353,True,True,True,True,True,True,True
openbookqa,openbookqa-validation-000204,openbookqa-train-000121,0.7424386739730835,True,True,True,True,True,True,True
openbookqa,openbookqa-validation-000205,openbookqa-train-003523,0.7956793904304504,False,True,True,True,True,True,True
openbookqa,openbookqa-validation-000206,openbookqa-train-000408,0.9470281600952148,True,True,True,True,True,True,True
openbookqa,openbookqa-validation-000207,openbookqa-train-000190,0.8595463037490845,True,True,True,True,True,True,True
openbookqa,openbookqa-validation-000208,openbookqa-train-001766,0.7838808298110962,True,True,True,True,True,True,True
openbookqa,openbookqa-validation-000209,openbookqa-train-000495,0.5470888018608093,True,True,True,True,True,True,True
openbookqa,openbookqa-validation-000210,openbookqa-train-004454,0.6106653809547424,True,True,True,True,True,True,True
openbookqa,openbookqa-validation-000211,openbookqa-train-003046,0.7649619579315186,True,True,False,False,True,True,True
openbookqa,openbookqa-validation-000212,openbookqa-train-000346,0.7598595023155212,True,True,True,False,True,True,True
openbookqa,openbookqa-validation-000213,openbookqa-train-000921,0.7681361436843872,True,True,True,True,True,True,True
openbookqa,openbookqa-validation-000214,openbookqa-train-002019,0.583755612373352,True,True,True,False,True,False,True
openbookqa,openbookqa-validation-000215,openbookqa-train-004068,0.6539579033851624,True,True,True,True,True,True,True
openbookqa,openbookqa-validation-000216,openbookqa-train-004572,0.6064726114273071,True,True,True,True,True,True,True
openbookqa,openbookqa-validation-000217,openbookqa-train-001989,0.8493345379829407,True,True,True,True,True,True,True
openbookqa,openbookqa-validation-000218,openbookqa-train-004556,0.5683406591415405,False,False,True,True,True,True,True
openbookqa,openbookqa-validation-000219,openbookqa-train-003251,0.6049407124519348,True,True,True,True,True,True,True
openbookqa,openbookqa-validation-000220,openbookqa-train-000383,0.7734179496765137,True,True,True,True,True,True,True
openbookqa,openbookqa-validation-000221,openbookqa-train-000101,0.7304584383964539,True,True,True,True,True,True,True
openbookqa,openbookqa-validation-000222,openbookqa-train-001060,0.7626484036445618,True,True,True,True,True,True,True
openbookqa,openbookqa-validation-000223,openbookqa-train-000974,0.5709584951400757,True,True,True,True,True,True,True
openbookqa,openbookqa-validation-000224,openbookqa-train-004947,0.7444955706596375,True,True,True,True,True,False,True
openbookqa,openbookqa-validation-000225,openbookqa-train-002363,0.8168731331825256,True,True,True,True,True,True,True
openbookqa,openbookqa-validation-000226,openbookqa-train-000772,0.5428982973098755,True,True,True,True,True,True,True
openbookqa,openbookqa-validation-000227,openbookqa-train-001331,0.7440038323402405,True,True,True,True,True,True,True
openbookqa,openbookqa-validation-000228,openbookqa-train-003487,0.673331618309021,True,True,True,True,True,True,True
openbookqa,openbookqa-validation-000229,openbookqa-train-003556,0.6047574877738953,True,True,True,True,True,True,True
openbookqa,openbookqa-validation-000230,openbookqa-train-004859,0.5550807118415833,False,False,True,False,True,False,True
openbookqa,openbookqa-validation-000231,openbookqa-train-003938,0.7009827494621277,True,True,True,True,True,True,True
openbookqa,openbookqa-validation-000232,openbookqa-train-000017,0.5387909412384033,True,True,True,False,True,True,True
openbookqa,openbookqa-validation-000233,openbookqa-train-000422,0.6274851560592651,False,False,True,True,True,True,True
openbookqa,openbookqa-validation-000234,openbookqa-train-003543,0.6580289602279663,True,True,True,False,True,True,True
openbookqa,openbookqa-validation-000235,openbookqa-train-004065,0.6207085251808167,True,True,False,False,True,True,True
openbookqa,openbookqa-validation-000236,openbookqa-train-000385,0.6978212594985962,True,True,True,True,True,True,True
openbookqa,openbookqa-validation-000237,openbookqa-train-001754,0.6450886726379395,True,True,True,True,True,True,True
openbookqa,openbookqa-validation-000238,openbookqa-train-002310,0.8441540598869324,True,True,False,True,True,True,True
openbookqa,openbookqa-validation-000239,openbookqa-train-003581,0.9210006594657898,True,True,True,True,True,True,True
openbookqa,openbookqa-validation-000240,openbookqa-train-004887,0.7094287872314453,True,True,False,False,True,False,True
openbookqa,openbookqa-validation-000241,openbookqa-train-004597,0.9658750295639038,True,True,True,True,True,True,True
openbookqa,openbookqa-validation-000242,openbookqa-train-003910,0.5133844017982483,True,True,True,False,True,True,True
openbookqa,openbookqa-validation-000243,openbookqa-train-003306,0.7529246211051941,False,False,True,True,True,True,True
openbookqa,openbookqa-validation-000244,openbookqa-train-003890,0.6106124520301819,True,True,True,False,True,True,True
openbookqa,openbookqa-validation-000245,openbookqa-train-004636,0.6452490091323853,True,True,True,True,True,True,True
openbookqa,openbookqa-validation-000246,openbookqa-train-000193,0.6123728156089783,False,False,False,True,True,False,True
openbookqa,openbookqa-validation-000247,openbookqa-train-003651,0.5316649079322815,True,True,True,True,True,False,True
openbookqa,openbookqa-validation-000248,openbookqa-train-000689,0.419283002614975,True,True,True,True,True,True,True
openbookqa,openbookqa-validation-000249,openbookqa-train-003398,0.5949113368988037,True,True,False,True,True,True,True
openbookqa,openbookqa-validation-000250,openbookqa-train-004208,0.9788524508476257,True,True,False,True,True,False,True
openbookqa,openbookqa-validation-000251,openbookqa-train-001802,0.715766966342926,True,True,True,True,True,True,True
openbookqa,openbookqa-validation-000252,openbookqa-train-003004,0.6813358664512634,True,True,False,True,True,True,True
openbookqa,openbookqa-validation-000253,openbookqa-train-001211,0.6180655360221863,False,False,False,True,True,False,True
openbookqa,openbookqa-validation-000254,openbookqa-train-001333,0.6120650768280029,True,True,True,True,True,True,True
openbookqa,openbookqa-validation-000255,openbookqa-train-001764,0.9628157019615173,True,True,True,True,True,True,True
openbookqa,openbookqa-validation-000256,openbookqa-train-004101,0.6680971384048462,True,True,True,True,True,True,True
openbookqa,openbookqa-validation-000257,openbookqa-train-000068,0.5125256776809692,True,True,True,False,True,True,True
openbookqa,openbookqa-validation-000258,openbookqa-train-003750,0.696479856967926,True,True,True,True,True,True,True
openbookqa,openbookqa-validation-000259,openbookqa-train-001338,0.5127779841423035,True,True,True,True,True,True,True
openbookqa,openbookqa-validation-000260,openbookqa-train-003266,0.716559886932373,True,True,True,False,True,True,True
openbookqa,openbookqa-validation-000261,openbookqa-train-000343,0.7963242530822754,True,True,True,True,True,True,True
openbookqa,openbookqa-validation-000262,openbookqa-train-001533,0.6857538819313049,True,True,True,True,True,True,True
openbookqa,openbookqa-validation-000263,openbookqa-train-003283,0.7130069136619568,False,False,True,True,True,True,True
openbookqa,openbookqa-validation-000264,openbookqa-train-003640,0.8329880833625793,True,True,True,True,True,True,True
openbookqa,openbookqa-validation-000265,openbookqa-train-003650,0.6704479455947876,True,True,True,True,True,False,True
openbookqa,openbookqa-validation-000266,openbookqa-train-003713,0.7479594349861145,True,True,True,False,True,True,True
openbookqa,openbookqa-validation-000267,openbookqa-train-002122,0.8600162267684937,True,True,True,True,True,True,True
openbookqa,openbookqa-validation-000268,openbookqa-train-002158,0.6105659008026123,True,True,True,True,True,True,True
openbookqa,openbookqa-validation-000269,openbookqa-train-001662,0.6474118232727051,True,True,True,True,True,False,True
openbookqa,openbookqa-validation-000270,openbookqa-train-000196,0.7412959337234497,False,False,True,True,True,True,True
openbookqa,openbookqa-validation-000271,openbookqa-train-001725,0.6600774526596069,True,,True,,True,False,True
openbookqa,openbookqa-validation-000272,openbookqa-train-003985,0.6783204078674316,True,True,,False,True,True,True
openbookqa,openbookqa-validation-000273,openbookqa-train-003402,0.515757143497467,False,False,True,True,True,True,True
openbookqa,openbookqa-validation-000274,openbookqa-train-001644,0.7923291921615601,False,True,True,True,True,True,True
openbookqa,openbookqa-validation-000275,openbookqa-train-004013,0.6136966347694397,True,True,True,True,True,True,True
openbookqa,openbookqa-validation-000276,openbookqa-train-000967,0.7665398120880127,True,True,True,True,True,True,True
openbookqa,openbookqa-validation-000277,openbookqa-train-001715,0.8037122488021851,True,True,True,True,True,True,True
openbookqa,openbookqa-validation-000278,openbookqa-train-002504,0.8990558981895447,True,True,True,True,True,True,True
openbookqa,openbookqa-validation-000279,openbookqa-train-001042,0.5991846323013306,True,True,True,True,True,True,True
openbookqa,openbookqa-validation-000280,openbookqa-train-001584,0.5879132747650146,True,True,True,True,True,True,True
openbookqa,openbookqa-validation-000281,openbookqa-train-000583,0.7877101302146912,True,True,False,True,True,True,True
openbookqa,openbookqa-validation-000282,openbookqa-train-003730,0.770011305809021,True,True,True,True,True,True,True
openbookqa,openbookqa-validation-000283,openbookqa-train-003427,0.8258389234542847,True,True,True,True,True,True,True
openbookqa,openbookqa-validation-000284,openbookqa-train-004537,0.9136128425598145,True,True,True,True,True,False,True
openbookqa,openbookqa-validation-000285,openbookqa-train-001820,0.7729226350784302,True,True,True,True,True,True,True
openbookqa,openbookqa-validation-000286,openbookqa-train-001865,0.6887890100479126,True,True,True,True,True,False,True
openbookqa,openbookqa-validation-000287,openbookqa-train-000047,0.683612585067749,False,True,False,True,True,True,True
openbookqa,openbookqa-validation-000288,openbookqa-train-002765,1.0000005960464478,True,True,False,True,True,True,True
openbookqa,openbookqa-validation-000289,openbookqa-train-002729,0.7514843344688416,True,True,True,True,True,True,True
openbookqa,openbookqa-validation-000290,openbookqa-train-001514,0.7375837564468384,True,True,True,True,True,True,True
openbookqa,openbookqa-validation-000291,openbookqa-train-000068,0.754879891872406,True,True,False,True,True,False,True
openbookqa,openbookqa-validation-000292,openbookqa-train-003827,0.8202075362205505,True,True,True,True,True,True,True
openbookqa,openbookqa-validation-000293,openbookqa-train-000008,0.8371037840843201,True,True,True,True,True,True,True
openbookqa,openbookqa-validation-000294,openbookqa-train-001410,0.5596320629119873,False,False,True,True,True,True,True
openbookqa,openbookqa-validation-000295,openbookqa-train-002959,0.711379885673523,True,True,True,True,True,False,True
openbookqa,openbookqa-validation-000296,openbookqa-train-000261,0.5686312913894653,False,False,True,True,True,True,True
openbookqa,openbookqa-validation-000297,openbookqa-train-003813,0.7193637490272522,True,True,True,True,True,True,True
openbookqa,openbookqa-validation-000298,openbookqa-train-003957,0.6596446633338928,True,True,True,True,True,True,True
openbookqa,openbookqa-validation-000299,openbookqa-train-000425,0.6799808740615845,True,True,True,False,True,False,True
openbookqa,openbookqa-validation-000300,openbookqa-train-000310,0.5549520254135132,True,True,True,True,True,True,True
openbookqa,openbookqa-validation-000301,openbookqa-train-002729,0.7081929445266724,True,True,True,True,True,True,True
openbookqa,openbookqa-validation-000302,openbookqa-train-003607,0.5882645845413208,True,True,True,True,True,True,True
openbookqa,openbookqa-validation-000303,openbookqa-train-004454,0.7062132358551025,True,True,True,True,True,True,True
openbookqa,openbookqa-validation-000304,openbookqa-train-000937,0.5830199122428894,False,False,True,True,True,False,True
openbookqa,openbookqa-validation-000305,openbookqa-train-003856,0.8084506988525391,False,True,False,False,True,False,True
openbookqa,openbookqa-validation-000306,openbookqa-train-001246,0.5451539754867554,True,True,True,True,True,True,True
openbookqa,openbookqa-validation-000307,openbookqa-train-002475,0.5615854263305664,True,True,False,True,True,True,True
openbookqa,openbookqa-validation-000308,openbookqa-train-004184,0.4803195297718048,False,True,True,True,True,False,True
openbookqa,openbookqa-validation-000309,openbookqa-train-001553,0.6726104617118835,True,True,True,True,True,True,True
openbookqa,openbookqa-validation-000310,openbookqa-train-001659,0.7571917176246643,True,True,False,True,True,False,True
openbookqa,openbookqa-validation-000311,openbookqa-train-004709,0.6051672697067261,True,True,True,True,True,True,True
openbookqa,openbookqa-validation-000312,openbookqa-train-001050,0.5321357250213623,False,False,False,False,True,True,True
openbookqa,openbookqa-validation-000313,openbookqa-train-002151,0.6377414464950562,True,True,True,True,True,False,True
openbookqa,openbookqa-validation-000314,openbookqa-train-001712,0.45033636689186096,True,True,True,True,True,True,True
openbookqa,openbookqa-validation-000315,openbookqa-train-004910,0.8336252570152283,True,True,True,True,True,True,True
openbookqa,openbookqa-validation-000316,openbookqa-train-002137,0.6715018153190613,True,True,True,True,True,False,True
openbookqa,openbookqa-validation-000317,openbookqa-train-001886,0.8858568668365479,True,True,True,True,True,True,True
openbookqa,openbookqa-validation-000318,openbookqa-train-001716,0.6683867573738098,True,True,True,True,True,True,True
openbookqa,openbookqa-validation-000319,openbookqa-train-000127,0.7643874883651733,True,True,True,True,True,True,True
openbookqa,openbookqa-validation-000320,openbookqa-train-003226,0.4788776934146881,True,True,False,True,True,True,True
openbookqa,openbookqa-validation-000321,openbookqa-train-002638,1.0,True,True,True,True,True,True,True
openbookqa,openbookqa-validation-000322,openbookqa-train-000563,0.8741888999938965,True,True,True,True,True,True,True
openbookqa,openbookqa-validation-000323,openbookqa-train-004721,0.7436704039573669,True,True,True,True,True,True,True
openbookqa,openbookqa-validation-000324,openbookqa-train-004095,0.781766951084137,True,True,True,True,True,True,True
openbookqa,openbookqa-validation-000325,openbookqa-train-004809,0.45182397961616516,False,False,False,False,True,False,True
openbookqa,openbookqa-validation-000326,openbookqa-train-004912,0.6373378038406372,True,True,True,True,True,True,True
openbookqa,openbookqa-validation-000327,openbookqa-train-000052,0.5981982946395874,True,True,True,False,True,True,True
openbookqa,openbookqa-validation-000328,openbookqa-train-002585,0.6642740368843079,True,True,True,True,True,True,True
openbookqa,openbookqa-validation-000329,openbookqa-train-001074,0.7865538597106934,False,False,True,True,True,True,True
openbookqa,openbookqa-validation-000330,openbookqa-train-002057,0.6986565589904785,True,True,True,True,True,True,True
openbookqa,openbookqa-validation-000331,openbookqa-train-003684,0.6364077925682068,True,True,False,False,True,False,True
openbookqa,openbookqa-validation-000332,openbookqa-train-002010,0.4550097584724426,True,True,True,True,True,True,True
openbookqa,openbookqa-validation-000333,openbookqa-train-004412,0.4382821023464203,True,True,True,True,True,True,True
openbookqa,openbookqa-validation-000334,openbookqa-train-001118,0.6197370886802673,True,True,True,True,True,True,True
openbookqa,openbookqa-validation-000335,openbookqa-train-000412,0.5912095308303833,True,True,False,False,True,False,True
openbookqa,openbookqa-validation-000336,openbookqa-train-000835,0.8374453186988831,True,True,False,True,True,True,True
openbookqa,openbookqa-validation-000337,openbookqa-train-002504,0.8421769142150879,True,True,True,True,True,True,True
openbookqa,openbookqa-validation-000338,openbookqa-train-000355,0.8615230917930603,True,True,True,True,True,True,True
openbookqa,openbookqa-validation-000339,openbookqa-train-004638,0.7047473192214966,True,True,True,True,True,True,True
openbookqa,openbookqa-validation-000340,openbookqa-train-000997,0.6024920344352722,True,True,True,True,True,False,True
openbookqa,openbookqa-validation-000341,openbookqa-train-004093,0.5547797679901123,True,True,True,True,True,True,True
openbookqa,openbookqa-validation-000342,openbookqa-train-003686,0.5938414931297302,True,True,True,True,True,True,True
openbookqa,openbookqa-validation-000343,openbookqa-train-000470,0.8450092077255249,True,True,True,True,True,True,True
openbookqa,openbookqa-validation-000344,openbookqa-train-001754,0.8802017569541931,True,True,True,True,True,True,True
openbookqa,openbookqa-validation-000345,openbookqa-train-001368,0.6434441208839417,True,True,False,False,True,False,True
openbookqa,openbookqa-validation-000346,openbookqa-train-003407,0.7427198886871338,False,False,True,True,True,True,True
openbookqa,openbookqa-validation-000347,openbookqa-train-003862,0.8237013816833496,True,True,True,True,True,True,True
openbookqa,openbookqa-validation-000348,openbookqa-train-003382,0.8380299806594849,True,True,True,False,True,False,True
openbookqa,openbookqa-validation-000349,openbookqa-train-000844,0.6388535499572754,False,False,True,True,True,True,True
openbookqa,openbookqa-validation-000350,openbookqa-train-001278,0.6818454265594482,True,True,True,True,True,True,True
openbookqa,openbookqa-validation-000351,openbookqa-train-004142,0.7024244666099548,True,True,True,True,True,True,True
openbookqa,openbookqa-validation-000352,openbookqa-train-001295,0.474520742893219,True,True,True,True,True,False,True
openbookqa,openbookqa-validation-000353,openbookqa-train-000445,0.6339446306228638,True,True,False,True,True,True,True
openbookqa,openbookqa-validation-000354,openbookqa-train-000611,0.6861921548843384,True,True,True,False,True,True,True
openbookqa,openbookqa-validation-000355,openbookqa-train-004025,0.796976625919342,False,True,True,True,True,True,True
openbookqa,openbookqa-validation-000356,openbookqa-train-001432,0.4560343027114868,False,,True,True,True,True,True
openbookqa,openbookqa-validation-000357,openbookqa-train-001647,0.6997323036193848,True,True,True,False,True,True,True
openbookqa,openbookqa-validation-000358,openbookqa-train-001934,0.6675145030021667,True,True,True,True,True,True,True
openbookqa,openbookqa-validation-000359,openbookqa-train-004768,0.4359765350818634,True,True,True,True,True,True,True
openbookqa,openbookqa-validation-000360,openbookqa-train-003727,0.6742880344390869,True,True,True,True,True,True,True
openbookqa,openbookqa-validation-000361,openbookqa-train-003067,0.7794376015663147,True,True,True,False,True,True,True
openbookqa,openbookqa-validation-000362,openbookqa-train-000242,0.7874736785888672,True,True,True,True,True,False,True
openbookqa,openbookqa-validation-000363,openbookqa-train-003985,0.727020263671875,True,True,True,True,True,True,True
openbookqa,openbookqa-validation-000364,openbookqa-train-002871,0.6842090487480164,True,True,True,True,True,True,True
openbookqa,openbookqa-validation-000365,openbookqa-train-002971,0.6185688972473145,True,True,True,False,True,False,True
openbookqa,openbookqa-validation-000366,openbookqa-train-002762,0.7396256327629089,True,True,True,True,True,True,True
openbookqa,openbookqa-validation-000367,openbookqa-train-000058,0.6403545141220093,True,True,False,True,True,True,True
openbookqa,openbookqa-validation-000368,openbookqa-train-001547,0.5251257419586182,True,True,True,True,True,True,True
openbookqa,openbookqa-validation-000369,openbookqa-train-001653,0.8498452305793762,True,True,True,True,True,True,True
openbookqa,openbookqa-validation-000370,openbookqa-train-000994,0.7747330069541931,True,True,False,True,True,False,True
openbookqa,openbookqa-validation-000371,openbookqa-train-001865,0.778910756111145,True,True,True,True,True,True,True
openbookqa,openbookqa-validation-000372,openbookqa-train-000425,0.5956984758377075,True,True,True,True,True,True,True
openbookqa,openbookqa-validation-000373,openbookqa-train-001521,0.8075263500213623,True,True,True,True,True,True,True
openbookqa,openbookqa-validation-000374,openbookqa-train-002759,0.5267577767372131,True,True,True,True,True,True,True
openbookqa,openbookqa-validation-000375,openbookqa-train-001472,0.7359566688537598,True,True,True,True,True,True,True
openbookqa,openbookqa-validation-000376,openbookqa-train-001363,0.47101491689682007,False,False,True,False,True,True,True
openbookqa,openbookqa-validation-000377,openbookqa-train-004923,0.534087061882019,True,True,True,True,True,True,True
openbookqa,openbookqa-validation-000378,openbookqa-train-004882,0.7666494846343994,True,True,True,True,True,True,True
openbookqa,openbookqa-validation-000379,openbookqa-train-003440,0.6771293878555298,True,True,True,True,True,True,True
openbookqa,openbookqa-validation-000380,openbookqa-train-004078,0.7196366190910339,True,True,True,True,True,True,True
openbookqa,openbookqa-validation-000381,openbookqa-train-002511,0.6014562845230103,True,True,True,True,True,True,True
openbookqa,openbookqa-validation-000382,openbookqa-train-000018,0.7241593599319458,True,True,True,True,True,True,True
openbookqa,openbookqa-validation-000383,openbookqa-train-004902,0.5595328211784363,True,True,True,True,True,True,True
openbookqa,openbookqa-validation-000384,openbookqa-train-000256,0.630139172077179,True,True,True,True,True,True,True
openbookqa,openbookqa-validation-000385,openbookqa-train-001763,0.49824610352516174,True,True,True,False,True,False,True
openbookqa,openbookqa-validation-000386,openbookqa-train-002421,0.5430566668510437,True,True,False,False,True,True,True
openbookqa,openbookqa-validation-000387,openbookqa-train-001377,0.8682219982147217,True,True,False,True,True,True,True
openbookqa,openbookqa-validation-000388,openbookqa-train-000435,0.8716790080070496,True,True,True,True,True,True,True
openbookqa,openbookqa-validation-000389,openbookqa-train-004896,0.5343520045280457,True,True,True,True,True,True,True
openbookqa,openbookqa-validation-000390,openbookqa-train-000519,0.7923693060874939,True,True,True,True,True,True,True
openbookqa,openbookqa-validation-000391,openbookqa-train-003685,0.4975586235523224,True,True,True,False,True,True,True
openbookqa,openbookqa-validation-000392,openbookqa-train-001016,0.7740199565887451,True,True,True,True,True,True,True
openbookqa,openbookqa-validation-000393,openbookqa-train-004880,0.5621256232261658,False,True,True,True,True,True,True
openbookqa,openbookqa-validation-000394,openbookqa-train-003787,0.6973999738693237,True,True,True,True,True,True,True
openbookqa,openbookqa-validation-000395,openbookqa-train-001291,0.6551337838172913,True,True,False,True,True,True,True
openbookqa,openbookqa-validation-000396,openbookqa-train-003713,0.8870570659637451,True,True,True,True,True,False,True
openbookqa,openbookqa-validation-000397,openbookqa-train-004755,0.6268628239631653,True,True,True,True,True,True,True
openbookqa,openbookqa-validation-000398,openbookqa-train-004119,0.620930552482605,False,True,True,True,True,True,True
openbookqa,openbookqa-validation-000399,openbookqa-train-001855,0.7978398203849792,True,True,False,True,True,True,True
openbookqa,openbookqa-validation-000400,openbookqa-train-004079,0.85250324010849,True,True,True,True,True,True,True
openbookqa,openbookqa-validation-000401,openbookqa-train-002394,0.8280766606330872,True,True,True,True,True,True,True
openbookqa,openbookqa-validation-000402,openbookqa-train-004320,0.7797790169715881,True,True,True,True,True,True,True
openbookqa,openbookqa-validation-000403,openbookqa-train-001674,0.723481297492981,False,False,True,True,True,True,True
openbookqa,openbookqa-validation-000404,openbookqa-train-000703,0.6288923025131226,True,True,True,True,True,True,True
openbookqa,openbookqa-validation-000405,openbookqa-train-003426,0.8443067073822021,True,True,False,False,True,False,True
openbookqa,openbookqa-validation-000406,openbookqa-train-003372,0.5798887014389038,True,True,True,True,True,True,True
openbookqa,openbookqa-validation-000407,openbookqa-train-004148,0.8224051594734192,True,True,True,False,True,False,True
openbookqa,openbookqa-validation-000408,openbookqa-train-001284,0.7747977375984192,True,True,True,True,True,True,True
openbookqa,openbookqa-validation-000409,openbookqa-train-000414,0.8160226345062256,False,False,True,True,True,True,True
openbookqa,openbookqa-validation-000410,openbookqa-train-000656,0.8443345427513123,True,True,False,True,True,True,True
openbookqa,openbookqa-validation-000411,openbookqa-train-003385,0.8444204926490784,True,True,False,True,True,True,True
openbookqa,openbookqa-validation-000412,openbookqa-train-001685,0.589598536491394,True,True,True,True,True,True,True
openbookqa,openbookqa-validation-000413,openbookqa-train-001043,0.7821101546287537,True,True,True,True,True,True,True
openbookqa,openbookqa-validation-000414,openbookqa-train-003916,0.6284868121147156,False,False,True,True,True,True,True
openbookqa,openbookqa-validation-000415,openbookqa-train-000905,0.8034912943840027,True,True,False,False,True,False,True
openbookqa,openbookqa-validation-000416,openbookqa-train-001950,0.46957314014434814,True,True,False,True,True,False,True
openbookqa,openbookqa-validation-000417,openbookqa-train-002006,0.7388108968734741,False,False,True,True,True,False,True
openbookqa,openbookqa-validation-000418,openbookqa-train-004021,0.4586978554725647,True,True,True,True,True,True,True
openbookqa,openbookqa-validation-000419,openbookqa-train-003384,0.8293828368186951,True,True,True,True,True,True,True
openbookqa,openbookqa-validation-000420,openbookqa-train-000389,0.6432123184204102,True,True,True,True,True,True,True
openbookqa,openbookqa-validation-000421,openbookqa-train-001630,0.5687099099159241,False,False,True,True,True,True,True
openbookqa,openbookqa-validation-000422,openbookqa-train-000408,0.6918723583221436,True,True,False,False,True,True,True
openbookqa,openbookqa-validation-000423,openbookqa-train-001733,0.5489916205406189,True,False,True,False,True,True,True
openbookqa,openbookqa-validation-000424,openbookqa-train-001348,0.8041567206382751,True,True,True,True,True,True,True
openbookqa,openbookqa-validation-000425,openbookqa-train-003224,0.8889796137809753,True,True,True,True,True,True,True
openbookqa,openbookqa-validation-000426,openbookqa-train-002496,0.5705374479293823,True,True,True,False,True,True,True
openbookqa,openbookqa-validation-000427,openbookqa-train-000732,0.5184643268585205,True,True,True,False,True,True,True
openbookqa,openbookqa-validation-000428,openbookqa-train-001393,0.5905086994171143,True,True,True,True,True,True,True
openbookqa,openbookqa-validation-000429,openbookqa-train-001729,0.6448507905006409,False,False,True,False,True,True,True
openbookqa,openbookqa-validation-000430,openbookqa-train-000998,0.8671360015869141,True,True,False,False,True,True,True
openbookqa,openbookqa-validation-000431,openbookqa-train-002901,0.7441279292106628,True,True,True,True,True,True,True
openbookqa,openbookqa-validation-000432,openbookqa-train-002758,0.6605727672576904,True,True,True,True,True,True,True
openbookqa,openbookqa-validation-000433,openbookqa-train-000551,0.697729229927063,True,True,False,False,True,False,True
openbookqa,openbookqa-validation-000434,openbookqa-train-002327,0.5656785368919373,True,True,True,True,True,True,True
openbookqa,openbookqa-validation-000435,openbookqa-train-000708,0.7360163927078247,True,True,True,True,True,True,True
openbookqa,openbookqa-validation-000436,openbookqa-train-002072,0.8671727180480957,True,True,True,True,True,True,True
openbookqa,openbookqa-validation-000437,openbookqa-train-004424,0.7078770995140076,False,False,True,True,True,True,True
openbookqa,openbookqa-validation-000438,openbookqa-train-001084,0.590571403503418,True,True,True,False,True,False,True
openbookqa,openbookqa-validation-000439,openbookqa-train-000807,0.8151309490203857,True,True,True,True,True,False,True
openbookqa,openbookqa-validation-000440,openbookqa-train-004663,0.6964016556739807,True,True,True,False,True,True,True
openbookqa,openbookqa-validation-000441,openbookqa-train-003276,0.6375945806503296,True,True,True,False,True,False,True
openbookqa,openbookqa-validation-000442,openbookqa-train-001366,0.8138907551765442,True,True,True,True,True,True,True
openbookqa,openbookqa-validation-000443,openbookqa-train-004572,0.7379612326622009,True,True,False,False,True,False,True
openbookqa,openbookqa-validation-000444,openbookqa-train-002911,0.5444111824035645,False,True,True,True,True,True,True
openbookqa,openbookqa-validation-000445,openbookqa-train-003564,0.8536685705184937,True,True,True,True,True,True,True
openbookqa,openbookqa-validation-000446,openbookqa-train-003817,0.7678872346878052,True,True,True,True,True,True,True
openbookqa,openbookqa-validation-000447,openbookqa-train-004061,0.5861429572105408,True,True,True,True,True,True,True
openbookqa,openbookqa-validation-000448,openbookqa-train-002638,0.5185647010803223,True,True,False,False,True,False,True
openbookqa,openbookqa-validation-000449,openbookqa-train-001787,0.5735290050506592,True,True,False,True,True,True,True
openbookqa,openbookqa-validation-000450,openbookqa-train-001485,0.5826480984687805,False,False,True,True,True,True,True
openbookqa,openbookqa-validation-000451,openbookqa-train-003164,0.7204331755638123,False,False,True,False,True,True,True
openbookqa,openbookqa-validation-000452,openbookqa-train-001186,0.7635579705238342,True,True,True,False,True,True,True
openbookqa,openbookqa-validation-000453,openbookqa-train-000248,0.7781966328620911,True,True,True,True,True,True,True
openbookqa,openbookqa-validation-000454,openbookqa-train-003371,0.9228506088256836,True,True,True,False,True,False,True
openbookqa,openbookqa-validation-000455,openbookqa-train-002824,0.7531071305274963,True,True,True,True,True,True,True
openbookqa,openbookqa-validation-000456,openbookqa-train-003253,0.8042475581169128,True,True,False,True,True,True,True
openbookqa,openbookqa-validation-000457,openbookqa-train-002049,0.8890357613563538,True,True,True,True,True,True,True
openbookqa,openbookqa-validation-000458,openbookqa-train-001484,0.8307690024375916,False,True,True,False,True,False,True
openbookqa,openbookqa-validation-000459,openbookqa-train-000681,0.7844077348709106,True,True,True,True,True,True,True
openbookqa,openbookqa-validation-000460,openbookqa-train-004025,0.796976625919342,False,True,True,True,True,False,True
openbookqa,openbookqa-validation-000461,openbookqa-train-000883,0.8207611441612244,False,False,False,True,True,True,True
openbookqa,openbookqa-validation-000462,openbookqa-train-001040,0.7420808672904968,True,True,True,True,True,True,True
openbookqa,openbookqa-validation-000463,openbookqa-train-001419,0.59056556224823,False,False,True,True,True,True,True
openbookqa,openbookqa-validation-000464,openbookqa-train-000985,0.6309454441070557,True,True,False,False,True,False,True
openbookqa,openbookqa-validation-000465,openbookqa-train-003407,0.5073803663253784,False,False,False,False,True,False,True
openbookqa,openbookqa-validation-000466,openbookqa-train-002498,0.999999463558197,True,True,True,True,True,True,True
openbookqa,openbookqa-validation-000467,openbookqa-train-001986,0.8111323118209839,True,True,True,True,True,True,True
openbookqa,openbookqa-validation-000468,openbookqa-train-003907,0.48256489634513855,True,True,True,True,True,False,True
openbookqa,openbookqa-validation-000469,openbookqa-train-000946,0.828126072883606,False,False,True,True,True,True,True
openbookqa,openbookqa-validation-000470,openbookqa-train-003065,0.6362243890762329,True,True,True,True,True,True,True
openbookqa,openbookqa-validation-000471,openbookqa-train-000742,0.7319148182868958,True,True,False,False,True,False,True
openbookqa,openbookqa-validation-000472,openbookqa-train-000093,0.8458556532859802,True,True,True,True,True,True,True
openbookqa,openbookqa-validation-000473,openbookqa-train-002130,0.6812885999679565,True,True,True,True,True,True,True
openbookqa,openbookqa-validation-000474,openbookqa-train-003378,0.5749940276145935,True,True,True,True,True,True,True
openbookqa,openbookqa-validation-000475,openbookqa-train-000254,0.7186518311500549,True,True,False,False,True,False,True
openbookqa,openbookqa-validation-000476,openbookqa-train-003225,0.9999998807907104,True,True,True,True,True,True,True
openbookqa,openbookqa-validation-000477,openbookqa-train-001416,0.8034485578536987,False,False,True,True,True,True,True
openbookqa,openbookqa-validation-000478,openbookqa-train-004636,0.7833744287490845,True,True,True,False,True,False,True
openbookqa,openbookqa-validation-000479,openbookqa-train-000040,0.7152942419052124,True,True,True,True,True,True,True
openbookqa,openbookqa-validation-000480,openbookqa-train-000626,0.7952579259872437,True,True,True,False,True,True,True
openbookqa,openbookqa-validation-000481,openbookqa-train-004060,0.3706115484237671,True,True,True,True,True,True,True
openbookqa,openbookqa-validation-000482,openbookqa-train-004634,0.7221213579177856,True,True,True,True,True,True,True
openbookqa,openbookqa-validation-000483,openbookqa-train-003816,0.6507453322410583,True,True,False,False,True,False,True
openbookqa,openbookqa-validation-000484,openbookqa-train-002922,0.8607443571090698,True,True,True,True,True,False,True
openbookqa,openbookqa-validation-000485,openbookqa-train-002596,0.6949764490127563,True,True,True,True,True,True,True
openbookqa,openbookqa-validation-000486,openbookqa-train-001211,0.6843469142913818,False,False,True,True,True,True,True
openbookqa,openbookqa-validation-000487,openbookqa-train-002679,0.8932170867919922,False,,True,True,True,True,True
openbookqa,openbookqa-validation-000488,openbookqa-train-000760,0.6661267280578613,True,True,True,True,True,True,True
openbookqa,openbookqa-validation-000489,openbookqa-train-002410,0.5147089958190918,True,True,True,True,True,True,True
openbookqa,openbookqa-validation-000490,openbookqa-train-000078,0.6282594799995422,True,True,True,True,True,True,True
openbookqa,openbookqa-validation-000491,openbookqa-train-000450,0.6761448979377747,True,True,True,True,True,True,True
openbookqa,openbookqa-validation-000492,openbookqa-train-003802,0.6513655185699463,True,True,True,False,True,False,True
openbookqa,openbookqa-validation-000493,openbookqa-train-003362,0.676422655582428,False,False,True,True,True,True,True
openbookqa,openbookqa-validation-000494,openbookqa-train-001795,0.645283043384552,True,True,True,True,True,True,True
openbookqa,openbookqa-validation-000495,openbookqa-train-002119,0.6606817245483398,True,True,True,True,True,True,True
openbookqa,openbookqa-validation-000496,openbookqa-train-001383,0.772051215171814,True,True,True,True,True,True,True
openbookqa,openbookqa-validation-000497,openbookqa-train-004593,0.725208044052124,True,True,False,False,True,False,True
openbookqa,openbookqa-validation-000498,openbookqa-train-000602,0.9400396943092346,False,False,True,False,True,True,True
openbookqa,openbookqa-validation-000499,openbookqa-train-000960,0.6133971214294434,True,True,True,True,True,False,True
