model,dataset,depth,pool,similarity,effect,ci_low,ci_high,effective_n
mistral-7b,aqua,complex,all,0.299996640086174,0.004912727330160026,-0.07571196515284678,0.07914862135495872,153.65331715708768
mistral-7b,aqua,complex,all,0.3084739474728703,0.004283552952982779,-0.0750565438606794,0.07790798021398655,157.49398363386751
mistral-7b,aqua,complex,all,0.31695125485956666,0.0034854330642072706,-0.0752467040697536,0.07674407846858197,162.4858329552131
mistral-7b,aqua,complex,all,0.32542856224626304,0.002481304365303532,-0.07612276021043606,0.07546619247828405,168.9531024144186
mistral-7b,aqua,complex,all,0.3339058696329594,0.0012310857349232698,-0.0769384848388436,0.07283159918989252,177.28464646667695
mistral-7b,aqua,complex,all,0.3423831770196557,-0.00030538513257977835,-0.07793733848634231,0.07012179255899566,187.9130989996598
mistral-7b,aqua,complex,all,0.35086048440635204,-0.002163549119529017,-0.07974243639328883,0.06807507401501238,201.24539373537183
mistral-7b,aqua,complex,all,0.35933779179304837,-0.004367367068579194,-0.08024745090092456,0.06517369620421905,217.49818055476945
mistral-7b,aqua,complex,all,0.3678150991797447,-0.006921165206711976,-0.08126055672751221,0.061207551354212505,236.382026296429
mistral-7b,aqua,complex,all,0.37629240656644103,-0.009801600014406435,-0.08144671361119282,0.05756914888890974,256.6334661059595
mistral-7b,aqua,complex,all,0.3847697139531374,-0.012952198702425687,-0.08389458670565542,0.05357579799848122,275.61410472143086
mistral-7b,aqua,complex,all,0.39324702133983375,-0.01628323210215601,-0.08550974594370772,0.049832837831917574,289.55969204433177
mistral-7b,aqua,complex,all,0.4017243287265301,-0.019678701227737936,-0.09188093641886382,0.04798140558862174,295.0269135202442
mistral-7b,aqua,complex,all,0.4102016361132264,-0.023009915421873806,-0.09721416625927239,0.04532419110705627,290.9144626193007
mistral-7b,aqua,complex,all,0.41867894349992274,-0.026152455616513432,-0.10177796038891042,0.043323422114307814,279.1893774125942
mistral-7b,aqua,complex,all,0.4271562508866191,-0.02900179306909973,-0.10664441418530551,0.041317756067982624,263.53902178450784
mistral-7b,aqua,complex,all,0.4356335582733154,-0.031483460922524555,-0.10955038216572807,0.04010585127840953,247.42074956431395
mistral-7b,aqua,complex,all,0.4441108656600118,-0.03355604105405585,-0.1127056083669536,0.03976629654810382,233.05927604374193
mistral-7b,aqua,complex,all,0.4525881730467081,-0.03520787903118863,-0.11579724485564856,0.0412639276552736,221.47435533444482
mistral-7b,aqua,complex,all,0.46106548043340445,-0.03645005633299945,-0.11803926937074777,0.0425235622863024,212.91132032747865
mistral-7b,aqua,complex,all,0.4695427878201008,-0.03730835542543239,-0.11958791973882296,0.0415517814438117,207.24043098916772
mistral-7b,aqua,complex,all,0.4780200952067971,-0.037816206809824844,-0.12050765077690777,0.04195160852459008,204.2071761036663
mistral-7b,aqua,complex,all,0.4864974025934935,-0.038009596980633005,-0.12099660233031563,0.041965760873499666,203.55880727674827
mistral-7b,aqua,complex,all,0.4949747099801898,-0.03792410752868481,-0.12159719157270413,0.04148192678816719,205.0961074225215
mistral-7b,aqua,complex,all,0.5034520173668862,-0.037593791966719095,-0.1217010578848829,0.04245267372800136,208.68533231232593
mistral-7b,aqua,complex,all,0.5119293247535825,-0.037051417061530124,-0.12149609672411434,0.0432679782399395,214.24856125690468
mistral-7b,aqua,complex,all,0.5204066321402788,-0.03632957538729767,-0.1209970956498289,0.04418769809221629,221.73919298322718
mistral-7b,aqua,complex,all,0.5288839395269751,-0.03546221124318386,-0.11995003051830994,0.044539338108542964,231.10261994196432
mistral-7b,aqua,complex,all,0.5373612469136715,-0.034486135214012094,-0.11764118780671791,0.044936860750951074,242.21925619865385
mistral-7b,aqua,complex,all,0.5458385543003679,-0.03344212027914772,-0.1146335378809122,0.044998329428658564,254.82881576211946
mistral-7b,aqua,complex,all,0.5543158616870643,-0.03237519539151302,-0.11210082605827386,0.04508355510718285,268.4436380590892
mistral-7b,aqua,complex,all,0.5627931690737605,-0.03133382226448537,-0.10990285339386324,0.04469687286377405,282.2772953660362
mistral-7b,aqua,complex,all,0.5712704764604568,-0.030367800011171973,-0.1097893682229346,0.04373846272654333,295.23847690327153
mistral-7b,aqua,complex,all,0.5797477838471532,-0.029525005935135042,-0.108426992857845,0.043297162970403966,306.0494499527678
mistral-7b,aqua,complex,all,0.5882250912338496,-0.02884741059185506,-0.10634578871486573,0.04395614813482136,313.5106126187471
mistral-7b,aqua,complex,all,0.5967023986205459,-0.02836710041027293,-0.10368718252185598,0.04345148209678327,316.83801483537655
mistral-7b,aqua,complex,all,0.6051797060072422,-0.028103170279050717,-0.10159417995364178,0.04466471790297815,315.9108608373636
mistral-7b,aqua,complex,all,0.6136570133939385,-0.028060218291017527,-0.10081065747870363,0.04586120119379289,311.28461115649077
mistral-7b,aqua,complex,all,0.6221343207806349,-0.02822879755894354,-0.10098451213014174,0.04582633309693795,303.967556251734
mistral-7b,aqua,complex,all,0.6306116281673313,-0.028587686245346265,-0.10043539673400383,0.04556302379605542,295.09924537867397
mistral-7b,aqua,complex,all,0.6390889355540276,-0.02910741317812239,-0.09847218365179622,0.043341941005451176,285.6875601067705
mistral-7b,aqua,complex,all,0.6475662429407238,-0.029754266322484655,-0.1015348692134816,0.04330376259277061,276.47714599934534
mistral-7b,aqua,complex,all,0.6560435503274202,-0.03049404937173703,-0.10319750395385784,0.04336216390249569,267.93380754287296
mistral-7b,aqua,complex,all,0.6645208577141166,-0.031295067842335364,-0.10516698565612989,0.04244266105464322,260.2930220516482
mistral-7b,aqua,complex,all,0.672998165100813,-0.03213010413458877,-0.10563946401000901,0.04152041380363563,253.62696608435692
mistral-7b,aqua,complex,all,0.6814754724875093,-0.03297738165557236,-0.10513100228263816,0.040192608551122035,247.90461954901534
mistral-7b,aqua,complex,all,0.6899527798742056,-0.03382067110533501,-0.10518486128370279,0.039440511071573627,243.03608965053908
mistral-7b,aqua,complex,all,0.6984300872609019,-0.03464875441155729,-0.10533560820271054,0.03902067687744041,238.90124634874704
mistral-7b,aqua,complex,all,0.7069073946475983,-0.03545445779862214,-0.10622623863024104,0.039043142102004366,235.36606805924458
mistral-7b,aqua,complex,all,0.7153847020342947,-0.03623342612928415,-0.10793742942718165,0.03813322496743288,232.29052158002008
mistral-7b,aqua,complex,all,0.723862009420991,-0.036982761502283246,-0.10893289988264666,0.03736415956047997,229.53117576662714
mistral-7b,aqua,complex,all,0.7323393168076873,-0.03769960630710816,-0.11034380026797015,0.037128809854496334,226.94096889378974
mistral-7b,aqua,complex,all,0.7408166241943837,-0.038379722543748614,-0.11182810440443057,0.036645409633888876,224.36794504095968
mistral-7b,aqua,complex,all,0.74929393158108,-0.039016107971535756,-0.1133333969897412,0.03660443639827127,221.65440343922697
mistral-7b,aqua,complex,all,0.7577712389677763,-0.03959769567099852,-0.1146184975354586,0.03621963988554021,218.63770505704946
mistral-7b,aqua,complex,all,0.7662485463544727,-0.040108205875663175,-0.11557205363147464,0.03760485288019573,215.1538314007809
mistral-7b,aqua,complex,all,0.774725853741169,-0.0405252556411615,-0.11655759607804274,0.03868940814710623,211.04453188539694
mistral-7b,aqua,complex,all,0.7832031611278654,-0.0408198796726807,-0.11725697325572017,0.03862009936714082,206.16835760354283
mistral-7b,aqua,complex,all,0.7916804685145618,-0.040956667758079594,-0.1182169328752608,0.04003575536216268,200.41494515185323
mistral-7b,aqua,complex,all,0.800157775901258,-0.04089476848555538,-0.1177917879457416,0.04085114855949864,193.7206353403169
mistral-7b,aqua,complex,all,0.8086350832879544,-0.04059002516940535,-0.11613538574307754,0.042103460166923734,186.08221796837458
mistral-7b,aqua,complex,all,0.8171123906746507,-0.039998469622006365,-0.11691301942806903,0.04520441083753911,177.56489396416336
mistral-7b,aqua,complex,all,0.8255896980613471,-0.03908126911618021,-0.11637915993993524,0.04494629397389976,168.30109404524606
mistral-7b,aqua,complex,all,0.8340670054480434,-0.03781097393730648,-0.11910296888259748,0.04686361170651403,158.47884093515825
mistral-7b,aqua,complex,all,0.8425443128347397,-0.036178545308468486,-0.11823906718747458,0.049547075890971154,148.32135518747447
mistral-7b,aqua,complex,all,0.8510216202214361,-0.03420020521708992,-0.12010447056553641,0.054200015539247026,138.06233595226368
mistral-7b,aqua,complex,all,0.8594989276081324,-0.031922759316996806,-0.11953724497264348,0.05761564195789086,127.92249766408892
mistral-7b,aqua,complex,all,0.8679762349948288,-0.029425879549268195,-0.11947919434228702,0.061887800218516135,118.09198680610986
mistral-7b,aqua,complex,all,0.8764535423815251,-0.0268200735667052,-0.11990719502650217,0.06859358868593712,108.72083014875724
mistral-7b,aqua,complex,all,0.8849308497682215,-0.024239792737441035,-0.12171488698722704,0.07712610170919866,99.91686492781491
mistral-7b,aqua,complex,all,0.8934081571549177,-0.02183222280142494,-0.12224146728235105,0.08464772026972295,91.74884309470558
mistral-7b,aqua,complex,all,0.9018854645416141,-0.01974343456371526,-0.12070438563113352,0.08851565258067325,84.25203656066012
mistral-7b,aqua,complex,all,0.9103627719283105,-0.01810432637795456,-0.12087939160306549,0.09363349514716612,77.43436842762854
mistral-7b,aqua,complex,all,0.9188400793150068,-0.017018858175841534,-0.12107398754053222,0.09705302919387446,71.2821357084413
mistral-7b,aqua,complex,all,0.9273173867017032,-0.016556432380999568,-0.12004472083615832,0.09886717833180843,65.76516018105885
mistral-7b,aqua,complex,all,0.9357946940883994,-0.016749188775315303,-0.12045244712994309,0.10268770918940694,60.84148947305971
mistral-7b,aqua,complex,all,0.9442720014750958,-0.017593860390740686,-0.12305727770673902,0.1015219886790351,56.461708283666965
mistral-7b,aqua,complex,all,0.9527493088617922,-0.019057034382762544,-0.12444201294024375,0.1014755308673706,52.57276715339326
mistral-7b,aqua,complex,all,0.9612266162484885,-0.021082327959626047,-0.13072575296321268,0.09975555946077917,49.12116564180305
mistral-7b,aqua,complex,all,0.9697039236351849,-0.023598076581403962,-0.13740654074393963,0.0969578569574963,46.05536948606442
mistral-7b,aqua,complex,all,0.9781812310218811,-0.02652447675377962,-0.1427429738325227,0.09409953713944753,43.32744380157883
mistral-7b,aqua,complex,errors,0.2999970614910126,0.00970828413447326,-0.08396015060243353,0.09850406923193926,114.04398975084378
mistral-7b,aqua,complex,errors,0.30855291329324247,0.009717830488929192,-0.08292750830842466,0.09747696213817066,117.1325538306958
mistral-7b,aqua,complex,errors,0.3171087650954723,0.009723973599987723,-0.0820378078568036,0.09616303728786628,121.1602172139416
mistral-7b,aqua,complex,errors,0.3256646168977022,0.009723851791728707,-0.08050083004313084,0.09425543108941681,126.39556968193432
mistral-7b,aqua,complex,errors,0.3342204686999321,0.009713469045234291,-0.07864369735743343,0.09305414898908479,133.16105395183206
mistral-7b,aqua,complex,errors,0.34277632050216195,0.009687526302592326,-0.07638321064768414,0.09172652374423441,141.81380747152474
mistral-7b,aqua,complex,errors,0.35133217230439184,0.009639390462982886,-0.07362944784606093,0.09026577195542584,152.68252806886517
mistral-7b,aqua,complex,errors,0.35988802410662174,0.009561309760552418,-0.07229847154776013,0.08946206783511779,165.91891496475753
mistral-7b,aqua,complex,errors,0.3684438759088516,0.009444976945847021,-0.07150561038209528,0.08889704950599138,181.2173195413831
mistral-7b,aqua,complex,errors,0.3769997277110815,0.009282475738835649,-0.07183078290779643,0.0887832222091952,197.41788569085355
mistral-7b,aqua,complex,errors,0.3855555795133113,0.009067510296192337,-0.06969266370318546,0.08390087069206884,212.22257119802015
mistral-7b,aqua,complex,errors,0.3941114313155412,0.008796647048698788,-0.06690578858631666,0.08024769369281305,222.55052054458403
mistral-7b,aqua,complex,errors,0.4026672831177711,0.008470183936012059,-0.06496332948872055,0.07972922433547897,225.8829616497178
mistral-7b,aqua,complex,errors,0.41122313492000095,0.008092305214475603,-0.06502481352938201,0.08108569389548556,221.81757694111437
mistral-7b,aqua,complex,errors,0.41977898672223085,0.007670404668160809,-0.06724008760023271,0.0812300824294676,212.29128411242417
mistral-7b,aqua,complex,errors,0.42833483852446075,0.007213762380071745,-0.06911981528499321,0.08226846077924557,200.25890685243883
mistral-7b,aqua,complex,errors,0.4368906903266906,0.006731969866669053,-0.06956020338067484,0.0832605745651128,188.23794328205375
mistral-7b,aqua,complex,errors,0.4454465421289205,0.006233509832578911,-0.07238966239493273,0.08489278077867597,177.73021531845222
mistral-7b,aqua,complex,errors,0.4540023939311504,0.0057247413001231305,-0.07248923180627814,0.08485453891422456,169.36244300472842
mistral-7b,aqua,complex,errors,0.4625582457333802,0.005209337138327091,-0.073418417347436,0.08605153152693008,163.23851873190694
mistral-7b,aqua,complex,errors,0.4711140975356101,0.004688074442152418,-0.07683244724244398,0.08648202189340957,159.22641030917217
mistral-7b,aqua,complex,errors,0.47966994933784,0.004158825577377944,-0.07859190911234228,0.0869026716924193,157.12737111751485
mistral-7b,aqua,complex,errors,0.48822580114006986,0.0036166190904337093,-0.08051237337353381,0.08746603482318498,156.75802534996328
mistral-7b,aqua,complex,errors,0.49678165294229976,0.003053697077656645,-0.08235130960837735,0.08753263760892796,157.9824587549702
mistral-7b,aqua,complex,errors,0.5053375047445297,0.0024595598753189194,-0.08196265126499849,0.08715373333395841,160.71833525859304
mistral-7b,aqua,complex,errors,0.5138933565467595,0.0018210461405079523,-0.08127764713037104,0.08693064180695959,164.92872824451217
mistral-7b,aqua,complex,errors,0.5224492083489893,0.0011225421683721977,-0.08066182966212769,0.08611621532131501,170.60317764084039
mistral-7b,aqua,complex,errors,0.5310050601512193,0.0003464457044026034,-0.07944981834522308,0.08552899776789101,177.72649485683888
mistral-7b,aqua,complex,errors,0.5395609119534491,-0.0005259807114605833,-0.08007018688554894,0.08377282050716907,186.23132377212812
mistral-7b,aqua,complex,errors,0.548116763755679,-0.0015132570551557266,-0.08154680050925778,0.08293560811393332,195.93141414054122
mistral-7b,aqua,complex,errors,0.5566726155579089,-0.0026318001072532593,-0.08096835823696777,0.07986764666688034,206.44010679785487
mistral-7b,aqua,complex,errors,0.5652284673601388,-0.0038936065829566517,-0.07920472520653288,0.07641339084895979,217.09653640028833
mistral-7b,aqua,complex,errors,0.5737843191623686,-0.005303787915086019,-0.07921045620170983,0.07383459808033231,226.94873798806532
mistral-7b,aqua,complex,errors,0.5823401709645986,-0.006858416644532797,-0.07987105064760315,0.07118345083265387,234.8587936832832
mistral-7b,aqua,complex,errors,0.5908960227668284,-0.008543236627716678,-0.07978723852501232,0.06714654259767036,239.76104704753632
mistral-7b,aqua,complex,errors,0.5994518745690582,-0.01033371510330821,-0.07937736680507464,0.06593420358108595,241.00052184877313
mistral-7b,aqua,complex,errors,0.6080077263712882,-0.012196645422920836,-0.0826752528070863,0.06400222121782075,238.57298337182013
mistral-7b,aqua,complex,errors,0.616563578173518,-0.014093111124756324,-0.08521053334928828,0.060626154473328836,233.11039168854413
mistral-7b,aqua,complex,errors,0.6251194299757479,-0.015982244398743253,-0.08864181045805208,0.05909949298890196,225.6248793049698
mistral-7b,aqua,complex,errors,0.6336752817779778,-0.017825012891723176,-0.09051359903709986,0.05692345833046502,217.17842236591636
mistral-7b,aqua,complex,errors,0.6422311335802077,-0.019587323614271696,-0.09284042509420128,0.054927300392553294,208.64365166535507
mistral-7b,aqua,complex,errors,0.6507869853824375,-0.021241994394490978,-0.09661817089682191,0.054084306080563575,200.61137620486147
mistral-7b,aqua,complex,errors,0.6593428371846675,-0.02276948158099989,-0.09920434767912667,0.05224735144889848,193.4080192854947
mistral-7b,aqua,complex,errors,0.6678986889868973,-0.024157535153293427,-0.10118262418190073,0.054145980115514504,187.16155364354896
mistral-7b,aqua,complex,errors,0.6764545407891271,-0.02540010662466574,-0.10198509952266323,0.0532275577807727,181.8720898263361
mistral-7b,aqua,complex,errors,0.6850103925913571,-0.026495860100232575,-0.10514918996586625,0.05248483177279821,177.46763194247814
mistral-7b,aqua,complex,errors,0.6935662443935869,-0.027446575902009978,-0.10772498731654202,0.05194590846776999,173.8413001183464
mistral-7b,aqua,complex,errors,0.7021220961958168,-0.028255641684157458,-0.10993602670054028,0.05119773366663367,170.87304464511573
mistral-7b,aqua,complex,errors,0.7106779479980467,-0.02892673688697944,-0.11104750250823142,0.05005067263076432,168.44036201198486
mistral-7b,aqua,complex,errors,0.7192337998002766,-0.02946275224574352,-0.11312041792993821,0.04935312489265938,166.42191026615427
mistral-7b,aqua,complex,errors,0.7277896516025064,-0.02986495118355872,-0.1136722700688384,0.05015509991058974,164.6968543922515
mistral-7b,aqua,complex,errors,0.7363455034047364,-0.030132370346165734,-0.11403927310735248,0.05106578784871319,163.14189381598177
mistral-7b,aqua,complex,errors,0.7449013552069662,-0.03026146561602554,-0.11505310844020251,0.052112280400697035,161.6274040397289
mistral-7b,aqua,complex,errors,0.753457207009196,-0.030246031107970188,-0.11538381705097848,0.05375126921864576,160.01395716680423
mistral-7b,aqua,complex,errors,0.762013058811426,-0.030077446036609917,-0.11497778118834955,0.054883992417272355,158.15060002212707
mistral-7b,aqua,complex,errors,0.7705689106136558,-0.02974533201612927,-0.11651301611333828,0.05541235414785672,155.8765282042864
mistral-7b,aqua,complex,errors,0.7791247624158857,-0.02923872385886826,-0.11646322771785647,0.0555515555913566,153.02795091534563
mistral-7b,aqua,complex,errors,0.7876806142181156,-0.028547859890162088,-0.11871864209579215,0.05551441828107937,149.45159344776673
mistral-7b,aqua,complex,errors,0.7962364660203455,-0.027666669189948662,-0.12072703680515946,0.057976360939141804,145.02494976034785
mistral-7b,aqua,complex,errors,0.8047923178225753,-0.02659595662618084,-0.11900603922883932,0.057587620372525024,139.68081849186473
mistral-7b,aqua,complex,errors,0.8133481696248053,-0.0253471479329496,-0.11690631056116842,0.057988852713021094,133.43032846010237
mistral-7b,aqua,complex,errors,0.8219040214270351,-0.02394625375970488,-0.1155149033736702,0.06061338450053893,126.37621502113245
mistral-7b,aqua,complex,errors,0.830459873229265,-0.022437465609589893,-0.11421461409747449,0.06230050122893985,118.70880721546993
mistral-7b,aqua,complex,errors,0.8390157250314949,-0.020885567058936537,-0.11295862606628652,0.06560640345747787,110.68219802533766
mistral-7b,aqua,complex,errors,0.8475715768337247,-0.019376228409356596,-0.11664290056604999,0.07117856274194667,102.57569911365667
mistral-7b,aqua,complex,errors,0.8561274286359546,-0.01801336604809386,-0.11850404409614557,0.07371218555690098,94.65172579580582
mistral-7b,aqua,complex,errors,0.8646832804381845,-0.016913167480892662,-0.11811535405612164,0.07565045273174585,87.122059348011
mistral-7b,aqua,complex,errors,0.8732391322404144,-0.016195084560277614,-0.11892234719669383,0.07867277172625253,80.12987969476148
mistral-7b,aqua,complex,errors,0.8817949840426442,-0.015970912354399004,-0.1226919578972465,0.08337066477109265,73.74831063267168
mistral-7b,aqua,complex,errors,0.8903508358448742,-0.016333719566258127,-0.12766183988837043,0.08446997857607012,67.99116614249596
mistral-7b,aqua,complex,errors,0.898906687647104,-0.017348604429048446,-0.13015526533119415,0.08487807933087071,62.829755742582506
mistral-7b,aqua,complex,errors,0.9074625394493339,-0.019046896091087537,-0.1337363600076116,0.08346654511393078,58.210399022415075
mistral-7b,aqua,complex,errors,0.9160183912515638,-0.021424616434840428,-0.13941173128536552,0.0855713023944161,54.06923642317307
mistral-7b,aqua,complex,errors,0.9245742430537937,-0.02444505440783188,-0.1438924197177511,0.08708575382427523,50.34283864575218
mistral-7b,aqua,complex,errors,0.9331300948560235,-0.028044510649353576,-0.14545930997438794,0.08787289015803428,46.974505080629264
mistral-7b,aqua,complex,errors,0.9416859466582534,-0.03213985384080111,-0.15237132790987595,0.08539709057027832,43.91695225971071
mistral-7b,aqua,complex,errors,0.9502417984604833,-0.03663652101264489,-0.15990074226116657,0.07820388338163828,41.13244414749073
mistral-7b,aqua,complex,errors,0.9587976502627131,-0.04143587888122232,-0.16728149592207267,0.07322778017133354,38.59144081178909
mistral-7b,aqua,complex,errors,0.9673535020649431,-0.04644127532873991,-0.1772649480702415,0.06850358954558083,36.270659588548256
mistral-7b,aqua,complex,errors,0.9759093538671729,-0.051562507078788324,-0.18263500189750476,0.06360703561271226,34.15116279575974
mistral-7b,aqua,complex,errors,0.9844652056694028,-0.056718730222839665,-0.18751554973798787,0.058136773835817855,32.21680233793365
mistral-7b,aqua,complex,correct,0.2999961543083191,-0.008732332365897108,-0.13982086748222333,0.12124539323782067,39.613478870764354
mistral-7b,aqua,complex,correct,0.3082761441767216,-0.011168589690636277,-0.1415000019246816,0.11923718777595822,40.37979793161052
mistral-7b,aqua,complex,correct,0.31655613404512406,-0.014244665207918719,-0.14403260818197194,0.11343195922590565,41.36720028755484
mistral-7b,aqua,complex,correct,0.32483612391352656,-0.018103388765847012,-0.1484328252646075,0.1078787917009128,42.63541584906067
mistral-7b,aqua,complex,correct,0.333116113781929,-0.022904181661384377,-0.1520476818866816,0.1037460586929806,44.25583138612659
mistral-7b,aqua,complex,correct,0.3413961036503315,-0.02881559194761993,-0.15643192457216307,0.09527797277421038,46.308634627045635
mistral-7b,aqua,complex,correct,0.34967609351873397,-0.03600154595085193,-0.16250253751328556,0.08791521826116848,48.87296114188853
mistral-7b,aqua,complex,correct,0.35795608338713647,-0.04459984943378197,-0.17041229959403442,0.07688633749168834,52.00322097089696
mistral-7b,aqua,complex,correct,0.366236073255539,-0.05469280055320888,-0.17800209457600727,0.06473952754601649,55.68202088369002
mistral-7b,aqua,complex,correct,0.3745160631239414,-0.06627244391530523,-0.18855057001909117,0.05056874103775949,59.743215539708196
mistral-7b,aqua,complex,correct,0.38279605299234387,-0.07920682647421873,-0.20077914762298857,0.03579852554277829,63.78156789619362
mistral-7b,aqua,complex,correct,0.3910760428607464,-0.09321737208920411,-0.2146216906370147,0.023956696121209053,67.12151086672665
mistral-7b,aqua,complex,correct,0.3993560327291489,-0.10787876473073209,-0.2315732082402082,0.009430915663174872,68.96909707171207
mistral-7b,aqua,complex,correct,0.40763602259755133,-0.12264899528555152,-0.25122058360956795,-0.0016222176376202158,68.78276071914482
mistral-7b,aqua,complex,correct,0.41591601246595383,-0.13692805506003655,-0.26880837995546475,-0.012057124150196148,66.6220535396737
mistral-7b,aqua,complex,correct,0.4241960023343563,-0.1501325621672103,-0.2839455058907991,-0.02021647399799436,63.12711247201435
mistral-7b,aqua,complex,correct,0.4324759922027588,-0.16176648154398052,-0.30015411406694215,-0.025111443300838643,59.14516939109599
mistral-7b,aqua,complex,correct,0.4407559820711613,-0.17146957534276389,-0.3161901778326182,-0.02860286424280122,55.36484362519639
mistral-7b,aqua,complex,correct,0.44903597193956374,-0.1790344917188408,-0.3284376063404844,-0.03107422885261245,52.18453786985223
mistral-7b,aqua,complex,correct,0.4573159618079662,-0.18439493348710226,-0.3370658363576907,-0.03308299621972608,49.76137384551814
mistral-7b,aqua,complex,correct,0.4655959516763687,-0.18759528028388522,-0.3421827709954821,-0.03159169652380805,48.11046773938533
mistral-7b,aqua,complex,correct,0.4738759415447712,-0.18875397951255501,-0.34644187405436533,-0.0331724718712825,47.184126989981415
mistral-7b,aqua,complex,correct,0.4821559314131737,-0.18803033556670384,-0.34426861579423823,-0.03251654070005543,46.917876734925414
mistral-7b,aqua,complex,correct,0.49043592128157615,-0.18559989815426456,-0.3412782531774422,-0.029958144849930368,47.25177036905317
mistral-7b,aqua,complex,correct,0.4987159111499786,-0.18163974767622876,-0.3359309126713686,-0.02675378604645017,48.13716272582454
mistral-7b,aqua,complex,correct,0.5069959010183811,-0.17632251538195856,-0.3287802512393724,-0.02485641219304415,49.53557164676711
mistral-7b,aqua,complex,correct,0.5152758908867836,-0.16981686424694756,-0.31908029442416663,-0.019605083869456506,51.412984927430884
mistral-7b,aqua,complex,correct,0.5235558807551861,-0.16229190421841244,-0.3084885137372837,-0.01669834266028748,53.73108506242947
mistral-7b,aqua,complex,correct,0.5318358706235886,-0.15392316336738526,-0.2965479105060053,-0.007372864958725566,56.436269251373886
mistral-7b,aqua,complex,correct,0.540115860491991,-0.144898018055904,-0.284839359130917,-0.0037176672530312123,59.447865188336145
mistral-7b,aqua,complex,correct,0.5483958503603935,-0.13541882529949834,-0.27445969817885796,0.0023025076017277575,62.648392511534475
mistral-7b,aqua,complex,correct,0.5566758402287959,-0.12570244471874226,-0.26296041110116486,0.00829476987822695,65.88048417567244
mistral-7b,aqua,complex,correct,0.5649558300971984,-0.11597546220453671,-0.24989338828175175,0.011506520862693843,68.95570247538579
mistral-7b,aqua,complex,correct,0.5732358199656009,-0.10646525311970716,-0.23417818439919072,0.012136743238858409,71.67795642305971
mistral-7b,aqua,complex,correct,0.5815158098340034,-0.09738795384574647,-0.21848297407920003,0.019107914194636325,73.87778561319432
mistral-7b,aqua,complex,correct,0.5897957997024059,-0.08893523094479268,-0.21001049155772009,0.02452077813306797,75.44624822340917
mistral-7b,aqua,complex,correct,0.5980757895708084,-0.08126218150211358,-0.19857828370321087,0.02915457172726078,76.35446374614872
mistral-7b,aqua,complex,correct,0.6063557794392109,-0.07447857477760032,-0.18696468620080786,0.034484314695082285,76.65077060664947
mistral-7b,aqua,complex,correct,0.6146357693076133,-0.0686449491057509,-0.18025634162249693,0.03673519801156135,76.43853351713037
mistral-7b,aqua,complex,correct,0.6229157591760158,-0.06377401773627252,-0.17645469353102586,0.04166288004371803,75.84579481791502
mistral-7b,aqua,complex,correct,0.6311957490444182,-0.05983675071267825,-0.17635470223831365,0.044536070788279564,74.99839634278628
mistral-7b,aqua,complex,correct,0.6394757389128207,-0.05677170430376725,-0.17176584783640506,0.049274222468520076,74.00291673507517
mistral-7b,aqua,complex,correct,0.6477557287812232,-0.0544958360073131,-0.16848344511973054,0.050954786275423894,72.93983552931628
mistral-7b,aqua,complex,correct,0.6560357186496257,-0.05291515829941545,-0.16893309800346268,0.05426595873703103,71.86395936990931
mistral-7b,aqua,complex,correct,0.6643157085180282,-0.051934000744294634,-0.1682899802589613,0.055856960581520614,70.8085276578272
mistral-7b,aqua,complex,correct,0.6725956983864307,-0.051462177541395975,-0.16851159330179846,0.05592955951917926,69.79029764980012
mistral-7b,aqua,complex,correct,0.6808756882548332,-0.051419839961446764,-0.17082125350657096,0.05736409863079546,68.8141138085275
mistral-7b,aqua,complex,correct,0.6891556781232356,-0.05174014391363911,-0.172390034074501,0.059409997145701325,67.87640723395981
mistral-7b,aqua,complex,correct,0.6974356679916381,-0.05237006204517689,-0.17331828009791664,0.05881747956627997,66.96762496001698
mistral-7b,aqua,complex,correct,0.7057156578600406,-0.053269740433218284,-0.17481365261733975,0.0570992782329451,66.0738381126954
mistral-7b,aqua,complex,correct,0.713995647728443,-0.054410782883806824,-0.17603143771652932,0.05689262629570889,65.17784373202007
mistral-7b,aqua,complex,correct,0.7222756375968455,-0.055773781484226,-0.1769026436141282,0.056043618532632705,64.26005105586341
mistral-7b,aqua,complex,correct,0.730555627465248,-0.05734533155568731,-0.17836872172601206,0.05780597036963898,63.29938338752609
mistral-7b,aqua,complex,correct,0.7388356173336506,-0.05911469273790696,-0.1811687028362947,0.054943984057692394,62.27435454389579
mistral-7b,aqua,complex,correct,0.7471156072020531,-0.06107019680692328,-0.18408675349673853,0.05165079888250391,61.16439907668452
mistral-7b,aqua,complex,correct,0.7553955970704556,-0.06319546237324428,-0.18653476788557224,0.04878907917899604,59.95144549243542
mistral-7b,aqua,complex,correct,0.7636755869388581,-0.06546545946004846,-0.18906948085718167,0.04814468429735768,58.62162089772475
mistral-7b,aqua,complex,correct,0.7719555768072605,-0.06784247532774418,-0.19419786696288796,0.04661331555750925,57.16687161506584
mistral-7b,aqua,complex,correct,0.780235566675663,-0.07027207005088273,-0.19842490588646267,0.04554160355513652,55.586196405631064
mistral-7b,aqua,complex,correct,0.7885155565440654,-0.07267918110369528,-0.19915578456491584,0.04716000316580934,53.88614462022064
mistral-7b,aqua,complex,correct,0.7967955464124679,-0.07496464627733276,-0.20517705533684924,0.047997103534277046,52.08025813595343
mistral-7b,aqua,complex,correct,0.8050755362808704,-0.07700256763893155,-0.21497655003569574,0.04878345033048912,50.18724827893673
mistral-7b,aqua,complex,correct,0.8133555261492729,-0.07863913287492945,-0.22177574366996353,0.05003565438569387,48.22789251566504
mistral-7b,aqua,complex,correct,0.8216355160176754,-0.07969372499311607,-0.22283393630033224,0.05291452906313489,46.22089240721678
mistral-7b,aqua,complex,correct,0.8299155058860779,-0.07996333889534768,-0.226458729200417,0.060350195956868254,44.17824257579005
mistral-7b,aqua,complex,correct,0.8381954957544804,-0.07923139370687848,-0.23171483148379204,0.0690754825457176,42.10103288144582
mistral-7b,aqua,complex,correct,0.8464754856228829,-0.07728184623490242,-0.23472928608750557,0.07936657606900654,39.977055949288356
mistral-7b,aqua,complex,correct,0.8547554754912852,-0.073918910283968,-0.23465205290153904,0.0928302667840794,37.78201912261468
mistral-7b,aqua,complex,correct,0.8630354653596877,-0.06899154397728638,-0.23718702362920807,0.10554971626889431,35.48614677342429
mistral-7b,aqua,complex,correct,0.8713154552280902,-0.062420214026988226,-0.23762852314289468,0.12340461578542604,33.06668995472066
mistral-7b,aqua,complex,correct,0.8795954450964927,-0.054221606737027306,-0.23665619538136212,0.1444980403171279,30.52368296847028
mistral-7b,aqua,complex,correct,0.8878754349648952,-0.04452560743575648,-0.23118394787681043,0.1610893626432136,27.892205371681126
mistral-7b,aqua,complex,correct,0.8961554248332977,-0.033578886328089905,-0.22265128747530805,0.17630921597546448,25.24303949364325
mistral-7b,aqua,complex,correct,0.9044354147017002,-0.021731446080188486,-0.2101328918574473,0.19560612109370404,22.668497063654783
mistral-7b,aqua,complex,correct,0.9127154045701027,-0.009406360510580946,-0.20077907784091611,0.2152906120285237,20.259281439787596
mistral-7b,aqua,complex,correct,0.9209953944385052,0.002942511658680102,-0.18832166567449635,0.23387945189369966,18.08377337396394
mistral-7b,aqua,complex,correct,0.9292753843069075,0.014876624237572406,-0.1725748210870775,0.24730115415834386,16.178147077645278
mistral-7b,aqua,complex,correct,0.93755537417531,0.026013611179736558,-0.1579382381175021,0.25874896001748077,14.548002798721265
mistral-7b,aqua,complex,correct,0.9458353640437125,0.03605593403391992,-0.14743442900836476,0.2708612805757456,13.176740694676765
mistral-7b,aqua,complex,correct,0.954115353912115,0.04480419439528609,-0.13227987273726807,0.27642058348265375,12.035283768134772
mistral-7b,aqua,complex,correct,0.9623953437805175,0.052156011228928184,-0.12055563633319175,0.2831799835622181,11.089936326780176
mistral-7b,aqua,simple,all,0.299996640086174,-0.036713288834118084,-0.11480571147610658,0.03582282427219718,153.65331715708768
mistral-7b,aqua,simple,all,0.3084739474728703,-0.037075804717905336,-0.11520073511619118,0.03580794417018058,157.49398363386751
mistral-7b,aqua,simple,all,0.31695125485956666,-0.03753594517650385,-0.11570060929251838,0.03392200777367552,162.4858329552131
mistral-7b,aqua,simple,all,0.32542856224626304,-0.03811522854345259,-0.11493205959117911,0.033020799932665906,168.9531024144186
mistral-7b,aqua,simple,all,0.3339058696329594,-0.038836938802664256,-0.11341536427237002,0.0319464756546921,177.28464646667695
mistral-7b,aqua,simple,all,0.3423831770196557,-0.03972440635586635,-0.11155470851297286,0.030813355150843564,187.9130989996598
mistral-7b,aqua,simple,all,0.35086048440635204,-0.04079818675741177,-0.11189645770557231,0.02960108821843964,201.24539373537183
mistral-7b,aqua,simple,all,0.35933779179304837,-0.04207207712384967,-0.11063523971802379,0.028133615339451728,217.49818055476945
mistral-7b,aqua,simple,all,0.3678150991797447,-0.04354829009858895,-0.1111887090058022,0.026402994145773052,236.382026296429
mistral-7b,aqua,simple,all,0.37629240656644103,-0.04521266776712217,-0.11272528881149857,0.02443337947228444,256.6334661059595
mistral-7b,aqua,simple,all,0.3847697139531374,-0.04703137699937374,-0.1139443054672415,0.021002743867142546,275.61410472143086
mistral-7b,aqua,simple,all,0.39324702133983375,-0.048950716062681913,-0.1162538462475396,0.018670211183115133,289.55969204433177
mistral-7b,aqua,simple,all,0.4017243287265301,-0.050901102465593644,-0.11765953735218701,0.017292262705260276,295.0269135202442
mistral-7b,aqua,simple,all,0.4102016361132264,-0.05280496601224226,-0.1188751509022563,0.015735561297969648,290.9144626193007
mistral-7b,aqua,simple,all,0.41867894349992274,-0.05458668866339594,-0.11913284663512617,0.014032479998865303,279.1893774125942
mistral-7b,aqua,simple,all,0.4271562508866191,-0.05618182083698869,-0.1202399158425511,0.013529370243307385,263.53902178450784
mistral-7b,aqua,simple,all,0.4356335582733154,-0.05754315261317374,-0.12199291567687011,0.013338344163940773,247.42074956431395
mistral-7b,aqua,simple,all,0.4441108656600118,-0.05864259730108969,-0.12517617799912137,0.012759510752047721,233.05927604374193
mistral-7b,aqua,simple,all,0.4525881730467081,-0.0594694052884407,-0.12797688066593166,0.01211234692142472,221.47435533444482
mistral-7b,aqua,simple,all,0.46106548043340445,-0.06002618893276651,-0.1278908062846117,0.0114023698890001,212.91132032747865
mistral-7b,aqua,simple,all,0.4695427878201008,-0.06032437547720776,-0.12861607646942474,0.011776478448680601,207.24043098916772
mistral-7b,aqua,simple,all,0.4780200952067971,-0.060380276801408644,-0.12911595105297244,0.012962070853261268,204.2071761036663
mistral-7b,aqua,simple,all,0.4864974025934935,-0.06021237488196738,-0.12874006536118057,0.014015455411345114,203.55880727674827
mistral-7b,aqua,simple,all,0.4949747099801898,-0.05983994368173349,-0.129844084344054,0.014045820584163107,205.0961074225215
mistral-7b,aqua,simple,all,0.5034520173668862,-0.059282846542835665,-0.12951153219002534,0.015326921416194478,208.68533231232593
mistral-7b,aqua,simple,all,0.5119293247535825,-0.058562226379436214,-0.12840258256394302,0.015451789847543713,214.24856125690468
mistral-7b,aqua,simple,all,0.5204066321402788,-0.057701769565384524,-0.1277092050915252,0.016504034605129017,221.73919298322718
mistral-7b,aqua,simple,all,0.5288839395269751,-0.05672921120695644,-0.12671550293030462,0.017686549511080507,231.10261994196432
mistral-7b,aqua,simple,all,0.5373612469136715,-0.055677727514421065,-0.12422476331920239,0.01722647523696544,242.21925619865385
mistral-7b,aqua,simple,all,0.5458385543003679,-0.05458683014162498,-0.12166608880025682,0.016719371086204585,254.82881576211946
mistral-7b,aqua,simple,all,0.5543158616870643,-0.053502365238300494,-0.12116413839344697,0.016973829178789982,268.4436380590892
mistral-7b,aqua,simple,all,0.5627931690737605,-0.05247527268276331,-0.12048273311084468,0.017131770576538148,282.2772953660362
mistral-7b,aqua,simple,all,0.5712704764604568,-0.051558924671302776,-0.11829242489520038,0.016800701385441423,295.23847690327153
mistral-7b,aqua,simple,all,0.5797477838471532,-0.050805153988917516,-0.11741794207625637,0.01649793590942697,306.0494499527678
mistral-7b,aqua,simple,all,0.5882250912338496,-0.05025945626195252,-0.116128309222013,0.015637346083247093,313.5106126187471
mistral-7b,aqua,simple,all,0.5967023986205459,-0.04995619159548475,-0.1151728994336513,0.014432257953398898,316.83801483537655
mistral-7b,aqua,simple,all,0.6051797060072422,-0.0499147674097532,-0.11529323453254653,0.013399809161627254,315.9108608373636
mistral-7b,aqua,simple,all,0.6136570133939385,-0.05013764609190379,-0.11603209131101518,0.013325098529434764,311.28461115649077
mistral-7b,aqua,simple,all,0.6221343207806349,-0.050610598102699404,-0.11535303853181009,0.01029732528817978,303.967556251734
mistral-7b,aqua,simple,all,0.6306116281673313,-0.051305059496048314,-0.11564891070585234,0.010004691451866528,295.09924537867397
mistral-7b,aqua,simple,all,0.6390889355540276,-0.05218196503884227,-0.11656581773968953,0.008736898188534736,285.6875601067705
mistral-7b,aqua,simple,all,0.6475662429407238,-0.05319618071178587,-0.1161798691583514,0.008163117924187595,276.47714599934534
mistral-7b,aqua,simple,all,0.6560435503274202,-0.05430069524065817,-0.11879195562841836,0.00805568678074968,267.93380754287296
mistral-7b,aqua,simple,all,0.6645208577141166,-0.05544997245054787,-0.1189726649428821,0.006529680479698368,260.2930220516482
mistral-7b,aqua,simple,all,0.672998165100813,-0.056602183081645316,-0.12071546300306704,0.004687989996988714,253.62696608435692
mistral-7b,aqua,simple,all,0.6814754724875093,-0.0577203121770489,-0.12099472733063334,0.0027408419130385843,247.90461954901534
mistral-7b,aqua,simple,all,0.6899527798742056,-0.05877231752035927,-0.12163450193135991,0.0018714560141260854,243.03608965053908
mistral-7b,aqua,simple,all,0.6984300872609019,-0.059730591017616914,-0.12312484763969735,-0.00048579732525384176,238.90124634874704
mistral-7b,aqua,simple,all,0.7069073946475983,-0.06057097503719788,-0.12379105920542091,-0.0026135294556023946,235.36606805924458
mistral-7b,aqua,simple,all,0.7153847020342947,-0.06127154438079552,-0.12476513448644926,-0.0038342782718992544,232.29052158002008
mistral-7b,aqua,simple,all,0.723862009420991,-0.06181131054265892,-0.126048619326424,-0.0024975072775164104,229.53117576662714
mistral-7b,aqua,simple,all,0.7323393168076873,-0.06216895629094484,-0.12614295308539014,-0.0028428111818234025,226.94096889378974
mistral-7b,aqua,simple,all,0.7408166241943837,-0.06232167390893229,-0.1265745766983289,-0.002058600967455899,224.36794504095968
mistral-7b,aqua,simple,all,0.74929393158108,-0.06224416189260831,-0.1257787126136672,-0.002177603327536427,221.65440343922697
mistral-7b,aqua,simple,all,0.7577712389677763,-0.06190783142303608,-0.12527453692151322,-0.0011501910103931892,218.63770505704946
mistral-7b,aqua,simple,all,0.7662485463544727,-0.06128028298566549,-0.12480659414489541,-0.0002869248228101003,215.1538314007809
mistral-7b,aqua,simple,all,0.774725853741169,-0.06032513182287977,-0.1248363499708282,-0.0003001279711555134,211.04453188539694
mistral-7b,aqua,simple,all,0.7832031611278654,-0.059002284208254686,-0.1237777564736217,0.0016749382699799717,206.16835760354283
mistral-7b,aqua,simple,all,0.7916804685145618,-0.05726878861134311,-0.1216032259071116,0.005012782675846276,200.41494515185323
mistral-7b,aqua,simple,all,0.800157775901258,-0.05508039727967604,-0.11971582302795118,0.00791197482116596,193.7206353403169
mistral-7b,aqua,simple,all,0.8086350832879544,-0.0523939610388381,-0.11676044362219302,0.012251021560776891,186.08221796837458
mistral-7b,aqua,simple,all,0.8171123906746507,-0.04917072584579143,-0.11364346395595154,0.015332727433752594,177.56489396416336
mistral-7b,aqua,simple,all,0.8255896980613471,-0.045380485944753135,-0.11065028470081803,0.018475147373032533,168.30109404524606
mistral-7b,aqua,simple,all,0.8340670054480434,-0.04100636478429125,-0.10533014735048403,0.02249228134442779,158.47884093515825
mistral-7b,aqua,simple,all,0.8425443128347397,-0.03604975058558547,-0.1002890188531072,0.027362593005417647,148.32135518747447
mistral-7b,aqua,simple,all,0.8510216202214361,-0.03053465236520166,-0.09336897914919748,0.0323509996001058,138.06233595226368
mistral-7b,aqua,simple,all,0.8594989276081324,-0.024510549361481712,-0.08820405245437603,0.037339622182923714,127.92249766408892
mistral-7b,aqua,simple,all,0.8679762349948288,-0.01805279486533956,-0.08030196148482022,0.04636338136252145,118.09198680610986
mistral-7b,aqua,simple,all,0.8764535423815251,-0.011259901209211297,-0.07320404283195985,0.05435428871923515,108.72083014875724
mistral-7b,aqua,simple,all,0.8849308497682215,-0.004247592516035685,-0.06802046793809217,0.06336769988602411,99.91686492781491
mistral-7b,aqua,simple,all,0.8934081571549177,0.0028597486986243928,-0.06214569972268343,0.07218741705163696,91.74884309470558
mistral-7b,aqua,simple,all,0.9018854645416141,0.009938930373217539,-0.05759218976192162,0.08351304546984208,84.25203656066012
mistral-7b,aqua,simple,all,0.9103627719283105,0.016877417108684904,-0.05739239569633794,0.09610642413255964,77.43436842762854
mistral-7b,aqua,simple,all,0.9188400793150068,0.02358084182943836,-0.059348713423674135,0.11030813964874808,71.2821357084413
mistral-7b,aqua,simple,all,0.9273173867017032,0.029977531338933956,-0.06062195256493685,0.1239643473942099,65.76516018105885
mistral-7b,aqua,simple,all,0.9357946940883994,0.03601977328432959,-0.06036437868728307,0.1367596390091238,60.84148947305971
mistral-7b,aqua,simple,all,0.9442720014750958,0.041682254681629,-0.0610646024186536,0.1507874636458389,56.461708283666965
mistral-7b,aqua,simple,all,0.9527493088617922,0.04695854588803322,-0.06449838001378665,0.1648921543186103,52.57276715339326
mistral-7b,aqua,simple,all,0.9612266162484885,0.05185662759203493,-0.06843140670997845,0.1813804086998897,49.12116564180305
mistral-7b,aqua,simple,all,0.9697039236351849,0.0563943255695828,-0.07290117682536995,0.19227362344633997,46.05536948606442
mistral-7b,aqua,simple,all,0.9781812310218811,0.0605952506050309,-0.07832675925407066,0.2062292176335774,43.32744380157883
mistral-7b,aqua,simple,errors,0.2999970614910126,-0.03736331720051982,-0.12124910215634303,0.05363889660443259,114.04398975084378
mistral-7b,aqua,simple,errors,0.30855291329324247,-0.0370607223317375,-0.120390564650553,0.0526843645962426,117.1325538306958
mistral-7b,aqua,simple,errors,0.3171087650954723,-0.03668230237099719,-0.11878120016667625,0.051264991371856,121.1602172139416
mistral-7b,aqua,simple,errors,0.3256646168977022,-0.036213644769846204,-0.11703799650246392,0.04963366621035818,126.39556968193432
mistral-7b,aqua,simple,errors,0.3342204686999321,-0.03564023320074076,-0.11490203046152764,0.047290279598248684,133.16105395183206
mistral-7b,aqua,simple,errors,0.34277632050216195,-0.03494909485265666,-0.11294361297156412,0.047092697793438575,141.81380747152474
mistral-7b,aqua,simple,errors,0.35133217230439184,-0.03413117614561786,-0.11064107031294736,0.04556933761307979,152.68252806886517
mistral-7b,aqua,simple,errors,0.35988802410662174,-0.033184315480880515,-0.10866785145451173,0.04489326678459789,165.91891496475753
mistral-7b,aqua,simple,errors,0.3684438759088516,-0.03211634753056296,-0.10614204037414081,0.044678065028668675,181.2173195413831
mistral-7b,aqua,simple,errors,0.3769997277110815,-0.030947486122463126,-0.1027222043728914,0.04361511727638969,197.41788569085355
mistral-7b,aqua,simple,errors,0.3855555795133113,-0.02971089763770916,-0.10192881751702243,0.04416108556567699,212.22257119802015
mistral-7b,aqua,simple,errors,0.3941114313155412,-0.028450570931162475,-0.10006703238827917,0.043841116190891524,222.55052054458403
mistral-7b,aqua,simple,errors,0.4026672831177711,-0.027216358972972587,-0.09936592373958698,0.04405464340923632,225.8829616497178
mistral-7b,aqua,simple,errors,0.41122313492000095,-0.02605718811135698,-0.09789824811896936,0.044405757641053575,221.81757694111437
mistral-7b,aqua,simple,errors,0.41977898672223085,-0.02501430982977329,-0.09581678136462138,0.04565358274546785,212.29128411242417
mistral-7b,aqua,simple,errors,0.42833483852446075,-0.024116531975521244,-0.0964682217890616,0.04573318008068258,200.25890685243883
mistral-7b,aqua,simple,errors,0.4368906903266906,-0.023378542039592217,-0.096621745314369,0.04759003490687436,188.23794328205375
mistral-7b,aqua,simple,errors,0.4454465421289205,-0.022802238931038266,-0.09640575895351683,0.04697680406476007,177.73021531845222
mistral-7b,aqua,simple,errors,0.4540023939311504,-0.022380090215085625,-0.09712202102883617,0.048870557809943295,169.36244300472842
mistral-7b,aqua,simple,errors,0.4625582457333802,-0.022099263975814007,-0.09784895629228552,0.049424716015654215,163.23851873190694
mistral-7b,aqua,simple,errors,0.4711140975356101,-0.02194554059299152,-0.0967534601855605,0.049581102736271594,159.22641030917217
mistral-7b,aqua,simple,errors,0.47966994933784,-0.02190647125217677,-0.09710280100245319,0.04986186372314389,157.12737111751485
mistral-7b,aqua,simple,errors,0.48822580114006986,-0.02197365042155166,-0.09744001451225942,0.05091062590227577,156.75802534996328
mistral-7b,aqua,simple,errors,0.49678165294229976,-0.022144196982522815,-0.09799331678111507,0.05186114511873453,157.9824587549702
mistral-7b,aqua,simple,errors,0.5053375047445297,-0.022421601679267277,-0.0983234715123057,0.05258515893016695,160.71833525859304
mistral-7b,aqua,simple,errors,0.5138933565467595,-0.022816054177818797,-0.0984075751641746,0.05146703876426723,164.92872824451217
mistral-7b,aqua,simple,errors,0.5224492083489893,-0.023344269387045875,-0.09852999861105693,0.05074857365329423,170.60317764084039
mistral-7b,aqua,simple,errors,0.5310050601512193,-0.024028734154741774,-0.09800039857735068,0.049441574657716154,177.72649485683888
mistral-7b,aqua,simple,errors,0.5395609119534491,-0.02489622675585806,-0.09890632372494668,0.048979905611914676,186.23132377212812
mistral-7b,aqua,simple,errors,0.548116763755679,-0.025975455447265927,-0.10046722810437478,0.046648168148690265,195.93141414054122
mistral-7b,aqua,simple,errors,0.5566726155579089,-0.0272937501765538,-0.1033755002644438,0.04515244084543099,206.44010679785487
mistral-7b,aqua,simple,errors,0.5652284673601388,-0.02887294170777062,-0.10554710135477398,0.04301933043400117,217.09653640028833
mistral-7b,aqua,simple,errors,0.5737843191623686,-0.030724857117547903,-0.10601411297751859,0.0397869443004728,226.94873798806532
mistral-7b,aqua,simple,errors,0.5823401709645986,-0.03284717265546585,-0.10631021086308715,0.03809854096884356,234.8587936832832
mistral-7b,aqua,simple,errors,0.5908960227668284,-0.035220558700414496,-0.10763692984740104,0.03654634005492409,239.76104704753632
mistral-7b,aqua,simple,errors,0.5994518745690582,-0.0378079804531759,-0.11119250149672626,0.033702183709126955,241.00052184877313
mistral-7b,aqua,simple,errors,0.6080077263712882,-0.04055661370649447,-0.11236036746258214,0.03170841262917099,238.57298337182013
mistral-7b,aqua,simple,errors,0.616563578173518,-0.04340218535725833,-0.11545162626315666,0.028994007791685553,233.11039168854413
mistral-7b,aqua,simple,errors,0.6251194299757479,-0.046274891018193945,-0.11891865675727313,0.026757359410368657,225.6248793049698
mistral-7b,aqua,simple,errors,0.6336752817779778,-0.04910564930342094,-0.12435403680263067,0.02365017747792216,217.17842236591636
mistral-7b,aqua,simple,errors,0.6422311335802077,-0.05183147484996634,-0.12961567576253658,0.020581124319340477,208.64365166535507
mistral-7b,aqua,simple,errors,0.6507869853824375,-0.0543991385527411,-0.13266000333882977,0.017142821079702036,200.61137620486147
mistral-7b,aqua,simple,errors,0.6593428371846675,-0.056766831202693706,-0.13412663052638446,0.014284994960672993,193.4080192854947
mistral-7b,aqua,simple,errors,0.6678986889868973,-0.058904032397327964,-0.1368696905324951,0.012821262296071043,187.16155364354896
mistral-7b,aqua,simple,errors,0.6764545407891271,-0.06079007548829549,-0.13921877033380103,0.010911722418875716,181.8720898263361
mistral-7b,aqua,simple,errors,0.6850103925913571,-0.0624119741769852,-0.14199741957531348,0.009420007674685421,177.46763194247814
mistral-7b,aqua,simple,errors,0.6935662443935869,-0.06376199906704706,-0.14390548653866778,0.00853449380539591,173.8413001183464
mistral-7b,aqua,simple,errors,0.7021220961958168,-0.0648353467981924,-0.14666602124992736,0.007482478633598045,170.87304464511573
mistral-7b,aqua,simple,errors,0.7106779479980467,-0.06562809637420156,-0.14921673146929051,0.006807086309391285,168.44036201198486
mistral-7b,aqua,simple,errors,0.7192337998002766,-0.06613553244145488,-0.14970070792294018,0.00682591392107863,166.42191026615427
mistral-7b,aqua,simple,errors,0.7277896516025064,-0.06635084346534668,-0.15062465813622264,0.0074952781264631925,164.6968543922515
mistral-7b,aqua,simple,errors,0.7363455034047364,-0.06626416917543859,-0.15095219079623484,0.007489934982497761,163.14189381598177
mistral-7b,aqua,simple,errors,0.7449013552069662,-0.06586196612093566,-0.15248693772193278,0.008221968136834228,161.6274040397289
mistral-7b,aqua,simple,errors,0.753457207009196,-0.06512667257251778,-0.1525697246939412,0.0087330298616532,160.01395716680423
mistral-7b,aqua,simple,errors,0.762013058811426,-0.06403667627048004,-0.1504474109497571,0.008905699579083572,158.15060002212707
mistral-7b,aqua,simple,errors,0.7705689106136558,-0.06256661454437248,-0.14868206218555685,0.009867068427188277,155.8765282042864
mistral-7b,aqua,simple,errors,0.7791247624158857,-0.06068806080902873,-0.1465323691782237,0.011649885077505206,153.02795091534563
mistral-7b,aqua,simple,errors,0.7876806142181156,-0.05837066843372487,-0.14507889748304126,0.013020525014785223,149.45159344776673
mistral-7b,aqua,simple,errors,0.7962364660203455,-0.05558384471204246,-0.14077000591709213,0.0152604540767621,145.02494976034785
mistral-7b,aqua,simple,errors,0.8047923178225753,-0.052299004178088825,-0.13547661958719598,0.01714638441631534,139.68081849186473
mistral-7b,aqua,simple,errors,0.8133481696248053,-0.04849239103836454,-0.13169328836205943,0.020337425426857937,133.43032846010237
mistral-7b,aqua,simple,errors,0.8219040214270351,-0.04414835740959381,-0.12326610476227423,0.02455457515258313,126.37621502113245
mistral-7b,aqua,simple,errors,0.830459873229265,-0.03926283999568698,-0.11490201265102055,0.0260811550964364,118.70880721546993
mistral-7b,aqua,simple,errors,0.8390157250314949,-0.03384661433430771,-0.10837482389227236,0.031051649550712865,110.68219802533766
mistral-7b,aqua,simple,errors,0.8475715768337247,-0.027927768914928836,-0.09966048876536465,0.037753260494704344,102.57569911365667
mistral-7b,aqua,simple,errors,0.8561274286359546,-0.021552797166005288,-0.09043945261920064,0.043823450560138505,94.65172579580582
mistral-7b,aqua,simple,errors,0.8646832804381845,-0.014785817225628307,-0.08258308343177712,0.05152503977641867,87.122059348011
mistral-7b,aqua,simple,errors,0.8732391322404144,-0.007705722501551303,-0.07654132036203845,0.059893007774909524,80.12987969476148
mistral-7b,aqua,simple,errors,0.8817949840426442,-0.00040149257534343396,-0.06957565411881297,0.0727518659787045,73.74831063267168
mistral-7b,aqua,simple,errors,0.8903508358448742,0.007033670215238417,-0.06647921740877341,0.08562217737836768,67.99116614249596
mistral-7b,aqua,simple,errors,0.898906687647104,0.014508425363607393,-0.06405883794484447,0.0958317541607902,62.829755742582506
mistral-7b,aqua,simple,errors,0.9074625394493339,0.02193862106348459,-0.06316570296907321,0.11223000324028687,58.210399022415075
mistral-7b,aqua,simple,errors,0.9160183912515638,0.029251129255267044,-0.06514149664350076,0.12895735802337455,54.06923642317307
mistral-7b,aqua,simple,errors,0.9245742430537937,0.036385867607482955,-0.0682484009199664,0.14713800287692508,50.34283864575218
mistral-7b,aqua,simple,errors,0.9331300948560235,0.043296111323459195,-0.07326810093182257,0.1645258514689115,46.974505080629264
mistral-7b,aqua,simple,errors,0.9416859466582534,0.04994750042218755,-0.07839428787784067,0.18034197250631442,43.91695225971071
mistral-7b,aqua,simple,errors,0.9502417984604833,0.0563162721464423,-0.08339680885515591,0.19658746009820866,41.13244414749073
mistral-7b,aqua,simple,errors,0.9587976502627131,0.06238721329998197,-0.09003373603247314,0.22012823142255267,38.59144081178909
mistral-7b,aqua,simple,errors,0.9673535020649431,0.06815169759541007,-0.09673698303853183,0.2378625002761545,36.270659588548256
mistral-7b,aqua,simple,errors,0.9759093538671729,0.07360601707783342,-0.10368739486668938,0.25533910056346854,34.15116279575974
mistral-7b,aqua,simple,errors,0.9844652056694028,0.07875008245321839,-0.10949297679833317,0.2697805696168676,32.21680233793365
mistral-7b,aqua,simple,correct,0.2999961543083191,-0.03486355878865614,-0.17037855693716214,0.09786763006227037,39.613478870764354
mistral-7b,aqua,simple,correct,0.3082761441767216,-0.03705115197586643,-0.17053960666484455,0.09564626467248732,40.37979793161052
mistral-7b,aqua,simple,correct,0.31655613404512406,-0.03981409062649743,-0.1727118537896052,0.08977023124727238,41.36720028755484
mistral-7b,aqua,simple,correct,0.32483612391352656,-0.04328126878601531,-0.17438849740073767,0.08618154171009738,42.63541584906067
mistral-7b,aqua,simple,correct,0.333116113781929,-0.047596794846057174,-0.17630574377987315,0.08142788110295805,44.25583138612659
mistral-7b,aqua,simple,correct,0.3413961036503315,-0.05291338806873485,-0.17869098670370018,0.07124696395418596,46.308634627045635
mistral-7b,aqua,simple,correct,0.34967609351873397,-0.05938013132927288,-0.18251949683760404,0.05765500461265532,48.87296114188853
mistral-7b,aqua,simple,correct,0.35795608338713647,-0.06712323662462619,-0.18998306408303053,0.04996976672852925,52.00322097089696
mistral-7b,aqua,simple,correct,0.366236073255539,-0.07621965799787116,-0.1982153683436991,0.04241084067742355,55.68202088369002
mistral-7b,aqua,simple,correct,0.3745160631239414,-0.08666577032240305,-0.20556615886490073,0.03459187409608379,59.743215539708196
mistral-7b,aqua,simple,correct,0.38279605299234387,-0.09834677600029061,-0.21653087362812384,0.025377848159559697,63.78156789619362
mistral-7b,aqua,simple,correct,0.3910760428607464,-0.11101590342412787,-0.23030954627072767,0.011966556222239761,67.12151086672665
mistral-7b,aqua,simple,correct,0.3993560327291489,-0.12429366238207666,-0.24576251067130472,0.001260019099926294,68.96909707171207
mistral-7b,aqua,simple,correct,0.40763602259755133,-0.13769413843091247,-0.26238981472538236,-0.01066663049526987,68.78276071914482
mistral-7b,aqua,simple,correct,0.41591601246595383,-0.15067711862033023,-0.2825779676510706,-0.021524556467394727,66.6220535396737
mistral-7b,aqua,simple,correct,0.4241960023343563,-0.16271477047990612,-0.3033788893756552,-0.032833636212210186,63.12711247201435
mistral-7b,aqua,simple,correct,0.4324759922027588,-0.1733551132202375,-0.3204620784337326,-0.04155911708685718,59.14516939109599
mistral-7b,aqua,simple,correct,0.4407559820711613,-0.18226573286403436,-0.33311969385612195,-0.0444817707433599,55.36484362519639
mistral-7b,aqua,simple,correct,0.44903597193956374,-0.18924943969346741,-0.3450442531624325,-0.04746533662630521,52.18453786985223
mistral-7b,aqua,simple,correct,0.4573159618079662,-0.1942339166833335,-0.35074102092730375,-0.05037389938086166,49.76137384551814
mistral-7b,aqua,simple,correct,0.4655959516763687,-0.19724458776793327,-0.35897003297693136,-0.05091531397116634,48.11046773938533
mistral-7b,aqua,simple,correct,0.4738759415447712,-0.19837176061001754,-0.36089251527881894,-0.05032150258752293,47.184126989981415
mistral-7b,aqua,simple,correct,0.4821559314131737,-0.19774075733940535,-0.3591215613981186,-0.04836272033489186,46.917876734925414
mistral-7b,aqua,simple,correct,0.49043592128157615,-0.19548981250335074,-0.35701987365181825,-0.04789513776274536,47.25177036905317
mistral-7b,aqua,simple,correct,0.4987159111499786,-0.1917570289381247,-0.35003497863703914,-0.045865931859527385,48.13716272582454
mistral-7b,aqua,simple,correct,0.5069959010183811,-0.1866754699442937,-0.3452194617720575,-0.045217863187089986,49.53557164676711
mistral-7b,aqua,simple,correct,0.5152758908867836,-0.18037444903979782,-0.33639902227784113,-0.04291467040450746,51.412984927430884
mistral-7b,aqua,simple,correct,0.5235558807551861,-0.1729848148657691,-0.32676013880014493,-0.03988593499068645,53.73108506242947
mistral-7b,aqua,simple,correct,0.5318358706235886,-0.1646460997586367,-0.31234888485200424,-0.03520382274340229,56.436269251373886
mistral-7b,aqua,simple,correct,0.540115860491991,-0.15551356251246493,-0.2954995117689197,-0.030897987381142092,59.447865188336145
mistral-7b,aqua,simple,correct,0.5483958503603935,-0.14576334624430298,-0.28034899717324113,-0.026283839533080406,62.648392511534475
mistral-7b,aqua,simple,correct,0.5566758402287959,-0.1355942517207244,-0.26698480080866693,-0.022553498091099425,65.88048417567244
mistral-7b,aqua,simple,correct,0.5649558300971984,-0.12522509922754238,-0.24904340406273043,-0.01920759480641009,68.95570247538579
mistral-7b,aqua,simple,correct,0.5732358199656009,-0.1148873802853063,-0.23168953143604554,-0.01407704894229989,71.67795642305971
mistral-7b,aqua,simple,correct,0.5815158098340034,-0.10481383275451799,-0.21591018654732425,-0.011398652011418615,73.87778561319432
mistral-7b,aqua,simple,correct,0.5897957997024059,-0.09522451841709452,-0.20063406915603657,-0.006972705208746555,75.44624822340917
mistral-7b,aqua,simple,correct,0.5980757895708084,-0.08631266034996186,-0.1833358244778536,-0.0032099907013308955,76.35446374614872
mistral-7b,aqua,simple,correct,0.6063557794392109,-0.07823265623447542,-0.16769095484194493,-0.0007888196871693448,76.65077060664947
mistral-7b,aqua,simple,correct,0.6146357693076133,-0.07109223095192459,-0.15455251929457453,0.0033367060579873554,76.43853351713037
mistral-7b,aqua,simple,correct,0.6229157591760158,-0.06494975893648093,-0.14185745882609496,0.00676750092624984,75.84579481791502
mistral-7b,aqua,simple,correct,0.6311957490444182,-0.0598166786173549,-0.13292178431787782,0.00936183426442054,74.99839634278628
mistral-7b,aqua,simple,correct,0.6394757389128207,-0.05566397813896984,-0.12475510202207468,0.011433093349548578,74.00291673507517
mistral-7b,aqua,simple,correct,0.6477557287812232,-0.05243118680880219,-0.11905262744577871,0.013469266068204101,72.93983552931628
mistral-7b,aqua,simple,correct,0.6560357186496257,-0.05003621709146089,-0.1142501970149324,0.015591452763152613,71.86395936990931
mistral-7b,aqua,simple,correct,0.6643157085180282,-0.04838467034951522,-0.11426646174731903,0.015760569397675117,70.8085276578272
mistral-7b,aqua,simple,correct,0.6725956983864307,-0.047377674501825874,-0.11262676511095106,0.018784109779680695,69.79029764980012
mistral-7b,aqua,simple,correct,0.6808756882548332,-0.04691779916188879,-0.11212143211257934,0.01935377657373972,68.8141138085275
mistral-7b,aqua,simple,correct,0.6891556781232356,-0.046912984824103436,-0.11139941794942664,0.019768201867413366,67.87640723395981
mistral-7b,aqua,simple,correct,0.6974356679916381,-0.047278682989372094,-0.1136240749795199,0.02193492475674257,66.96762496001698
mistral-7b,aqua,simple,correct,0.7057156578600406,-0.047938538172435444,-0.1167409437660662,0.02299711476918322,66.0738381126954
mistral-7b,aqua,simple,correct,0.713995647728443,-0.04882398036943041,-0.12092054985573406,0.025278879041170647,65.17784373202007
mistral-7b,aqua,simple,correct,0.7222756375968455,-0.04987307389155848,-0.12698598955666152,0.02780327027205508,64.26005105586341
mistral-7b,aqua,simple,correct,0.730555627465248,-0.05102891665142917,-0.1312545078014783,0.031023529519567158,63.29938338752609
mistral-7b,aqua,simple,correct,0.7388356173336506,-0.05223782511199847,-0.1340622699507876,0.03442082623231022,62.27435454389579
mistral-7b,aqua,simple,correct,0.7471156072020531,-0.053447487441297285,-0.1398541080757086,0.03809133541458734,61.16439907668452
mistral-7b,aqua,simple,correct,0.7553955970704556,-0.05460522754762716,-0.14453824642682758,0.04145790976075183,59.95144549243542
mistral-7b,aqua,simple,correct,0.7636755869388581,-0.05565649793592221,-0.14913032428942943,0.045773571714727596,58.62162089772475
mistral-7b,aqua,simple,correct,0.7719555768072605,-0.05654370972964328,-0.1556276146002891,0.05015499864396878,57.16687161506584
mistral-7b,aqua,simple,correct,0.780235566675663,-0.05720551254172343,-0.16217397779221576,0.051920352922867286,55.586196405631064
mistral-7b,aqua,simple,correct,0.7885155565440654,-0.05757665302223174,-0.1686531553395236,0.054202029045349584,53.88614462022064
mistral-7b,aqua,simple,correct,0.7967955464124679,-0.05758856521444435,-0.17302021381490765,0.058352746646046484,52.08025813595343
mistral-7b,aqua,simple,correct,0.8050755362808704,-0.057170871700630996,-0.1801197077608821,0.0634184213681068,50.18724827893673
mistral-7b,aqua,simple,correct,0.8133555261492729,-0.056253990114030275,-0.18606545921119585,0.06993794712662478,48.22789251566504
mistral-7b,aqua,simple,correct,0.8216355160176754,-0.05477302546556594,-0.19032058543598965,0.07575886055618418,46.22089240721678
mistral-7b,aqua,simple,correct,0.8299155058860779,-0.05267305634055829,-0.19514157813731547,0.08578732691612713,44.17824257579005
mistral-7b,aqua,simple,correct,0.8381954957544804,-0.04991575710993123,-0.1979376993247103,0.09090924164830622,42.10103288144582
mistral-7b,aqua,simple,correct,0.8464754856228829,-0.04648700710949232,-0.2022007629745661,0.09961592977152585,39.977055949288356
mistral-7b,aqua,simple,correct,0.8547554754912852,-0.042404714949807125,-0.20154974395385797,0.11017831135202145,37.78201912261468
mistral-7b,aqua,simple,correct,0.8630354653596877,-0.037725583928901844,-0.20125187677649603,0.11932760667044474,35.48614677342429
mistral-7b,aqua,simple,correct,0.8713154552280902,-0.0325491054979202,-0.19881555122580633,0.12542617182923704,33.06668995472066
mistral-7b,aqua,simple,correct,0.8795954450964927,-0.027016926209286085,-0.19366375283834483,0.13545323988305508,30.52368296847028
mistral-7b,aqua,simple,correct,0.8878754349648952,-0.021306148931116785,-0.18356935282806805,0.13980814357409646,27.892205371681126
mistral-7b,aqua,simple,correct,0.8961554248332977,-0.015616237472241787,-0.1753731682269627,0.14134088940032882,25.24303949364325
mistral-7b,aqua,simple,correct,0.9044354147017002,-0.010150834679595893,-0.16394916106691956,0.142590655438613,22.668497063654783
mistral-7b,aqua,simple,correct,0.9127154045701027,-0.005097456604761842,-0.1487773303858759,0.1484644384579722,20.259281439787596
mistral-7b,aqua,simple,correct,0.9209953944385052,-0.0006089803667402912,-0.13634864564984678,0.14492913664186333,18.08377337396394
mistral-7b,aqua,simple,correct,0.9292753843069075,0.0032094171065733352,-0.12332151469719949,0.14049921144768818,16.178147077645278
mistral-7b,aqua,simple,correct,0.93755537417531,0.0063056679852377204,-0.10839037859429353,0.14360439415800644,14.548002798721265
mistral-7b,aqua,simple,correct,0.9458353640437125,0.008678428079597077,-0.09421882406461957,0.14101611554305,13.176740694676765
mistral-7b,aqua,simple,correct,0.954115353912115,0.010368590203666404,-0.08235456030647428,0.13557232971243563,12.035283768134772
mistral-7b,aqua,simple,correct,0.9623953437805175,0.011447391479012786,-0.07199560198355684,0.1271025454916783,11.089936326780176
mistral-7b,arc,complex,all,0.29880037605762483,-0.029489106981221747,-0.08072070371174749,0.024211913673414655,241.7052144399203
mistral-7b,arc,complex,all,0.3042932577803731,-0.029647348911551248,-0.08033275100847148,0.02332825772624335,248.90726367101104
mistral-7b,arc,complex,all,0.3097861395031214,-0.029816210223616423,-0.0798686416437962,0.022841987378992006,257.00626721366086
mistral-7b,arc,complex,all,0.31527902122586965,-0.029994931041170302,-0.07967904554442098,0.022167181745428758,266.09385944739154
mistral-7b,arc,complex,all,0.32077190294861796,-0.030182406757917026,-0.07954191072094036,0.021537982527430735,276.2572659521668
mistral-7b,arc,complex,all,0.3262647846713662,-0.03037715406423112,-0.08035975547110157,0.019996662367278047,287.5712517798104
mistral-7b,arc,complex,all,0.3317576663941145,-0.030577289447404527,-0.08003379634594808,0.019335893883307774,300.0866698186098
mistral-7b,arc,complex,all,0.3372505481168628,-0.03078052599702481,-0.07961536693944449,0.018114683650216287,313.8151128830862
mistral-7b,arc,complex,all,0.34274342983961104,-0.03098419450765819,-0.08006048144354563,0.01721178954268661,328.7097311892696
mistral-7b,arc,complex,all,0.34823631156235935,-0.031185294249628716,-0.08017327230287011,0.016239054449183343,344.6433862387428
mistral-7b,arc,complex,all,0.3537291932851076,-0.03138057714885311,-0.08078788472411264,0.015635839120308335,361.38709003871975
mistral-7b,arc,complex,all,0.3592220750078559,-0.03156666637503272,-0.08119177576585589,0.01530998213709744,378.5939818616842
mistral-7b,arc,complex,all,0.36471495673060417,-0.031740206592851,-0.08213175744235934,0.015733417570469612,395.7962592065839
mistral-7b,arc,complex,all,0.3702078384533525,-0.0318980387684668,-0.08222612981840768,0.016310022528344154,412.42316162344184
mistral-7b,arc,complex,all,0.37570072017610073,-0.032037388106616216,-0.08172591404594938,0.016582197138209617,427.8455764521915
mistral-7b,arc,complex,all,0.381193601898849,-0.03215605027112287,-0.08177389570299747,0.017466449386695584,441.44604275684304
mistral-7b,arc,complex,all,0.3866864836215973,-0.03225255936194442,-0.08184299785103986,0.01734055470468014,452.7030593734489
mistral-7b,arc,complex,all,0.3921793653443456,-0.03232632179111807,-0.08297625172398213,0.017746886330799384,461.2698290266451
mistral-7b,arc,complex,all,0.39767224706709386,-0.032377703363967,-0.08377564891178425,0.01710119268533701,467.0253875238448
mistral-7b,arc,complex,all,0.4031651287898421,-0.03240806211101559,-0.08445449900559279,0.017532016062078982,470.0833822695932
mistral-7b,arc,complex,all,0.40865801051259043,-0.03241972581057539,-0.08460732208150823,0.016697714855041658,470.7578472418242
mistral-7b,arc,complex,all,0.4141508922353387,-0.03241591950116438,-0.08499037769409687,0.01700244569503411,469.499035388716
mistral-7b,arc,complex,all,0.41964377395808694,-0.0324006534615251,-0.08477927709906588,0.01755466516026079,466.8191645935109
mistral-7b,arc,complex,all,0.42513665568083525,-0.032378585324985935,-0.08498641984214124,0.018321557857451216,463.2260967565833
mistral-7b,arc,complex,all,0.43062953740358356,-0.032354870888786774,-0.08480992901394235,0.01831831262671891,459.1756275051318
mistral-7b,arc,complex,all,0.4361224191263318,-0.032335016978000834,-0.08440971499319729,0.018882432178662586,455.04493220564024
mistral-7b,arc,complex,all,0.4416153008490801,-0.03232474699667038,-0.08491114746296949,0.019474851712122616,451.1240184374449
mistral-7b,arc,complex,all,0.4471081825718284,-0.03232988627716526,-0.08484899824549304,0.019582245780617284,447.61959630559863
mistral-7b,arc,complex,all,0.45260106429457664,-0.03235627071952611,-0.08551018452297167,0.020189295410037136,444.6658073516576
mistral-7b,arc,complex,all,0.4580939460173249,-0.032409679023726136,-0.08620472577590686,0.021063336473329808,442.3375171108666
mistral-7b,arc,complex,all,0.4635868277400732,-0.032495786364569276,-0.08643375873307028,0.021365822641505043,440.6634119053483
mistral-7b,arc,complex,all,0.4690797094628215,-0.03262013573751226,-0.08631325844095182,0.0211159073847029,439.63743779549515
mistral-7b,arc,complex,all,0.47457259118556977,-0.03278812235529465,-0.08613098546483626,0.02148259543300461,439.22802217271357
mistral-7b,arc,complex,all,0.480065472908318,-0.03300498625236727,-0.08572133049023929,0.02036417634447636,439.38505861121706
mistral-7b,arc,complex,all,0.48555835463106634,-0.033275808478766634,-0.08550586696795706,0.019780747723967138,440.0449113386075
mistral-7b,arc,complex,all,0.49105123635381465,-0.03360550676977354,-0.08538581365805617,0.019610300709157896,441.13380548129055
mistral-7b,arc,complex,all,0.4965441180765629,-0.033998827227646786,-0.08520934835965215,0.019125871783573313,442.5699879819843
mistral-7b,arc,complex,all,0.5020369997993112,-0.03446032925216088,-0.08658329385132231,0.017974708587987685,444.2650204672878
mistral-7b,arc,complex,all,0.5075298815220595,-0.03499436165023716,-0.08654235433786248,0.01761970438372685,446.1245271607067
mistral-7b,arc,complex,all,0.5130227632448077,-0.03560502851408958,-0.08694787321435588,0.016580337551111612,448.0486816332976
mistral-7b,arc,complex,all,0.518515644967556,-0.036296144075035036,-0.08681460810941236,0.01629914361476244,449.9326801697872
mistral-7b,arc,complex,all,0.5240085266903043,-0.037071176321417425,-0.08625176412781668,0.015396365536641539,451.6674158738225
mistral-7b,arc,complex,all,0.5295014084130526,-0.03793317972364453,-0.08662095533220616,0.01446755173826476,453.1405325213643
mistral-7b,arc,complex,all,0.5349942901358009,-0.03888471794620804,-0.08826679837420338,0.014133606885692379,454.23799561623656
mistral-7b,arc,complex,all,0.5404871718585491,-0.03992777795045343,-0.08924025370270697,0.012768753163799511,454.84626543707907
mistral-7b,arc,complex,all,0.5459800535812974,-0.041063677400909174,-0.08980688922520029,0.011957745390847692,454.85509018715805
mistral-7b,arc,complex,all,0.5514729353040457,-0.04229296777280068,-0.09143219865083001,0.01124761180427727,454.16085698193876
mistral-7b,arc,complex,all,0.5569658170267939,-0.04361533600210679,-0.0927581391203829,0.010434699708076749,452.6703490747666
mistral-7b,arc,complex,all,0.5624586987495422,-0.04502950789906979,-0.09403949177056753,0.009620274657723922,450.3046690975177
mistral-7b,arc,complex,all,0.5679515804722906,-0.04653315683399278,-0.09629825488098753,0.00770452599245263,447.00301406552046
mistral-7b,arc,complex,all,0.5734444621950388,-0.04812282137149024,-0.0985852864513469,0.00718816404256487,442.7259442903668
mistral-7b,arc,complex,all,0.5789373439177871,-0.04979383554897855,-0.10149561686124005,0.006799582287310032,437.45778922535095
mistral-7b,arc,complex,all,0.5844302256405354,-0.05154027534547451,-0.10353523259844696,0.005727466840762897,431.20788659351183
mistral-7b,arc,complex,all,0.5899231073632836,-0.05335492455525209,-0.10511608112184882,0.004016655108302768,424.0104551284422
mistral-7b,arc,complex,all,0.595415989086032,-0.05522926276734398,-0.10737208521090423,0.002975138544461127,415.9230429323873
mistral-7b,arc,complex,all,0.6009088708087802,-0.05715347747040704,-0.10920338243488674,0.0019081830622212142,407.02365045647724
mistral-7b,arc,complex,all,0.6064017525315284,-0.059116501482345894,-0.11079999152699214,0.0006118458091634452,397.40677249963636
mistral-7b,arc,complex,all,0.6118946342542768,-0.06110607598864854,-0.11357258630787971,-0.0008390636558360596,387.1787124560433
mistral-7b,arc,complex,all,0.617387515977025,-0.06310883851744188,-0.11635127788907788,-0.0017109452549331995,376.45257747178056
mistral-7b,arc,complex,all,0.6228803976997733,-0.06511043424461829,-0.11934846222837524,-0.0024365426974758773,365.34336012571225
mistral-7b,arc,complex,all,0.6283732794225216,-0.06709564817244577,-0.12257201102551549,-0.004478079403178226,353.96345757543355
mistral-7b,arc,complex,all,0.6338661611452698,-0.06904855501876361,-0.1254272241611161,-0.004862456343075832,342.4188885185788
mistral-7b,arc,complex,all,0.6393590428680181,-0.07095268313978106,-0.1284315437620161,-0.004733234088589055,330.8063615018536
mistral-7b,arc,complex,all,0.6448519245907665,-0.07279118852108005,-0.13105591184216445,-0.005488397296099969,319.2112437798673
mistral-7b,arc,complex,all,0.6503448063135147,-0.07454703482364035,-0.13490723802416765,-0.005840922872373627,307.70639221781704
mistral-7b,arc,complex,all,0.655837688036263,-0.07620317565973733,-0.13833101415745178,-0.006131340932950979,296.3517445780147
mistral-7b,arc,complex,all,0.6613305697590113,-0.07774273567358901,-0.14199950763328859,-0.006645312327191898,285.194532878977
mistral-7b,arc,complex,all,0.6668234514817595,-0.07914918757338182,-0.14527449786560503,-0.0073043984051971685,274.26996776885
mistral-7b,arc,complex,all,0.6723163332045079,-0.08040652295213008,-0.1488241756501164,-0.007452667912689892,263.6022487619183
mistral-7b,arc,complex,all,0.6778092149272561,-0.0814994154845269,-0.15161982692754014,-0.007409788527304757,253.20577359991256
mistral-7b,arc,complex,all,0.6833020966500044,-0.08241337583279493,-0.15462820168804384,-0.005783924907449845,243.08644514820082
mistral-7b,arc,complex,all,0.6887949783727527,-0.08313489827599443,-0.15960658960216806,-0.004879745346252976,233.24300143804768
mistral-7b,arc,complex,all,0.6942878600955009,-0.08365159963979225,-0.16148287541506728,-0.0038560743601882917,223.66832035194776
mistral-7b,arc,complex,all,0.6997807418182492,-0.08395235150184066,-0.1629132378857744,-0.0034799691167875704,214.35067286353063
mistral-7b,arc,complex,all,0.7052736235409975,-0.08402740684717198,-0.16346536054686675,-0.001208817876295846,205.27491646948147
mistral-7b,arc,complex,all,0.7107665052637457,-0.08386852232601104,-0.16436389591455092,0.00016691128067228208,196.42363289453343
mistral-7b,arc,complex,all,0.716259386986494,-0.08346907701367524,-0.1644463126760425,0.002992951935214114,187.77822107033614
mistral-7b,arc,complex,all,0.7217522687092424,-0.08282418809251968,-0.16592751870549685,0.0054175832815003535,179.31995772436989
mistral-7b,arc,complex,all,0.7272451504319906,-0.0819308231867351,-0.1666785858732769,0.007466709474055967,171.03103373999232
mistral-7b,arc,complex,all,0.732738032154739,-0.08078790821412311,-0.16828007923734317,0.009074116576562203,162.8955650614031
mistral-7b,arc,complex,all,0.7382309138774872,-0.07939642862173134,-0.16885967247322126,0.012277382252770185,154.9005630475415
mistral-7b,arc,complex,errors,0.29939706027507784,0.006399399624511871,-0.10298769904988868,0.12071214468511067,48.180160588256726
mistral-7b,arc,complex,errors,0.304800918199122,0.004017831407363327,-0.10443978609350643,0.11756206255121178,50.024259877440066
mistral-7b,arc,complex,errors,0.3102047761231661,0.0014548772069271495,-0.1061421487926679,0.11360187595411314,52.06989779293135
mistral-7b,arc,complex,errors,0.31560863404721023,-0.00129018382198456,-0.10791895310586147,0.10879075598768853,54.330091458753245
mistral-7b,arc,complex,errors,0.32101249197125437,-0.00421497462596642,-0.10944917678545074,0.10511014530247151,56.8141784451576
mistral-7b,arc,complex,errors,0.3264163498952985,-0.007313540766639137,-0.11044117316575197,0.10044521151484008,59.52567435251171
mistral-7b,arc,complex,errors,0.3318202078193426,-0.010575942923518046,-0.11282589121548908,0.09715733344604856,62.45967295700438
mistral-7b,arc,complex,errors,0.33722406574338676,-0.013987966971863828,-0.11440459221417394,0.09124530599046761,65.59994541074757
mistral-7b,arc,complex,errors,0.3426279236674309,-0.01753099824699847,-0.1149738113603235,0.08498587199714812,68.916082928926
mistral-7b,arc,complex,errors,0.348031781591475,-0.021182102153633968,-0.11396281688531977,0.07833409883230383,72.3612575747681
mistral-7b,arc,complex,errors,0.35343563951551915,-0.024914342352332648,-0.11492133632515386,0.07458012989233262,75.87138700674224
mistral-7b,arc,complex,errors,0.3588394974395633,-0.02869735029622,-0.11768705567780216,0.07056292879584722,79.36656945649374
mistral-7b,arc,complex,errors,0.3642433553636074,-0.032498137104394795,-0.11978627330765798,0.06644605593389191,82.75546475814397
mistral-7b,arc,complex,errors,0.36964721328765154,-0.036282113200391666,-0.1220609220623707,0.06290601962075737,85.9427389732696
mistral-7b,arc,complex,errors,0.3750510712116957,-0.0400142564573231,-0.12429582224500411,0.05744285570151941,88.83881504396211
mistral-7b,arc,complex,errors,0.3804549291357398,-0.04366034987111878,-0.12753962425114115,0.05240930917070042,91.37024842958307
mistral-7b,arc,complex,errors,0.38585878705978394,-0.04718819868981894,-0.13389344525028596,0.049111362777530025,93.48849840739815
mistral-7b,arc,complex,errors,0.39126264498382807,-0.05056873678148136,-0.13757954480731632,0.04669313474356263,95.17504882084715
mistral-7b,arc,complex,errors,0.3966665029078722,-0.05377694317159192,-0.1408530716141557,0.04619777114956888,96.44177707854817
mistral-7b,arc,complex,errors,0.40207036083191633,-0.05679251034573521,-0.14496154382733006,0.042626286391980926,97.32680393435061
mistral-7b,arc,complex,errors,0.40747421875596046,-0.05960023260137585,-0.15125707769679622,0.04071694140058015,97.88720601168788
mistral-7b,arc,complex,errors,0.4128780766800046,-0.06219011106999594,-0.15592120449738123,0.03932704785185628,98.19050717820285
mistral-7b,arc,complex,errors,0.4182819346040487,-0.06455719776116108,-0.15719747729467073,0.03650084183170891,98.30670964113466
mistral-7b,arc,complex,errors,0.42368579252809285,-0.0667012208270001,-0.1610575128452777,0.03440113711761571,98.30202010284316
mistral-7b,arc,complex,errors,0.429089650452137,-0.06862604541983351,-0.16503033096330885,0.03510738961878951,98.23471387812643
mistral-7b,arc,complex,errors,0.4344935083761811,-0.07033902879204393,-0.167387503347261,0.0334192811765157,98.15301704156933
mistral-7b,arc,complex,errors,0.43989736630022525,-0.07185032571945724,-0.17085046501160808,0.03284746932557337,98.0945722677274
mistral-7b,arc,complex,errors,0.4453012242242694,-0.07317219275934368,-0.17201984615878563,0.031391653825473015,98.08696260229387
mistral-7b,arc,complex,errors,0.4507050821483135,-0.07431832938746537,-0.17371150745693384,0.031032055561263493,98.14881898237934
mistral-7b,arc,complex,errors,0.45610894007235764,-0.07530328263846656,-0.1757047722940318,0.031966271000711595,98.291152141309
mistral-7b,arc,complex,errors,0.46151279799640177,-0.07614193101587446,-0.17737643558062924,0.0311210423891099,98.5186726841495
mistral-7b,arc,complex,errors,0.4669166559204459,-0.07684905412972536,-0.1783259655582149,0.029526601281469722,98.83096675256434
mistral-7b,arc,complex,errors,0.47232051384449003,-0.07743898724800553,-0.1789817616672619,0.02813241063173005,99.22347032381339
mistral-7b,arc,complex,errors,0.47772437176853416,-0.07792535480021986,-0.17867239716641042,0.02732110408160721,99.68823478797265
mistral-7b,arc,complex,errors,0.4831282296925783,-0.07832087366489648,-0.17820723412151365,0.027370412053875366,100.21450596601078
mistral-7b,arc,complex,errors,0.4885320876166224,-0.07863721547710609,-0.17895795964722772,0.025541674818042953,100.78915443217893
mistral-7b,arc,complex,errors,0.49393594554066655,-0.07888491682519913,-0.1793021409642918,0.02455341704029313,101.39700190151375
mistral-7b,arc,complex,errors,0.4993398034647107,-0.07907332670040149,-0.1772007445770872,0.02372547126596102,102.02108992525169
mistral-7b,arc,complex,errors,0.5047436613887548,-0.0792105816027406,-0.17670081483893352,0.02346790668583565,102.64293513539286
mistral-7b,arc,complex,errors,0.5101475193127989,-0.0793036000428389,-0.1755575378246288,0.022338008070777723,103.2428106318586
mistral-7b,arc,complex,errors,0.5155513772368431,-0.07935808962943983,-0.17313132779156332,0.020537634107336434,103.80008595400054
mistral-7b,arc,complex,errors,0.5209552351608873,-0.07937856137417972,-0.17067756527350195,0.019129688324612957,104.2936482602577
mistral-7b,arc,complex,errors,0.5263590930849313,-0.07936834720248384,-0.16772735062645674,0.017688904520439183,104.702414759308
mistral-7b,arc,complex,errors,0.5317629510089754,-0.07932961789182616,-0.16606534981347304,0.017705868824999766,105.00593139980808
mistral-7b,arc,complex,errors,0.5371668089330196,-0.07926339974900873,-0.16543775565023464,0.01706357926724055,105.18503630270011
mistral-7b,arc,complex,errors,0.5425706668570638,-0.0791695892841852,-0.1635634260178451,0.016122331281256407,105.22255015343826
mistral-7b,arc,complex,errors,0.5479745247811079,-0.07904696594626932,-0.16301769204194752,0.014268069876666028,105.10394216741749
mistral-7b,arc,complex,errors,0.5533783827051519,-0.07889320365989369,-0.16175183690046735,0.011837393438449242,104.81791199142639
mistral-7b,arc,complex,errors,0.5587822406291961,-0.07870488245542931,-0.1605283298062454,0.010569908117432743,104.35682737314974
mistral-7b,arc,complex,errors,0.5641860985532403,-0.0784775019155414,-0.1598092146668455,0.00884499132436195,103.71696595644498
mistral-7b,arc,complex,errors,0.5695899564772844,-0.07820549847608829,-0.1601097164279963,0.008376893174952108,102.89852687136366
mistral-7b,arc,complex,errors,0.5749938144013285,-0.07788226881475703,-0.16013003481562565,0.0066660186907233935,101.90540178651888
mistral-7b,arc,complex,errors,0.5803976723253726,-0.07750020163443928,-0.15942798944862782,0.004972376587062072,100.74472213632822
mistral-7b,arc,complex,errors,0.5858015302494168,-0.07705072009595927,-0.15947646251695075,0.007520092592631851,99.42622490130314
mistral-7b,arc,complex,errors,0.5912053881734609,-0.07652433697300574,-0.15903499719794617,0.009418532575669514,97.96149941406638
mistral-7b,arc,complex,errors,0.596609246097505,-0.07591072429002028,-0.1595802357008269,0.01148667447923003,96.36318917987788
mistral-7b,arc,complex,errors,0.6020131040215492,-0.07519879876438436,-0.16082321067741623,0.01394051380771156,94.64422439712816
mistral-7b,arc,complex,errors,0.6074169619455934,-0.07437682381611312,-0.1592260449507349,0.01720819176232789,92.81715332445978
mistral-7b,arc,complex,errors,0.6128208198696374,-0.07343252824667951,-0.1609881175690727,0.019758721108222455,90.89362586014909
mistral-7b,arc,complex,errors,0.6182246777936815,-0.07235324094632302,-0.1603080665010046,0.022144568091900362,88.88406339675691
mistral-7b,arc,complex,errors,0.6236285357177257,-0.07112604019655043,-0.15986573254762101,0.025800601567488347,86.79752795427294
mistral-7b,arc,complex,errors,0.6290323936417699,-0.06973791532880372,-0.15954466493885094,0.029678933791755787,84.64178311019225
mistral-7b,arc,complex,errors,0.634436251565814,-0.06817593772431034,-0.16114386904590233,0.033499132818890394,82.42352105455913
mistral-7b,arc,complex,errors,0.639840109489858,-0.06642743744014397,-0.1643994870388654,0.03822576053369273,80.14871538310562
mistral-7b,arc,complex,errors,0.6452439674139022,-0.0644801811691439,-0.16625700496986726,0.04347640391725826,77.8230488461889
mistral-7b,arc,complex,errors,0.6506478253379464,-0.06232254683010822,-0.1671697909425974,0.04746137736863278,75.45235987770721
mistral-7b,arc,complex,errors,0.6560516832619905,-0.05994368987633304,-0.1719653383996612,0.053669644643682034,73.04305189057123
mistral-7b,arc,complex,errors,0.6614555411860346,-0.05733369643137319,-0.17209927165366934,0.05722336039694897,70.6024153238407
mistral-7b,arc,complex,errors,0.6668593991100787,-0.054483718623512076,-0.1724455856138964,0.06493053943044971,68.13882400153514
mistral-7b,arc,complex,errors,0.6722632570341229,-0.051386087991743754,-0.1748700290363648,0.06718702861218998,65.66178346207111
mistral-7b,arc,complex,errors,0.677667114958167,-0.048034403556292925,-0.17522706797149465,0.0753087052117462,63.18182761378343
mistral-7b,arc,complex,errors,0.6830709728822111,-0.044423592050048324,-0.1790141477146928,0.08442841976916075,60.710278763382995
mistral-7b,arc,complex,errors,0.6884748308062553,-0.04054993884416563,-0.17951661437291103,0.09353447019654464,58.25890194813476
mistral-7b,arc,complex,errors,0.6938786887302995,-0.03641108921182794,-0.1826484492495978,0.10045031165611756,55.839495203941645
mistral-7b,arc,complex,errors,0.6992825466543435,-0.03200602069368375,-0.18779316567588844,0.1097250285415673,53.46346154056695
mistral-7b,arc,complex,errors,0.7046864045783876,-0.027334988391773538,-0.19199712703526778,0.11963091830503784,51.14140589436132
mistral-7b,arc,complex,errors,0.7100902625024318,-0.02239944596607766,-0.19545055596235206,0.13111809659942972,48.88279235562939
mistral-7b,arc,complex,errors,0.715494120426476,-0.017201945889485377,-0.19720722582597788,0.1409062902387229,46.69568555009081
mistral-7b,arc,complex,errors,0.72089797835052,-0.011746023096957202,-0.1991043599257091,0.15100940179201766,44.58658751962189
mistral-7b,arc,complex,errors,0.7263018362745641,-0.00603606652266265,-0.20243032267227037,0.15983697146574055,42.56036988038937
mistral-7b,arc,complex,errors,0.7317056941986083,-7.718315092530575e-05,-0.20547936325088315,0.16938257308467933,40.62029190095235
mistral-7b,arc,complex,correct,0.2986698913574219,-0.037912485466770465,-0.09522640093279727,0.01970630324448564,193.73534567551923
mistral-7b,arc,complex,correct,0.3044096269458533,-0.03760601760488029,-0.09437831521257212,0.01962171899590682,199.33620529238078
mistral-7b,arc,complex,correct,0.3101493625342846,-0.037260531469058784,-0.09359484234403405,0.01955264864766913,205.690536786393
mistral-7b,arc,complex,correct,0.315889098122716,-0.036872082725266236,-0.09242460279796652,0.019349873806030836,212.8853881594415
mistral-7b,arc,complex,correct,0.3216288337111473,-0.03643682953980625,-0.09132412129521687,0.0189802108318934,221.00627268197096
mistral-7b,arc,complex,correct,0.3273685692995787,-0.035951217137080486,-0.09013592483726961,0.018893578004204693,230.12989001653807
mistral-7b,arc,complex,correct,0.33310830488801,-0.03541220335229765,-0.08880374986383696,0.018374194316697297,240.3132292587759
mistral-7b,arc,complex,correct,0.3388480404764414,-0.034817520155899305,-0.08711420958114799,0.018340110219093774,251.57827730430185
mistral-7b,arc,complex,correct,0.34458777606487273,-0.03416595981501382,-0.08560477649062087,0.018053165934949322,263.89206753273436
mistral-7b,arc,complex,correct,0.3503275116533041,-0.03345766707496008,-0.08369576037232164,0.017683313176126016,277.1430029150546
mistral-7b,arc,complex,correct,0.35606724724173544,-0.03269441152159132,-0.08212069012654458,0.0172646922795419,291.1165169661289
mistral-7b,arc,complex,correct,0.3618069828301668,-0.03187980867159512,-0.08101461773408479,0.01850966483588394,305.47613201275584
mistral-7b,arc,complex,correct,0.3675467184185982,-0.03101945619408506,-0.07955502623525851,0.019401989926008084,319.7590348034966
mistral-7b,arc,complex,correct,0.37328645400702953,-0.030120954727484398,-0.07797034551740939,0.01903083754454784,333.3965196274723
mistral-7b,arc,complex,correct,0.37902618959546086,-0.02919379201255429,-0.07685277138891776,0.018417809053199858,345.7664042472902
mistral-7b,arc,complex,correct,0.38476592518389224,-0.028249084155653106,-0.07592710795587074,0.020642651892381753,356.27512049291164
mistral-7b,arc,complex,correct,0.3905056607723236,-0.0272991867289285,-0.07434142963118863,0.021294910538750073,364.4535802237837
mistral-7b,arc,complex,correct,0.39624539636075495,-0.026357207601862137,-0.07355501484868106,0.023313851442143936,370.03990439711265
mistral-7b,arc,complex,correct,0.4019851319491863,-0.025436468727957726,-0.07304888164192432,0.02524166170201183,373.02194052492666
mistral-7b,arc,complex,correct,0.40772486753761766,-0.02454997199371544,-0.07269440726309137,0.02606369641401304,373.62596724707043
mistral-7b,arc,complex,correct,0.41346460312604905,-0.023709922811950113,-0.07202091499308036,0.027986913277056116,372.25840989877156
mistral-7b,arc,complex,correct,0.4192043387144804,-0.022927354885886254,-0.07170991851582181,0.029148446453719144,369.4230493511004
mistral-7b,arc,complex,correct,0.4249440743029117,-0.022211883104788412,-0.07086291462872572,0.030580363336857652,365.63954829085645
mistral-7b,arc,complex,correct,0.4306838098913431,-0.021571592708967115,-0.07080763642191633,0.032447484584894895,361.381492816678
mistral-7b,arc,complex,correct,0.43642354547977447,-0.021013055551450478,-0.07081565075553195,0.03370790459240157,357.04052584685576
mistral-7b,arc,complex,correct,0.4421632810682058,-0.020541451339307844,-0.07062783981608073,0.03502282739922134,352.9138932601418
mistral-7b,arc,complex,correct,0.4479030166566372,-0.02016076447829539,-0.07062889084548768,0.0359832274152504,349.2083030724948
mistral-7b,arc,complex,correct,0.45364275224506856,-0.019874025404223318,-0.07090144434775246,0.03609956475488699,346.0526201322142
mistral-7b,arc,complex,correct,0.4593824878334999,-0.019683567861766213,-0.07112994233167086,0.03611831091003079,343.5136316224289
mistral-7b,arc,complex,correct,0.4651222234219312,-0.019591278835566984,-0.07148527777909165,0.035979429295661926,341.61130304830823
mistral-7b,arc,complex,correct,0.4708619590103626,-0.01959882415276436,-0.07155714779157847,0.035841134562440986,340.3317558784776
mistral-7b,arc,complex,correct,0.476601694598794,-0.0197078389271225,-0.07182602970103595,0.035731422662667364,339.6374014456969
mistral-7b,arc,complex,correct,0.4823414301872253,-0.019920077240357485,-0.07259522186873249,0.03547083840916562,339.4743355919382
mistral-7b,arc,complex,correct,0.48808116577565663,-0.020237519426174598,-0.07338411681315339,0.03520047759706406,339.7774017076616
mistral-7b,arc,complex,correct,0.493820901364088,-0.02066243802708403,-0.0742924775777917,0.03432832015256151,340.47341979455894
mistral-7b,arc,complex,correct,0.4995606369525194,-0.02119742511552873,-0.07531130226694595,0.03416893799567095,341.48306426646207
mistral-7b,arc,complex,correct,0.5053003725409507,-0.021845384475575803,-0.07618886655423104,0.033784702855472484,342.7218184379637
mistral-7b,arc,complex,correct,0.511040108129382,-0.022609492404553393,-0.07680186047686384,0.03240735945470614,344.1003728280018
mistral-7b,arc,complex,correct,0.5167798437178135,-0.023493130856324703,-0.07707016516522276,0.031629712436470156,345.52478166622063
mistral-7b,arc,complex,correct,0.5225195793062448,-0.024499796496910236,-0.07864483891217224,0.030897292766301356,346.8966500783002
mistral-7b,arc,complex,correct,0.5282593148946761,-0.02563298910994009,-0.07957724830401802,0.029860068760546504,348.1135897750721
mistral-7b,arc,complex,correct,0.5339990504831076,-0.02689608275341352,-0.0805530058356602,0.02795872181413562,349.07014677372695
mistral-7b,arc,complex,correct,0.5397387860715389,-0.0282921831664265,-0.08221355646297768,0.02720166214766004,349.659362441009
mistral-7b,arc,complex,correct,0.5454785216599702,-0.029823975155727083,-0.08432383923949714,0.025783745680945776,349.7750710239083
mistral-7b,arc,complex,correct,0.5512182572484016,-0.03149356403039267,-0.08737405465479778,0.02431610235613707,349.3149572483004
mistral-7b,arc,complex,correct,0.5569579928368329,-0.03330231555080485,-0.08931746566898667,0.02254582281633688,348.1842956651147
mistral-7b,arc,complex,correct,0.5626977284252643,-0.035250699252659334,-0.09141604791131351,0.021091525307449316,346.3001753285357
mistral-7b,arc,complex,correct,0.5684374640136957,-0.037338140326400676,-0.09300674996198051,0.019754427709608297,343.5958934730859
mistral-7b,arc,complex,correct,0.574177199602127,-0.03956288540338935,-0.0951476923957281,0.01836581740575416,340.0251019035615
mistral-7b,arc,complex,correct,0.5799169351905584,-0.041921887553568946,-0.09837972434351139,0.01529445016147554,335.5652352330835
mistral-7b,arc,complex,correct,0.5856566707789898,-0.04441071547953168,-0.1019359543375884,0.013141767286025117,330.21976327651646
mistral-7b,arc,complex,correct,0.5913964063674211,-0.04702349126328517,-0.10627114480953058,0.01199577357735213,324.0189021967309
mistral-7b,arc,complex,correct,0.5971361419558525,-0.04975286007635822,-0.1107368120376217,0.009947846095408898,317.01858431938325
mistral-7b,arc,complex,correct,0.6028758775442837,-0.0525899940242934,-0.11397686191646894,0.0072975059878510815,309.2976995452831
mistral-7b,arc,complex,correct,0.6086156131327152,-0.05552463081900857,-0.11729186014796414,0.005630317174089694,300.95384211850035
mistral-7b,arc,complex,correct,0.6143553487211465,-0.058545146343194125,-0.12143518123169862,0.0036966675469737474,292.09798108466595
mistral-7b,arc,complex,correct,0.6200950843095778,-0.06163865849988021,-0.12627925129845294,0.0026944486713259236,282.84858533589465
mistral-7b,arc,complex,correct,0.6258348198980093,-0.06479115815129316,-0.1315317572214168,0.001683085739364848,273.3257571216234
mistral-7b,arc,complex,correct,0.6315745554864406,-0.06798766156929484,-0.13739558166528634,-0.0010634035195576336,263.64586555148753
mistral-7b,arc,complex,correct,0.6373142910748719,-0.07121237775842064,-0.14254483674135326,-0.0008793396689479138,253.91704645751003
mistral-7b,arc,complex,correct,0.6430540266633034,-0.07444888336156812,-0.14894385444002725,-0.002332437698625273,244.23577930730286
mistral-7b,arc,complex,correct,0.6487937622517346,-0.07768029767473013,-0.15356049278936565,-0.0034388374504792547,234.68459793833645
mistral-7b,arc,complex,correct,0.654533497840166,-0.08088945060031401,-0.15949946462979564,-0.005022307954535991,225.33086439453547
mistral-7b,arc,complex,correct,0.6602732334285973,-0.08405903714031028,-0.1650972082296477,-0.007385042794166009,216.22644762208859
mistral-7b,arc,complex,correct,0.6660129690170287,-0.08717175321926629,-0.17029111500705812,-0.008556368613033907,207.4081039657055
mistral-7b,arc,complex,correct,0.6717527046054601,-0.09021040915530106,-0.17491979293082371,-0.009702619577684762,198.89834917195483
mistral-7b,arc,complex,correct,0.6774924401938914,-0.09315801887154461,-0.18084829212230566,-0.01023304228567273,190.70663272348395
mistral-7b,arc,complex,correct,0.6832321757823228,-0.09599786485974712,-0.18606558879754842,-0.011603897576955364,182.83066476220452
mistral-7b,arc,complex,correct,0.6889719113707542,-0.09871354087236918,-0.19084605885240669,-0.013605159321772876,175.25779490732648
mistral-7b,arc,complex,correct,0.6947116469591855,-0.10128897623471378,-0.19529418638392188,-0.015581532692505715,167.9663944156911
mistral-7b,arc,complex,correct,0.7004513825476169,-0.10370844744644608,-0.19927364179910995,-0.01711423433944844,160.92724381521657
mistral-7b,arc,complex,correct,0.7061911181360483,-0.10595658429810836,-0.20191561643534964,-0.019261945894633585,154.10497382307864
mistral-7b,arc,complex,correct,0.7119308537244795,-0.10801837897773736,-0.20538217646660137,-0.020161815552053035,147.45964414111899
mistral-7b,arc,complex,correct,0.717670589312911,-0.10987920749284635,-0.2083715516173339,-0.020718267550543918,140.94856695983785
mistral-7b,arc,complex,correct,0.7234103249013423,-0.11152487307861818,-0.21112927725715194,-0.021434341524447707,134.52848141194508
mistral-7b,arc,complex,correct,0.7291500604897736,-0.11294168098486038,-0.2149895830987192,-0.021643141603023806,128.1581512443781
mistral-7b,arc,complex,correct,0.734889796078205,-0.11411655300355149,-0.216437728527458,-0.02405012937621578,121.80138048995727
mistral-7b,arc,complex,correct,0.7406295316666364,-0.11503718819211946,-0.21833208569464843,-0.02514817021055937,115.43031699791969
mistral-7b,arc,complex,correct,0.7463692672550677,-0.11569227337097636,-0.22177343355547066,-0.025471865162828653,109.02875209395609
mistral-7b,arc,complex,correct,0.7521090028434991,-0.11607174309824596,-0.2226285737783074,-0.023906408184659965,102.5949598876439
mistral-7b,arc,complex,correct,0.7578487384319305,-0.116167084028258,-0.22237742814714204,-0.02331857339192075,96.14350933356144
mistral-7b,arc,simple,all,0.29880037605762483,-0.042704998414869265,-0.09413565015011971,0.00984242643304585,241.7052144399203
mistral-7b,arc,simple,all,0.3042932577803731,-0.04244292761051243,-0.09326569454257931,0.009053531390147522,248.90726367101104
mistral-7b,arc,simple,all,0.3097861395031214,-0.04214528525916053,-0.09234128747155182,0.0086195071838606,257.00626721366086
mistral-7b,arc,simple,all,0.31527902122586965,-0.04180890521201257,-0.0914256909384472,0.008575612138763747,266.09385944739154
mistral-7b,arc,simple,all,0.32077190294861796,-0.041430892067517905,-0.09045543066592653,0.00850658016826284,276.2572659521668
mistral-7b,arc,simple,all,0.3262647846713662,-0.04100881070175534,-0.08905062318582455,0.00859326089955493,287.5712517798104
mistral-7b,arc,simple,all,0.3317576663941145,-0.040540906607410825,-0.08831628656182657,0.008097597661505718,300.0866698186098
mistral-7b,arc,simple,all,0.3372505481168628,-0.04002634992410464,-0.08700704883482381,0.007861193578327187,313.8151128830862
mistral-7b,arc,simple,all,0.34274342983961104,-0.039465490945378594,-0.08584770560263613,0.008753722489439167,328.7097311892696
mistral-7b,arc,simple,all,0.34823631156235935,-0.038860109487587446,-0.08457591582156236,0.008776365806408415,344.6433862387428
mistral-7b,arc,simple,all,0.3537291932851076,-0.03821363565225212,-0.08322754651996679,0.008992592445393362,361.38709003871975
mistral-7b,arc,simple,all,0.3592220750078559,-0.037531316326087624,-0.08205009999749249,0.008548541207089552,378.5939818616842
mistral-7b,arc,simple,all,0.36471495673060417,-0.03682030145582607,-0.08109347990044014,0.00859387750247404,395.7962592065839
mistral-7b,arc,simple,all,0.3702078384533525,-0.03608962771708092,-0.08098579823504522,0.010061268897896655,412.42316162344184
mistral-7b,arc,simple,all,0.37570072017610073,-0.03535008510388213,-0.08022602574177382,0.010800166985640722,427.8455764521915
mistral-7b,arc,simple,all,0.381193601898849,-0.034613963736117824,-0.07996014248263167,0.011493996809394825,441.44604275684304
mistral-7b,arc,simple,all,0.3866864836215973,-0.033894692319264494,-0.07958908455041092,0.012328397434943725,452.7030593734489
mistral-7b,arc,simple,all,0.3921793653443456,-0.03320639383392154,-0.07880236326028237,0.013174599157081527,461.2698290266451
mistral-7b,arc,simple,all,0.39767224706709386,-0.03256339545697858,-0.07879402205656819,0.014612032575664223,467.0253875238448
mistral-7b,arc,simple,all,0.4031651287898421,-0.03197973604172977,-0.07850292595456178,0.014465452290442802,470.0833822695932
mistral-7b,arc,simple,all,0.40865801051259043,-0.03146871435980529,-0.07805111961400678,0.015900094532289532,470.7578472418242
mistral-7b,arc,simple,all,0.4141508922353387,-0.03104251481332285,-0.07805243994958223,0.016609130707317635,469.499035388716
mistral-7b,arc,simple,all,0.41964377395808694,-0.03071193593476121,-0.07860841064176526,0.017653137878255704,466.8191645935109
mistral-7b,arc,simple,all,0.42513665568083525,-0.030486233113800127,-0.07867214938783683,0.017783440116032178,463.2260967565833
mistral-7b,arc,simple,all,0.43062953740358356,-0.03037307327525493,-0.07893363411379761,0.018472476723912914,459.1756275051318
mistral-7b,arc,simple,all,0.4361224191263318,-0.030378587899655193,-0.0795218836427174,0.018367695224376084,455.04493220564024
mistral-7b,arc,simple,all,0.4416153008490801,-0.0305075031776119,-0.07917231838532002,0.017867441677580705,451.1240184374449
mistral-7b,arc,simple,all,0.4471081825718284,-0.030763322584403997,-0.08030316798685606,0.017892146052557907,447.61959630559863
mistral-7b,arc,simple,all,0.45260106429457664,-0.031148537292939118,-0.08079583841085508,0.01770334544148535,444.6658073516576
mistral-7b,arc,simple,all,0.4580939460173249,-0.03166484264919224,-0.08133829824090857,0.017845299208600646,442.3375171108666
mistral-7b,arc,simple,all,0.4635868277400732,-0.03231334329042194,-0.08192332838423065,0.017857490935357413,440.6634119053483
mistral-7b,arc,simple,all,0.4690797094628215,-0.03309473437321216,-0.08261669209185954,0.017658543157593465,439.63743779549515
mistral-7b,arc,simple,all,0.47457259118556977,-0.03400945103129842,-0.0845916584188632,0.017321481452023193,439.22802217271357
mistral-7b,arc,simple,all,0.480065472908318,-0.035057782136298433,-0.08533626178018627,0.01679398759466199,439.38505861121706
mistral-7b,arc,simple,all,0.48555835463106634,-0.036239947488535,-0.08581060037646825,0.015900128656933517,440.0449113386075
mistral-7b,arc,simple,all,0.49105123635381465,-0.037556139718082075,-0.0870824245350178,0.014816499881580677,441.13380548129055
mistral-7b,arc,simple,all,0.4965441180765629,-0.03900653354696728,-0.08919365437074532,0.0140108344401682,442.5699879819843
mistral-7b,arc,simple,all,0.5020369997993112,-0.0405912658268378,-0.09082753808917689,0.012565492689848036,444.2650204672878
mistral-7b,arc,simple,all,0.5075298815220595,-0.04231039010590789,-0.0922088536974954,0.010549728959163066,446.1245271607067
mistral-7b,arc,simple,all,0.5130227632448077,-0.044163809558629946,-0.09456065356897661,0.009360559639237048,448.0486816332976
mistral-7b,arc,simple,all,0.518515644967556,-0.046151192061862474,-0.09683237598744261,0.008028366837468217,449.9326801697872
mistral-7b,arc,simple,all,0.5240085266903043,-0.04827187111591659,-0.0984991156377878,0.005666733442239839,451.6674158738225
mistral-7b,arc,simple,all,0.5295014084130526,-0.05052473624635679,-0.10111509247385198,0.00302069802308015,453.1405325213643
mistral-7b,arc,simple,all,0.5349942901358009,-0.052908116511457944,-0.10338382588945806,0.0007098902528618734,454.23799561623656
mistral-7b,arc,simple,all,0.5404871718585491,-0.055419660785211024,-0.10657260873976063,-0.002042034265836128,454.84626543707907
mistral-7b,arc,simple,all,0.5459800535812974,-0.058056218572585944,-0.11017965615468472,-0.005241929883264464,454.85509018715805
mistral-7b,arc,simple,all,0.5514729353040457,-0.06081372521499401,-0.11318575775770033,-0.006809894293037098,454.16085698193876
mistral-7b,arc,simple,all,0.5569658170267939,-0.06368709542348429,-0.11623366505477002,-0.009781955245023524,452.6703490747666
mistral-7b,arc,simple,all,0.5624586987495422,-0.0666701290950876,-0.11922168061083924,-0.012698666841363912,450.3046690975177
mistral-7b,arc,simple,all,0.5679515804722906,-0.06975543328403794,-0.12305316849341694,-0.01540868446862531,447.00301406552046
mistral-7b,arc,simple,all,0.5734444621950388,-0.07293436397910996,-0.12693341878326433,-0.018474159042913912,442.7259442903668
mistral-7b,arc,simple,all,0.5789373439177871,-0.07619699095447653,-0.13102435075659666,-0.021637169196352897,437.45778922535095
mistral-7b,arc,simple,all,0.5844302256405354,-0.07953208840021925,-0.13536668006260863,-0.025950301987930857,431.20788659351183
mistral-7b,arc,simple,all,0.5899231073632836,-0.08292715330128216,-0.1396095826609596,-0.028455303290271957,424.0104551284422
mistral-7b,arc,simple,all,0.595415989086032,-0.08636845263876304,-0.1445475537586987,-0.031169737910843542,415.9230429323873
mistral-7b,arc,simple,all,0.6009088708087802,-0.08984109947091887,-0.14807711012484814,-0.03395972025854687,407.02365045647724
mistral-7b,arc,simple,all,0.6064017525315284,-0.09332915686475556,-0.15265170235985442,-0.03769281984606105,397.40677249963636
mistral-7b,arc,simple,all,0.6118946342542768,-0.09681576755626722,-0.15653390473672288,-0.04009259416311987,387.1787124560433
mistral-7b,arc,simple,all,0.617387515977025,-0.10028330618890569,-0.16117802842894652,-0.04240157793880304,376.45257747178056
mistral-7b,arc,simple,all,0.6228803976997733,-0.10371355008649928,-0.16508560004836464,-0.044247180134621374,365.34336012571225
mistral-7b,arc,simple,all,0.6283732794225216,-0.1070878638228788,-0.1694548130574893,-0.04592329509647327,353.96345757543355
mistral-7b,arc,simple,all,0.6338661611452698,-0.11038739240685613,-0.1741306263681382,-0.04888405414096062,342.4188885185788
mistral-7b,arc,simple,all,0.6393590428680181,-0.1135932577403227,-0.1788945383597914,-0.04924681846743938,330.8063615018536
mistral-7b,arc,simple,all,0.6448519245907665,-0.11668675313945019,-0.18358287799511372,-0.05164588157281663,319.2112437798673
mistral-7b,arc,simple,all,0.6503448063135147,-0.11964953112165766,-0.1876785721332906,-0.054665911100820454,307.70639221781704
mistral-7b,arc,simple,all,0.655837688036263,-0.12246378031988793,-0.19141955053779863,-0.05634029556179308,296.3517445780147
mistral-7b,arc,simple,all,0.6613305697590113,-0.12511238823871226,-0.19522602150839666,-0.05858262336783164,285.194532878977
mistral-7b,arc,simple,all,0.6668234514817595,-0.12757908754904285,-0.19905338603739164,-0.059129535168572715,274.26996776885
mistral-7b,arc,simple,all,0.6723163332045079,-0.12984858465851143,-0.20376490989515733,-0.06040383249339246,263.6022487619183
mistral-7b,arc,simple,all,0.6778092149272561,-0.13190667032128822,-0.20648820687542968,-0.0606513905992765,253.20577359991256
mistral-7b,arc,simple,all,0.6833020966500044,-0.1337403129978843,-0.20946313747749487,-0.06071856122177557,243.08644514820082
mistral-7b,arc,simple,all,0.6887949783727527,-0.13533773648543246,-0.21188412576941984,-0.06119794617444205,233.24300143804768
mistral-7b,arc,simple,all,0.6942878600955009,-0.13668848396747402,-0.21465023826580637,-0.06025333763875617,223.66832035194776
mistral-7b,arc,simple,all,0.6997807418182492,-0.13778347104837052,-0.21597231878702386,-0.05976053209509189,214.35067286353063
mistral-7b,arc,simple,all,0.7052736235409975,-0.13861503052367347,-0.21656185516162782,-0.05985742203030319,205.27491646948147
mistral-7b,arc,simple,all,0.7107665052637457,-0.1391769515892567,-0.21941668783418009,-0.05999369258426328,196.42363289453343
mistral-7b,arc,simple,all,0.716259386986494,-0.1394645159152136,-0.22312549130355183,-0.05947030043597513,187.77822107033614
mistral-7b,arc,simple,all,0.7217522687092424,-0.13947453252166472,-0.2253716548157748,-0.059211153080647096,179.31995772436989
mistral-7b,arc,simple,all,0.7272451504319906,-0.13920537271772615,-0.2271188522782644,-0.058233467700201866,171.03103373999232
mistral-7b,arc,simple,all,0.732738032154739,-0.13865700553516344,-0.22666834155648846,-0.05523479145178891,162.8955650614031
mistral-7b,arc,simple,all,0.7382309138774872,-0.13783103314608272,-0.2261946474511725,-0.05255894056193186,154.9005630475415
mistral-7b,arc,simple,errors,0.29939706027507784,-0.03697214018511664,-0.14729303791945414,0.0719773430576859,48.180160588256726
mistral-7b,arc,simple,errors,0.304800918199122,-0.0376230590231348,-0.14547537161429333,0.06847838827034333,50.024259877440066
mistral-7b,arc,simple,errors,0.3102047761231661,-0.038334218640504424,-0.1430427886417679,0.06491530028437022,52.06989779293135
mistral-7b,arc,simple,errors,0.31560863404721023,-0.03910589784237899,-0.14005682914329182,0.06262611603828132,54.330091458753245
mistral-7b,arc,simple,errors,0.32101249197125437,-0.03993724732497297,-0.13890009320353755,0.05932423808646753,56.8141784451576
mistral-7b,arc,simple,errors,0.3264163498952985,-0.040826122151494296,-0.1350243746877608,0.055735873495706086,59.52567435251171
mistral-7b,arc,simple,errors,0.3318202078193426,-0.041768945258113095,-0.13637833016077275,0.05178472347635767,62.45967295700438
mistral-7b,arc,simple,errors,0.33722406574338676,-0.04276061940746299,-0.13503970032292353,0.04790384005826911,65.59994541074757
mistral-7b,arc,simple,errors,0.3426279236674309,-0.04379450507063247,-0.1334859505308184,0.04562342043544884,68.916082928926
mistral-7b,arc,simple,errors,0.348031781591475,-0.04486247962438776,-0.1328051977308398,0.04429207204031226,72.3612575747681
mistral-7b,arc,simple,errors,0.35343563951551915,-0.045955088658563716,-0.1312590200968794,0.041000811725881145,75.87138700674224
mistral-7b,arc,simple,errors,0.3588394974395633,-0.047061793134513294,-0.1328832575216916,0.03726519206509075,79.36656945649374
mistral-7b,arc,simple,errors,0.3642433553636074,-0.048171307147569266,-0.13409276093648356,0.03467336422632305,82.75546475814397
mistral-7b,arc,simple,errors,0.36964721328765154,-0.04927201116632313,-0.1337672825839007,0.03267257670654696,85.9427389732696
mistral-7b,arc,simple,errors,0.3750510712116957,-0.05035241628684463,-0.13432129383890137,0.030822844192944832,88.83881504396211
mistral-7b,arc,simple,errors,0.3804549291357398,-0.05140164782735845,-0.13409147607062413,0.0313350692652185,91.37024842958307
mistral-7b,arc,simple,errors,0.38585878705978394,-0.052409912866526125,-0.1347663929314882,0.031912113143491724,93.48849840739815
mistral-7b,arc,simple,errors,0.39126264498382807,-0.05336891691267285,-0.13826080399771,0.030915502022378156,95.17504882084715
mistral-7b,arc,simple,errors,0.3966665029078722,-0.054272199816379596,-0.14177212510370105,0.033114550727975,96.44177707854817
mistral-7b,arc,simple,errors,0.40207036083191633,-0.05511536952214842,-0.1432456477508717,0.032102377564979453,97.32680393435061
mistral-7b,arc,simple,errors,0.40747421875596046,-0.05589622287511064,-0.14566516668640966,0.032190376897361976,97.88720601168788
mistral-7b,arc,simple,errors,0.4128780766800046,-0.05661475373353736,-0.14608220613240094,0.03319700547694434,98.19050717820285
mistral-7b,arc,simple,errors,0.4182819346040487,-0.057273058452974805,-0.14791928421854636,0.03331987071233455,98.30670964113466
mistral-7b,arc,simple,errors,0.42368579252809285,-0.057875156183324394,-0.14944063662590476,0.03480405441064802,98.30202010284316
mistral-7b,arc,simple,errors,0.429089650452137,-0.05842674573219329,-0.15121082585595544,0.035379089482064086,98.23471387812643
mistral-7b,arc,simple,errors,0.4344935083761811,-0.05893492198133789,-0.15267372959508071,0.03572919608344526,98.15301704156933
mistral-7b,arc,simple,errors,0.43989736630022525,-0.059407873467542026,-0.15477303924429572,0.03587731941006575,98.0945722677274
mistral-7b,arc,simple,errors,0.4453012242242694,-0.059854579510474626,-0.15584247247707828,0.035432827109395625,98.08696260229387
mistral-7b,arc,simple,errors,0.4507050821483135,-0.0602845210245504,-0.15726097614131862,0.03451041851356531,98.14881898237934
mistral-7b,arc,simple,errors,0.45610894007235764,-0.06070741464449292,-0.1576973326208669,0.034318572119910185,98.291152141309
mistral-7b,arc,simple,errors,0.46151279799640177,-0.06113297560124704,-0.1585054764155808,0.033160492212303425,98.5186726841495
mistral-7b,arc,simple,errors,0.4669166559204459,-0.06157071127048559,-0.15808816238300546,0.03257051546346839,98.83096675256434
mistral-7b,arc,simple,errors,0.47232051384449003,-0.06202974464843941,-0.15828137948740914,0.03153926207891857,99.22347032381339
mistral-7b,arc,simple,errors,0.47772437176853416,-0.06251866520429819,-0.1579947678669454,0.030977420525486195,99.68823478797265
mistral-7b,arc,simple,errors,0.4831282296925783,-0.06304540352885961,-0.15870361740631872,0.029613468677210198,100.21450596601078
mistral-7b,arc,simple,errors,0.4885320876166224,-0.06361712580585424,-0.15824462490316113,0.02823972369344211,100.78915443217893
mistral-7b,arc,simple,errors,0.49393594554066655,-0.06424014421933685,-0.15770921262173837,0.027457995200858728,101.39700190151375
mistral-7b,arc,simple,errors,0.4993398034647107,-0.06491983982958477,-0.15738581947186323,0.026532192454900027,102.02108992525169
mistral-7b,arc,simple,errors,0.5047436613887548,-0.06566059507426325,-0.15762283341685634,0.024897746195461264,102.64293513539286
mistral-7b,arc,simple,errors,0.5101475193127989,-0.06646573378054775,-0.15791705779017898,0.023458299183598572,103.2428106318586
mistral-7b,arc,simple,errors,0.5155513772368431,-0.06733746733233849,-0.15797303328304838,0.021712925272613703,103.80008595400054
mistral-7b,arc,simple,errors,0.5209552351608873,-0.06827684637149783,-0.15843684403313785,0.018808689403811158,104.2936482602577
mistral-7b,arc,simple,errors,0.5263590930849313,-0.0692837180872405,-0.15883521373171577,0.01706259430088675,104.702414759308
mistral-7b,arc,simple,errors,0.5317629510089754,-0.07035668973997876,-0.15939386395758978,0.013826152466412226,105.00593139980808
mistral-7b,arc,simple,errors,0.5371668089330196,-0.07149309956017842,-0.1592457238142157,0.011152924413870098,105.18503630270011
mistral-7b,arc,simple,errors,0.5425706668570638,-0.07268899654973801,-0.1609883905486669,0.00797284293211407,105.22255015343826
mistral-7b,arc,simple,errors,0.5479745247811079,-0.0739391309871737,-0.1603945651970898,0.005305146957531541,105.10394216741749
mistral-7b,arc,simple,errors,0.5533783827051519,-0.07523695759486033,-0.15894072100439516,0.002316623716503012,104.81791199142639
mistral-7b,arc,simple,errors,0.5587822406291961,-0.07657465336494616,-0.15826061616120393,-0.0004926261469165515,104.35682737314974
mistral-7b,arc,simple,errors,0.5641860985532403,-0.0779431519602836,-0.15838459473700434,-0.0036077411867196504,103.71696595644498
mistral-7b,arc,simple,errors,0.5695899564772844,-0.0793321964097834,-0.15760043340507224,-0.006139564312536529,102.89852687136366
mistral-7b,arc,simple,errors,0.5749938144013285,-0.0807304115084489,-0.15694848473363887,-0.007597213827297703,101.90540178651888
mistral-7b,arc,simple,errors,0.5803976723253726,-0.08212539691822728,-0.15662843232967347,-0.011270364395348639,100.74472213632822
mistral-7b,arc,simple,errors,0.5858015302494168,-0.08350384145718527,-0.15868645663538689,-0.013811933367575038,99.42622490130314
mistral-7b,arc,simple,errors,0.5912053881734609,-0.08485165847519006,-0.16021277977458712,-0.015462929973039408,97.96149941406638
mistral-7b,arc,simple,errors,0.596609246097505,-0.08615414156155109,-0.1620468665255779,-0.017240927102595734,96.36318917987788
mistral-7b,arc,simple,errors,0.6020131040215492,-0.08739613913461282,-0.16267633874560425,-0.01912357350769158,94.64422439712816
mistral-7b,arc,simple,errors,0.6074169619455934,-0.08856224574893967,-0.16444134159611215,-0.01917370433484746,92.81715332445978
mistral-7b,arc,simple,errors,0.6128208198696374,-0.08963700724914589,-0.1660314784670728,-0.019286560148101036,90.89362586014909
mistral-7b,arc,simple,errors,0.6182246777936815,-0.09060513622956945,-0.16668449295717452,-0.02086902004824607,88.88406339675691
mistral-7b,arc,simple,errors,0.6236285357177257,-0.09145173365639327,-0.16706025623192847,-0.020731983436953882,86.79752795427294
mistral-7b,arc,simple,errors,0.6290323936417699,-0.09216251200460493,-0.1683022946280011,-0.021257998034020623,84.64178311019225
mistral-7b,arc,simple,errors,0.634436251565814,-0.09272401488678565,-0.16979309045965785,-0.01950508731691792,82.42352105455913
mistral-7b,arc,simple,errors,0.639840109489858,-0.09312382793221109,-0.17033631709378924,-0.018685470525168064,80.14871538310562
mistral-7b,arc,simple,errors,0.6452439674139022,-0.09335077563697286,-0.17153690627152954,-0.017730836336428173,77.8230488461889
mistral-7b,arc,simple,errors,0.6506478253379464,-0.09339509906618551,-0.17305249373264509,-0.014327437217698781,75.45235987770721
mistral-7b,arc,simple,errors,0.6560516832619905,-0.09324860965665988,-0.17584877813404656,-0.011663912163867694,73.04305189057123
mistral-7b,arc,simple,errors,0.6614555411860346,-0.09290481494099023,-0.17648918537361186,-0.01067372924126171,70.6024153238407
mistral-7b,arc,simple,errors,0.6668593991100787,-0.09235901277816265,-0.18097252706970224,-0.008910609034068843,68.13882400153514
mistral-7b,arc,simple,errors,0.6722632570341229,-0.09160835160539374,-0.1832942288374099,-0.00858156213215902,65.66178346207111
mistral-7b,arc,simple,errors,0.677667114958167,-0.09065185528278578,-0.18767439562290625,-0.006918965726343866,63.18182761378343
mistral-7b,arc,simple,errors,0.6830709728822111,-0.08949041223810987,-0.1880748745993268,-0.0026846161153282976,60.710278763382995
mistral-7b,arc,simple,errors,0.6884748308062553,-0.08812672977780155,-0.1866652716413799,0.0023471046212568463,58.25890194813476
mistral-7b,arc,simple,errors,0.6938786887302995,-0.08656525555279905,-0.1871645636911955,0.006807112114845188,55.839495203941645
mistral-7b,arc,simple,errors,0.6992825466543435,-0.08481206919587536,-0.1866380241627072,0.010435974376353086,53.46346154056695
mistral-7b,arc,simple,errors,0.7046864045783876,-0.08287474802793607,-0.1873470585887069,0.01618703635458433,51.14140589436132
mistral-7b,arc,simple,errors,0.7100902625024318,-0.08076221142147821,-0.18881883992715054,0.021027238700733603,48.88279235562939
mistral-7b,arc,simple,errors,0.715494120426476,-0.07848454888020934,-0.1907233071720628,0.026995569942960138,46.69568555009081
mistral-7b,arc,simple,errors,0.72089797835052,-0.0760528371299986,-0.19189823507128054,0.03279815817169336,44.58658751962189
mistral-7b,arc,simple,errors,0.7263018362745641,-0.07347895151879034,-0.19328484933164652,0.03905096622716775,42.56036988038937
mistral-7b,arc,simple,errors,0.7317056941986083,-0.07077537680749277,-0.1955144269109363,0.04530947228151881,40.62029190095235
mistral-7b,arc,simple,correct,0.2986698913574219,-0.04406637128659424,-0.09760468938089584,0.013278783475798465,193.73534567551923
mistral-7b,arc,simple,correct,0.3044096269458533,-0.04357998853330619,-0.09590772757921144,0.012613740338733392,199.33620529238078
mistral-7b,arc,simple,correct,0.3101493625342846,-0.04302581559812711,-0.09424961289519009,0.01310099120253242,205.690536786393
mistral-7b,arc,simple,correct,0.315889098122716,-0.04239799303882729,-0.09302753601302394,0.013120430654027071,212.8853881594415
mistral-7b,arc,simple,correct,0.3216288337111473,-0.041691256340982474,-0.09199691837337727,0.012973745271484005,221.00627268197096
mistral-7b,arc,simple,correct,0.3273685692995787,-0.04090132946457567,-0.08979669633454174,0.013309509446463186,230.12989001653807
mistral-7b,arc,simple,correct,0.33310830488801,-0.040025382345774706,-0.08875527789644418,0.013439196508788205,240.3132292587759
mistral-7b,arc,simple,correct,0.3388480404764414,-0.03906253499066574,-0.08749011788496916,0.013633813599529766,251.57827730430185
mistral-7b,arc,simple,correct,0.34458777606487273,-0.03801437825201255,-0.08596260036315867,0.014816879850081914,263.89206753273436
mistral-7b,arc,simple,correct,0.3503275116533041,-0.03688546808061226,-0.0847524550578698,0.015298236517778422,277.1430029150546
mistral-7b,arc,simple,correct,0.35606724724173544,-0.03568373836371,-0.08323768137420962,0.015198152318653464,291.1165169661289
mistral-7b,arc,simple,correct,0.3618069828301668,-0.034420770589041964,-0.08206607711910753,0.01568844402363259,305.47613201275584
mistral-7b,arc,simple,correct,0.3675467184185982,-0.0331118599398929,-0.08106197063364805,0.01724405010453862,319.7590348034966
mistral-7b,arc,simple,correct,0.37328645400702953,-0.03177582974670775,-0.07900489577729647,0.018796558301703244,333.3965196274723
mistral-7b,arc,simple,correct,0.37902618959546086,-0.030434570288346625,-0.07728117259192065,0.019891699891823534,345.7664042472902
mistral-7b,arc,simple,correct,0.38476592518389224,-0.029112311627853313,-0.07602051171189038,0.020149644026918986,356.27512049291164
mistral-7b,arc,simple,correct,0.3905056607723236,-0.027834678177438964,-0.07483038776434295,0.020846071935074956,364.4535802237837
mistral-7b,arc,simple,correct,0.39624539636075495,-0.026627607389732712,-0.07393671565593718,0.02135102252266463,370.03990439711265
mistral-7b,arc,simple,correct,0.4019851319491863,-0.025516238383114693,-0.07282967850059407,0.0217382655357259,373.02194052492666
mistral-7b,arc,simple,correct,0.40772486753761766,-0.024523882550942167,-0.07185998240734676,0.02186761946725171,373.62596724707043
mistral-7b,arc,simple,correct,0.41346460312604905,-0.02367117550984337,-0.07114822924010862,0.022816838037066807,372.25840989877156
mistral-7b,arc,simple,correct,0.4192043387144804,-0.022975481110648316,-0.07071558326489143,0.024489223160326562,369.4230493511004
mistral-7b,arc,simple,correct,0.4249440743029117,-0.02245058043508193,-0.07114147512360179,0.025796399609262395,365.63954829085645
mistral-7b,arc,simple,correct,0.4306838098913431,-0.022106640051298088,-0.07124716188352972,0.02671364105210642,361.381492816678
mistral-7b,arc,simple,correct,0.43642354547977447,-0.021950421684341883,-0.07103762944376293,0.0276721987211082,357.04052584685576
mistral-7b,arc,simple,correct,0.4421632810682058,-0.021985674511978113,-0.07179818955470703,0.02785850878258841,352.9138932601418
mistral-7b,arc,simple,correct,0.4479030166566372,-0.022213642798496077,-0.07275243672925716,0.028266737477636795,349.2083030724948
mistral-7b,arc,simple,correct,0.45364275224506856,-0.02263362394959853,-0.07425311432318016,0.0286565264296178,346.0526201322142
mistral-7b,arc,simple,correct,0.4593824878334999,-0.023243522034730298,-0.07459487727816101,0.02831910424934426,343.5136316224289
mistral-7b,arc,simple,correct,0.4651222234219312,-0.024040355661162444,-0.07525061274150929,0.02802265103877062,341.61130304830823
mistral-7b,arc,simple,correct,0.4708619590103626,-0.025020693581195134,-0.07679822258653538,0.027883683991390767,340.3317558784776
mistral-7b,arc,simple,correct,0.476601694598794,-0.026181004339704245,-0.07845456368858103,0.02758179163204899,339.6374014456969
mistral-7b,arc,simple,correct,0.4823414301872253,-0.02751791645068976,-0.07992165590941067,0.0268663621162187,339.4743355919382
mistral-7b,arc,simple,correct,0.48808116577565663,-0.029028392723541806,-0.08102887215570058,0.02647119197117162,339.7774017076616
mistral-7b,arc,simple,correct,0.493820901364088,-0.030709826714196968,-0.08340456539065692,0.02567525720653715,340.47341979455894
mistral-7b,arc,simple,correct,0.4995606369525194,-0.03256007142033397,-0.08517019152543832,0.023744961318313274,341.48306426646207
mistral-7b,arc,simple,correct,0.5053003725409507,-0.03457741092175981,-0.08815756074974741,0.022625637088067144,342.7218184379637
mistral-7b,arc,simple,correct,0.511040108129382,-0.03676048528348097,-0.09122131013288114,0.022057488942616936,344.1003728280018
mistral-7b,arc,simple,correct,0.5167798437178135,-0.039108178168902295,-0.09379432467542287,0.020524306379432356,345.52478166622063
mistral-7b,arc,simple,correct,0.5225195793062448,-0.04161947559888818,-0.09647493169381374,0.018060191428281264,346.8966500783002
mistral-7b,arc,simple,correct,0.5282593148946761,-0.04429330335921096,-0.09953917297738529,0.01584818742385805,348.1135897750721
mistral-7b,arc,simple,correct,0.5339990504831076,-0.04712834982159369,-0.10320603469472046,0.013858898275884886,349.07014677372695
mistral-7b,arc,simple,correct,0.5397387860715389,-0.05012288044123877,-0.10638547502060171,0.01117655126865652,349.659362441009
mistral-7b,arc,simple,correct,0.5454785216599702,-0.05327454990930037,-0.11021694279372206,0.009279234127385497,349.7750710239083
mistral-7b,arc,simple,correct,0.5512182572484016,-0.05658021781711937,-0.11336479866964891,0.006666398850272326,349.3149572483004
mistral-7b,arc,simple,correct,0.5569579928368329,-0.06003577365165343,-0.11708853537665892,0.003842959067691936,348.1842956651147
mistral-7b,arc,simple,correct,0.5626977284252643,-0.0636359768981587,-0.12004767737618505,0.0010543666226832899,346.3001753285357
mistral-7b,arc,simple,correct,0.5684374640136957,-0.06737431788507854,-0.12539350033572336,-0.002386809740508238,343.5958934730859
mistral-7b,arc,simple,correct,0.574177199602127,-0.0712429046832639,-0.1294911336772921,-0.005717973300731786,340.0251019035615
mistral-7b,arc,simple,correct,0.5799169351905584,-0.07523238079964212,-0.13404964715321976,-0.007452350022160689,335.5652352330835
mistral-7b,arc,simple,correct,0.5856566707789898,-0.07933187754138178,-0.13971020570198533,-0.00980546262513618,330.21976327651646
mistral-7b,arc,simple,correct,0.5913964063674211,-0.08352900375877656,-0.1460982338852461,-0.013058966464108597,324.0189021967309
mistral-7b,arc,simple,correct,0.5971361419558525,-0.08780987422736201,-0.1514168447137344,-0.015826588764800698,317.01858431938325
mistral-7b,arc,simple,correct,0.6028758775442837,-0.09215917626263445,-0.15697871803355345,-0.019296278989261225,309.2976995452831
mistral-7b,arc,simple,correct,0.6086156131327152,-0.09656027236823064,-0.16330225197221007,-0.022706304956397343,300.95384211850035
mistral-7b,arc,simple,correct,0.6143553487211465,-0.10099533492100123,-0.1688614624578523,-0.02733479616575495,292.09798108466595
mistral-7b,arc,simple,correct,0.6200950843095778,-0.1054455072298813,-0.1741557913909609,-0.030660493865055254,282.84858533589465
mistral-7b,arc,simple,correct,0.6258348198980093,-0.10989108390714405,-0.17929554127577155,-0.03328527136908006,273.3257571216234
mistral-7b,arc,simple,correct,0.6315745554864406,-0.11431170248480212,-0.18495580955076585,-0.03525199959035135,263.64586555148753
mistral-7b,arc,simple,correct,0.6373142910748719,-0.11868653769300944,-0.18987149237753498,-0.03846591809130844,253.91704645751003
mistral-7b,arc,simple,correct,0.6430540266633034,-0.12299448985162259,-0.1951577753919639,-0.041909472772392715,244.23577930730286
mistral-7b,arc,simple,correct,0.6487937622517346,-0.12721435942764878,-0.20020819789109,-0.04573080971494999,234.68459793833645
mistral-7b,arc,simple,correct,0.654533497840166,-0.13132500095371066,-0.20660284060163195,-0.04926035170658674,225.33086439453547
mistral-7b,arc,simple,correct,0.6602732334285973,-0.1353054511204799,-0.21239934858975815,-0.052468199320931545,216.22644762208859
mistral-7b,arc,simple,correct,0.6660129690170287,-0.13913502785382365,-0.2176486020545947,-0.05484766604065714,207.4081039657055
mistral-7b,arc,simple,correct,0.6717527046054601,-0.1427933994506896,-0.22327933941753633,-0.0571861761132946,198.89834917195483
mistral-7b,arc,simple,correct,0.6774924401938914,-0.14626062525422073,-0.22866530195141158,-0.06021371764338119,190.70663272348395
mistral-7b,arc,simple,correct,0.6832321757823228,-0.14951717177749985,-0.2336098326236657,-0.06212003880854024,182.83066476220452
mistral-7b,arc,simple,correct,0.6889719113707542,-0.1525439105230231,-0.23829303440674246,-0.06535784310208885,175.25779490732648
mistral-7b,arc,simple,correct,0.6947116469591855,-0.15532210588645598,-0.2425686161495729,-0.06730796520115215,167.9663944156911
mistral-7b,arc,simple,correct,0.7004513825476169,-0.1578334033785041,-0.24744258555739287,-0.06728433904208199,160.92724381521657
mistral-7b,arc,simple,correct,0.7061911181360483,-0.1600598298464059,-0.2517295951177343,-0.06752480395353444,154.10497382307864
mistral-7b,arc,simple,correct,0.7119308537244795,-0.1619838183149179,-0.2529676470869378,-0.06688572645733339,147.45964414111899
mistral-7b,arc,simple,correct,0.717670589312911,-0.16358827036600385,-0.2547537390267789,-0.06663225744592756,140.94856695983785
mistral-7b,arc,simple,correct,0.7234103249013423,-0.1648566684852259,-0.25648430451036053,-0.06588069157550007,134.52848141194508
mistral-7b,arc,simple,correct,0.7291500604897736,-0.16577324935168344,-0.2588158044123754,-0.06591834470834397,128.1581512443781
mistral-7b,arc,simple,correct,0.734889796078205,-0.1663232464650743,-0.26176747170193715,-0.06580353730924755,121.80138048995727
mistral-7b,arc,simple,correct,0.7406295316666364,-0.16649320664245235,-0.2640419126035425,-0.06335821149654203,115.43031699791969
mistral-7b,arc,simple,correct,0.7463692672550677,-0.16627137970316666,-0.2649259959046965,-0.060124990967228314,109.02875209395609
mistral-7b,arc,simple,correct,0.7521090028434991,-0.16564817414458471,-0.2664854056467314,-0.05791032082207758,102.5949598876439
mistral-7b,arc,simple,correct,0.7578487384319305,-0.16461666403254396,-0.2655679986917391,-0.056348806189154985,96.14350933356144
mistral-7b,gsm8k,complex,all,0.299953248500824,0.009365893761673629,-0.027529685797441184,0.049692795983388036,615.0312522210971
mistral-7b,gsm8k,complex,all,0.3063189548105002,0.009476055554932866,-0.02736506707324801,0.0497203056915111,626.0389007006914
mistral-7b,gsm8k,complex,all,0.31268466112017634,0.009608071132248337,-0.027167839769431608,0.04975238705205438,639.4424659862839
mistral-7b,gsm8k,complex,all,0.3190503674298525,0.009765673420180093,-0.026924893752549948,0.0497895785328922,655.7394312373773
mistral-7b,gsm8k,complex,all,0.3254160737395287,0.009952950519170771,-0.02663547062648207,0.049832374885839685,675.509927425561
mistral-7b,gsm8k,complex,all,0.3317817800492049,0.01017425108882718,-0.026294184805259323,0.04987369208761916,699.4128093686146
mistral-7b,gsm8k,complex,all,0.33814748635888103,0.010434023572240318,-0.025894611147993733,0.0499549654835467,728.1640244595632
mistral-7b,gsm8k,complex,all,0.3445131926685572,0.0107365749924676,-0.025430679237528835,0.04996879740248404,762.482222977313
mistral-7b,gsm8k,complex,all,0.3508788989782334,0.011085741075530155,-0.024993814812768873,0.05002370037673722,802.9783903649633
mistral-7b,gsm8k,complex,all,0.3572446052879096,0.011484471706179554,-0.024121246220458217,0.049811423689825156,849.9582815394695
mistral-7b,gsm8k,complex,all,0.3636103115975857,0.011934355031236443,-0.023106478790568468,0.049766014680215284,903.1065892555148
mistral-7b,gsm8k,complex,all,0.36997601790726187,0.012435128501354609,-0.022042212060637955,0.05017180670016536,961.048709711204
mistral-7b,gsm8k,complex,all,0.37634172421693807,0.012984250897354119,-0.02111119440010542,0.04948870441883949,1020.869221542453
mistral-7b,gsm8k,complex,all,0.38270743052661427,0.013576627198191202,-0.019762021371777183,0.050271307402193426,1077.8229268751263
mistral-7b,gsm8k,complex,all,0.3890731368362904,0.01420457724537823,-0.01950746372744705,0.05015279871528207,1125.6392669906681
mistral-7b,gsm8k,complex,all,0.39543884314596656,0.014858111184485667,-0.018929744648601976,0.05002516486243389,1157.7722208061398
mistral-7b,gsm8k,complex,all,0.40180454945564276,0.015525519518833365,-0.018100226947802996,0.05053611098852709,1169.4327646723293
mistral-7b,gsm8k,complex,all,0.40817025576531896,0.016194215280415904,-0.01746698741983027,0.05113023450102258,1159.444271262304
mistral-7b,gsm8k,complex,all,0.4145359620749951,0.016851702340015845,-0.016802880196383593,0.0512418840839678,1130.720285297396
mistral-7b,gsm8k,complex,all,0.42090166838467125,0.01748651048897394,-0.016112866632219523,0.05244006016140263,1089.0357319139046
mistral-7b,gsm8k,complex,all,0.42726737469434745,0.018088947631310692,-0.015525407057056205,0.05269474255660428,1040.968346782843
mistral-7b,gsm8k,complex,all,0.43363308100402365,0.01865156807721257,-0.015404892298674257,0.05284041522418483,992.2017513837955
mistral-7b,gsm8k,complex,all,0.4399987873136998,0.01916932459856755,-0.015251898714754556,0.05347379973324044,946.7533572361216
mistral-7b,gsm8k,complex,all,0.44636449362337594,0.019639436823285603,-0.015007174723256288,0.053763879817262945,906.9842622427773
mistral-7b,gsm8k,complex,all,0.45273019993305214,0.020061051951596534,-0.014884149427501556,0.0546945273219645,873.9888982097249
mistral-7b,gsm8k,complex,all,0.45909590624272834,0.020434789569837682,-0.01472772052459969,0.05528555058942344,848.0483657765698
mistral-7b,gsm8k,complex,all,0.4654616125524045,0.02076225493226299,-0.014600536586454375,0.055776136392168586,828.9993715376795
mistral-7b,gsm8k,complex,all,0.4718273188620806,0.021045584260457315,-0.014644989319498493,0.05618695366084174,816.4864662332816
mistral-7b,gsm8k,complex,all,0.4781930251717568,0.021287061210366037,-0.014487575041627676,0.056140806770825065,810.1156621090128
mistral-7b,gsm8k,complex,all,0.484558731481433,0.021488822461442614,-0.013668810158575464,0.056470686892447816,809.5388282872398
mistral-7b,gsm8k,complex,all,0.49092443779110917,0.02165265545992295,-0.013135100694009718,0.05628737420172326,814.493809816638
mistral-7b,gsm8k,complex,all,0.4972901441007853,0.02177988290100116,-0.012728167908439697,0.056003394087469606,824.8171190788755
mistral-7b,gsm8k,complex,all,0.5036558504104616,0.021871325175859352,-0.012887986222380571,0.0560455238425699,840.438795653872
mistral-7b,gsm8k,complex,all,0.5100215567201377,0.021927331814289148,-0.012367171826775769,0.056132208372114425,861.3635713383666
mistral-7b,gsm8k,complex,all,0.5163872630298139,0.021947874083115253,-0.011859253481741041,0.0558733823333713,887.6385902459464
mistral-7b,gsm8k,complex,all,0.52275296933949,0.021932691870736036,-0.011571358534276096,0.05561475693647429,919.3052992568839
mistral-7b,gsm8k,complex,all,0.5291186756491661,0.021881487743899777,-0.010999683576175206,0.054880316445075926,956.3317747327169
mistral-7b,gsm8k,complex,all,0.5354843819588424,0.021794158999058386,-0.010675717976953433,0.054515658256879325,998.5223020380555
mistral-7b,gsm8k,complex,all,0.5418500882685185,0.02167105453802398,-0.010940831849825007,0.054603469465152744,1045.404755323167
mistral-7b,gsm8k,complex,all,0.5482157945781947,0.021513237945305456,-0.010576495056843462,0.05414680007154882,1096.1049157571515
mistral-7b,gsm8k,complex,all,0.554581500887871,0.021322732343795312,-0.010700930451603313,0.05357696728347351,1149.2313039755322
mistral-7b,gsm8k,complex,all,0.560947207197547,0.021102718155066254,-0.011076154209478483,0.05292339223645122,1202.8123101137448
mistral-7b,gsm8k,complex,all,0.5673129135072232,0.020857653796761744,-0.011036483037315132,0.05244904292584749,1254.3411337652783
mistral-7b,gsm8k,complex,all,0.5736786198168995,0.020593293380354386,-0.010946954243978967,0.052018779090265935,1300.9781083311414
mistral-7b,gsm8k,complex,all,0.5800443261265755,0.020316585439013945,-0.011579925814524406,0.05182639064030018,1339.9193203729037
mistral-7b,gsm8k,complex,all,0.5864100324362518,0.020035451839819054,-0.012141816837861513,0.05247567017607301,1368.8669946451712
mistral-7b,gsm8k,complex,all,0.5927757387459279,0.019758463751780145,-0.012203318205037722,0.052132326611391167,1386.46452244755
mistral-7b,gsm8k,complex,all,0.5991414450556041,0.01949444798610564,-0.012702332313725561,0.05193557987573366,1392.5408101438695
mistral-7b,gsm8k,complex,all,0.6055071513652803,0.019252068165992283,-0.012789973526303356,0.05156742105180337,1388.074070098986
mistral-7b,gsm8k,complex,all,0.6118728576749564,0.019039428195060618,-0.013097369431778158,0.052064635017835426,1374.902310360289
mistral-7b,gsm8k,complex,all,0.6182385639846326,0.018863739769437424,-0.012972626418904211,0.052427315062902505,1355.3031051310843
mistral-7b,gsm8k,complex,all,0.6246042702943089,0.018731083003837787,-0.01317541040033518,0.05290794287283349,1331.5865117945823
mistral-7b,gsm8k,complex,all,0.6309699766039849,0.01864627306854574,-0.013274627144308597,0.05343680408451266,1305.7989639399718
mistral-7b,gsm8k,complex,all,0.6373356829136612,0.01861282992790796,-0.01350132852210373,0.05391063322369387,1279.5675899293904
mistral-7b,gsm8k,complex,all,0.6437013892233373,0.018633035911410425,-0.014323721925166302,0.054372357120526814,1254.0633598373404
mistral-7b,gsm8k,complex,all,0.6500670955330135,0.01870805853393918,-0.014021451652005227,0.05410597513063778,1230.0406653251036
mistral-7b,gsm8k,complex,all,0.6564328018426897,0.018838113776971227,-0.014494851997223942,0.05378402054426217,1207.9129529671582
mistral-7b,gsm8k,complex,all,0.6627985081523657,0.019022646904566516,-0.01495996593459997,0.054328749042371664,1187.8359955039336
mistral-7b,gsm8k,complex,all,0.669164214462042,0.01926051227595039,-0.015109473943178965,0.05482053088933039,1169.7830490086808
mistral-7b,gsm8k,complex,all,0.6755299207717183,0.01955013902140577,-0.015304875323944691,0.05526784982769513,1153.6055202287475
mistral-7b,gsm8k,complex,all,0.6818956270813943,0.01988967471532775,-0.015050677574942196,0.05562933982754705,1139.0783423124822
mistral-7b,gsm8k,complex,all,0.6882613333910705,0.020277103613579414,-0.014578611284976405,0.056375149206107644,1125.9319395867813
mistral-7b,gsm8k,complex,all,0.6946270397007467,0.020710339337210105,-0.01494283887816303,0.057246589069358436,1113.8735724923058
mistral-7b,gsm8k,complex,all,0.7009927460104228,0.02118729408948202,-0.015120196258780345,0.05778903795649806,1102.6008526336952
mistral-7b,gsm8k,complex,all,0.7073584523200991,0.0217059277616321,-0.014554527876968823,0.05817605897054342,1091.80983947465
mistral-7b,gsm8k,complex,all,0.7137241586297751,0.02226428085157093,-0.014027839554748744,0.05883752080769522,1081.1996582980207
mistral-7b,gsm8k,complex,all,0.7200898649394514,0.0228604952220589,-0.013430604041801528,0.059096023549450725,1070.4751405822249
mistral-7b,gsm8k,complex,all,0.7264555712491276,0.023492826556233776,-0.012711519012245164,0.05954406119011927,1059.3486238343569
mistral-7b,gsm8k,complex,all,0.7328212775588037,0.024159652074765114,-0.01183890793084863,0.06017193410692688,1047.541757169848
mistral-7b,gsm8k,complex,all,0.7391869838684799,0.0248594767590534,-0.011162610931774375,0.060595447717916286,1034.787923041468
mistral-7b,gsm8k,complex,all,0.7455526901781561,0.025590941038177096,-0.011155901462820927,0.0612417433780081,1020.8356811686959
mistral-7b,gsm8k,complex,all,0.7519183964878322,0.026352832673633843,-0.010145194200192742,0.06169208692980754,1005.453446365402
mistral-7b,gsm8k,complex,all,0.7582841027975085,0.027144105424595368,-0.009229346067716976,0.0622465357078151,988.4354119243247
mistral-7b,gsm8k,complex,all,0.7646498091071845,0.02796390699303588,-0.00815072673309431,0.06314222086706214,969.6085177879637
mistral-7b,gsm8k,complex,all,0.7710155154168608,0.02881161871968297,-0.008117646164912534,0.06371857744089074,948.8400427379848
mistral-7b,gsm8k,complex,all,0.777381221726537,0.029686909509871455,-0.007184260041782055,0.06449724493879787,926.0451899665168
mistral-7b,gsm8k,complex,all,0.783746928036213,0.03058980649098987,-0.006278920457631122,0.06523185514086018,901.1938652041221
mistral-7b,gsm8k,complex,all,0.7901126343458893,0.03152078491550579,-0.00579129185426731,0.0662715912825645,874.3157529316629
mistral-7b,gsm8k,complex,all,0.7964783406555654,0.032480879797896746,-0.005290639792079593,0.06735356342383246,845.5028148067785
mistral-7b,gsm8k,complex,all,0.8028440469652416,0.03347182167917817,-0.005271889889275147,0.06886377347224791,814.9084886002561
mistral-7b,gsm8k,complex,all,0.8092097532749178,0.03449619871354771,-0.004466331703685785,0.07028118089583453,782.7431554843581
mistral-7b,gsm8k,complex,errors,0.2999545407295227,0.010355347003833275,-0.03301050897947508,0.05449156456950567,418.91937304293504
mistral-7b,gsm8k,complex,errors,0.30625579524040225,0.01036759827925207,-0.03271336074236715,0.05431358896562424,425.6339441793302
mistral-7b,gsm8k,complex,errors,0.31255704975128173,0.010382735050296127,-0.03225678861173986,0.0540675084419249,433.78861890143094
mistral-7b,gsm8k,complex,errors,0.3188583042621613,0.010401444346680368,-0.03196171395961311,0.054081060260427534,443.677447528181
mistral-7b,gsm8k,complex,errors,0.32515955877304076,0.010424555324219091,-0.03146403875337788,0.05397168123139412,455.6426494516131
mistral-7b,gsm8k,complex,errors,0.3314608132839203,0.010453056842674061,-0.03089047661705759,0.05366387200328632,470.07279730531525
mistral-7b,gsm8k,complex,errors,0.3377620677947998,0.010488111086644639,-0.030278645846345514,0.052795777058309026,487.39156950822627
mistral-7b,gsm8k,complex,errors,0.3440633223056793,0.010531059647187008,-0.02934149794428639,0.05250953904038213,508.0291163289962
mistral-7b,gsm8k,complex,errors,0.35036457681655886,0.010583417605783935,-0.028591610886651596,0.052171837075279254,532.363654170595
mistral-7b,gsm8k,complex,errors,0.35666583132743834,0.010646850724970354,-0.028360296829479298,0.05151956203327182,560.6161269785177
mistral-7b,gsm8k,complex,errors,0.3629670858383179,0.010723131329557383,-0.02744683542707483,0.0507826203399241,592.6791457203987
mistral-7b,gsm8k,complex,errors,0.3692683403491974,0.010814070385315523,-0.02636783825018546,0.05033209614075062,627.871683308159
mistral-7b,gsm8k,complex,errors,0.3755695948600769,0.0109214270082551,-0.024705535117828886,0.05024124901062987,664.6486905702355
mistral-7b,gsm8k,complex,errors,0.38187084937095644,0.01104680203504182,-0.023833221924627387,0.04920007993603301,700.3745179281733
mistral-7b,gsm8k,complex,errors,0.38817210388183593,0.01119152840883796,-0.023809991717285605,0.04937691390166032,731.3734454640951
mistral-7b,gsm8k,complex,errors,0.39447335839271547,0.011356576150767635,-0.023853702405312267,0.04923652437708944,753.5013214336806
mistral-7b,gsm8k,complex,errors,0.40077461290359495,0.011542491295589168,-0.02329469665642349,0.050047081896517374,763.2764843647371
mistral-7b,gsm8k,complex,errors,0.4070758674144745,0.011749384580003177,-0.023243635483820434,0.05057852619815229,759.1499776547303
mistral-7b,gsm8k,complex,errors,0.41337712192535403,0.011976976750525984,-0.02383344814320319,0.050335814915437635,742.1647476342808
mistral-7b,gsm8k,complex,errors,0.4196783764362335,0.012224695223010954,-0.02406407986237251,0.05126107456655882,715.5420676175215
mistral-7b,gsm8k,complex,errors,0.42597963094711305,0.012491805270514952,-0.02432310329934383,0.05199850592377397,683.4880435989013
mistral-7b,gsm8k,complex,errors,0.4322808854579926,0.01277755176337312,-0.025255437264619717,0.05277962157182582,649.9680647715718
mistral-7b,gsm8k,complex,errors,0.4385821399688721,0.013081286794197846,-0.02597002599009779,0.05276786074562421,617.9871499682265
mistral-7b,gsm8k,complex,errors,0.44488339447975156,0.013402563751282475,-0.026319852580424744,0.054451199139648146,589.4348762063596
mistral-7b,gsm8k,complex,errors,0.4511846489906311,0.013741186983136934,-0.026092145833240134,0.05528148654831007,565.2724343781329
mistral-7b,gsm8k,complex,errors,0.45748590350151064,0.014097214969953276,-0.026229999407215047,0.05584849972281094,545.8265186059172
mistral-7b,gsm8k,complex,errors,0.4637871580123901,0.014470921526174227,-0.026481431418608755,0.05633166872018428,531.0549157616546
mistral-7b,gsm8k,complex,errors,0.47008841252326966,0.01486272307212959,-0.026295319538554775,0.0570351849217458,520.7390908513107
mistral-7b,gsm8k,complex,errors,0.4763896670341492,0.015273080770434443,-0.026237554573425567,0.05767341185315959,514.606440461837
mistral-7b,gsm8k,complex,errors,0.4826909215450287,0.01570238535514354,-0.02591689004258877,0.05791219357671501,512.4001309092595
mistral-7b,gsm8k,complex,errors,0.4889921760559082,0.016150830935464235,-0.02563612159542274,0.058119648543963336,513.9143954602262
mistral-7b,gsm8k,complex,errors,0.49529343056678776,0.016618282839992254,-0.02537297467531948,0.058284426382494606,519.0083457838432
mistral-7b,gsm8k,complex,errors,0.5015946850776672,0.017104144232501724,-0.024981143241521626,0.058418705710356345,527.6062813306932
mistral-7b,gsm8k,complex,errors,0.5078959395885467,0.017607226989377642,-0.024454850255081602,0.05854425369370345,539.6884665103262
mistral-7b,gsm8k,complex,errors,0.5141971940994263,0.01812563411822637,-0.024068177944439106,0.05865680799390999,555.273447657607
mistral-7b,gsm8k,complex,errors,0.5204984486103058,0.018656663517012697,-0.023315084320527472,0.0587689674674075,574.390977703656
mistral-7b,gsm8k,complex,errors,0.5267997031211853,0.01919674559326526,-0.02251414110243428,0.05883177142755599,597.0434190494602
mistral-7b,gsm8k,complex,errors,0.5331009576320649,0.01974142941995296,-0.021315276306147466,0.058918217829140675,623.1533407201741
mistral-7b,gsm8k,complex,errors,0.5394022121429444,0.020285432734661882,-0.01997136388874735,0.0593868129166229,652.4965624850995
mistral-7b,gsm8k,complex,errors,0.5457034666538239,0.020822769151090444,-0.018223616589383172,0.05995434318385919,684.6241138136589
mistral-7b,gsm8k,complex,errors,0.5520047211647034,0.021346960581123488,-0.01675894161916189,0.060204082410757837,718.7843261122725
mistral-7b,gsm8k,complex,errors,0.5583059756755828,0.021851333740440747,-0.016470475784616162,0.05984300601399718,753.867107292172
mistral-7b,gsm8k,complex,errors,0.5646072301864624,0.022329387348979095,-0.01621352348576376,0.06013877846361073,788.4027434252621
mistral-7b,gsm8k,complex,errors,0.570908484697342,0.022775203043657745,-0.01520925195023117,0.05934689495293128,820.6493169787706
mistral-7b,gsm8k,complex,errors,0.5772097392082214,0.0231838609699524,-0.01437987074489103,0.059603867897384394,848.785952881112
mistral-7b,gsm8k,complex,errors,0.583510993719101,0.023551813848322216,-0.013935083771122292,0.06062628984738405,871.189914966335
mistral-7b,gsm8k,complex,errors,0.5898122482299805,0.023877173790190397,-0.013937006442543485,0.06086851362984489,886.7274610879336
mistral-7b,gsm8k,complex,errors,0.59611350274086,0.024159875357787478,-0.014263015725709191,0.06100564821225324,894.9616554671506
mistral-7b,gsm8k,complex,errors,0.6024147572517395,0.024401695052220562,-0.01480139531704817,0.060860163107150964,896.2014280803828
mistral-7b,gsm8k,complex,errors,0.608716011762619,0.02460612809065591,-0.014643875560052071,0.060666609406962176,891.3800065440174
mistral-7b,gsm8k,complex,errors,0.6150172662734985,0.024778143326659115,-0.014738335976086704,0.06044658091767648,881.8188511478214
mistral-7b,gsm8k,complex,errors,0.6213185207843781,0.024923852129088122,-0.014901860346869902,0.06054821097020835,868.9650730930848
mistral-7b,gsm8k,complex,errors,0.6276197752952576,0.025050134274462305,-0.014731366332080805,0.061138830124375,854.1762298129429
mistral-7b,gsm8k,complex,errors,0.6339210298061371,0.025164263017344563,-0.014653267947614217,0.06125093050875843,838.5872848896431
mistral-7b,gsm8k,complex,errors,0.6402222843170167,0.02527356410776802,-0.014670567973882925,0.06077398679010353,823.0577621417243
mistral-7b,gsm8k,complex,errors,0.6465235388278961,0.025385132413314644,-0.014644459804626739,0.06244677770819119,808.177061721035
mistral-7b,gsm8k,complex,errors,0.6528247933387756,0.025505617902282833,-0.014176798065717039,0.06290807577871561,794.3020957039424
mistral-7b,gsm8k,complex,errors,0.6591260478496552,0.02564108233415893,-0.01366810289692822,0.06239991454778279,781.6067080500661
mistral-7b,gsm8k,complex,errors,0.6654273023605346,0.02579692036729122,-0.0132160532374474,0.06306942468624951,770.1301006343826
mistral-7b,gsm8k,complex,errors,0.6717285568714142,0.025977834257848706,-0.013107882342850869,0.06328296345173641,759.8180591533669
mistral-7b,gsm8k,complex,errors,0.6780298113822938,0.026187849533660375,-0.012612258893702743,0.06402191813876827,750.5550977013032
mistral-7b,gsm8k,complex,errors,0.6843310658931732,0.026430359279255577,-0.012286949846393037,0.06462864924718557,742.1879768674266
mistral-7b,gsm8k,complex,errors,0.6906323204040528,0.02670818619326061,-0.011481243285797057,0.06533687198860527,734.542041423362
mistral-7b,gsm8k,complex,errors,0.6969335749149322,0.027023653710045645,-0.01187808230260898,0.06601761829339678,727.4320546644469
mistral-7b,gsm8k,complex,errors,0.7032348294258117,0.027378659727356883,-0.011338345999237602,0.0666588622850562,720.6690771576715
mistral-7b,gsm8k,complex,errors,0.7095360839366913,0.027774748547737826,-0.010435388326259093,0.06694444885166419,714.0646789698983
mistral-7b,gsm8k,complex,errors,0.7158373384475708,0.028213178372125332,-0.009473978570662117,0.06654168006724023,707.4335012130147
mistral-7b,gsm8k,complex,errors,0.7221385929584503,0.028694983033593295,-0.008513717446236585,0.06669749761617236,700.5949414994994
mistral-7b,gsm8k,complex,errors,0.7284398474693299,0.02922102764664817,-0.008027708831072657,0.06821542297104205,693.3745396133976
mistral-7b,gsm8k,complex,errors,0.7347411019802094,0.029792058523364105,-0.007513533741425937,0.06903688037016498,685.6054790514389
mistral-7b,gsm8k,complex,errors,0.7410423564910888,0.030408748132531853,-0.006099245316361275,0.07009349781402115,677.1304859069729
mistral-7b,gsm8k,complex,errors,0.7473436110019684,0.03107173610945637,-0.005048985467439095,0.07034108794357993,667.804287212247
mistral-7b,gsm8k,complex,errors,0.7536448655128479,0.031781667410390915,-0.004145271171109722,0.0710841461162445,657.4966770551172
mistral-7b,gsm8k,complex,errors,0.7599461200237274,0.03253922868376684,-0.00388428031597284,0.07153669854359607,646.0961253564554
mistral-7b,gsm8k,complex,errors,0.766247374534607,0.033345183826327715,-0.002964654073154954,0.07256671037274878,633.5137511404292
mistral-7b,gsm8k,complex,errors,0.7725486290454865,0.03420040952245578,-0.0014891916119829111,0.0734710560203972,619.6873751840683
mistral-7b,gsm8k,complex,errors,0.778849883556366,0.03510593133831019,-0.001279254779729121,0.074291518063801,604.5852771995696
mistral-7b,gsm8k,complex,errors,0.7851511380672456,0.03606296066216909,-0.0003579281860522322,0.07490003719443537,588.2092250213569
mistral-7b,gsm8k,complex,errors,0.7914523925781249,0.037072932447972835,0.0006984728460978355,0.07728108733531443,570.5963331012755
mistral-7b,gsm8k,complex,errors,0.7977536470890045,0.038137543327372236,0.0006053677460680263,0.07977738624134463,551.819356744322
mistral-7b,gsm8k,complex,errors,0.8040549015998841,0.03925878920214514,0.0011007387794320855,0.08136486178752007,531.9851404591503
mistral-7b,gsm8k,complex,correct,0.29995308339595794,0.007225563946356151,-0.06149143912180269,0.07616690600550899,196.13442865648676
mistral-7b,gsm8k,complex,correct,0.3063715297952294,0.007555510041285609,-0.06065788153519306,0.07541677064569416,200.4004987740108
mistral-7b,gsm8k,complex,correct,0.31278997619450094,0.007948800695026998,-0.059414847936718224,0.07472165665970879,205.6110661424348
mistral-7b,gsm8k,complex,correct,0.3192084225937724,0.008415195629278222,-0.058169802792015196,0.07466724392254491,211.96653761138376
mistral-7b,gsm8k,complex,correct,0.3256268689930439,0.008964905056197143,-0.056562539581428976,0.0731387153152602,219.7012213277541
mistral-7b,gsm8k,complex,correct,0.3320453153923154,0.009608126854456656,-0.05456744669022865,0.07268304730749031,229.08113745270947
mistral-7b,gsm8k,complex,correct,0.3384637617915869,0.01035437575786697,-0.05275788917436836,0.07217873655690292,240.39353145575825
mistral-7b,gsm8k,complex,correct,0.34488220819085835,0.011211590065938679,-0.05090156297696805,0.07204507395828448,253.92102619703329
mistral-7b,gsm8k,complex,correct,0.3513006545901298,0.012185036390642752,-0.047888772154462356,0.07189971651355911,269.8897803613083
mistral-7b,gsm8k,complex,correct,0.35771910098940135,0.013276085821171124,-0.04547613811295478,0.07121052602910069,288.3782994794174
mistral-7b,gsm8k,complex,correct,0.3641375473886728,0.014481000542967023,-0.04226409329208071,0.07055871082641982,309.17645266646474
mistral-7b,gsm8k,complex,correct,0.3705559937879443,0.015789933799396094,-0.0388261179618445,0.07090381015262791,331.6025701882719
mistral-7b,gsm8k,complex,correct,0.3769744401872158,0.017186383888953934,-0.03581198513332129,0.07105876524224707,354.3321998502001
mistral-7b,gsm8k,complex,correct,0.3833928865864873,0.01864732665080267,-0.03311640184294778,0.07162053987048432,375.36168094415075
mistral-7b,gsm8k,complex,correct,0.38981133298575876,0.020144161678054225,-0.02936942807318637,0.06977809275772891,392.26939023916225
mistral-7b,gsm8k,complex,correct,0.39622977938503023,0.021644450816513852,-0.026680432089171344,0.07038294281636608,402.8392447446054
mistral-7b,gsm8k,complex,correct,0.40264822578430176,0.02311424136270482,-0.026119349832073424,0.07089949726236651,405.83550003398153
mistral-7b,gsm8k,complex,correct,0.40906667218357323,0.024520612323090527,-0.02519672926629273,0.07261762798855166,401.4786537795807
mistral-7b,gsm8k,complex,correct,0.4154851185828447,0.025834018943634084,-0.024805884656500746,0.07378085242402524,391.30023112980547
mistral-7b,gsm8k,complex,correct,0.42190356498211623,0.02703006440036314,-0.023974519177902054,0.07493549332349296,377.50332445141896
mistral-7b,gsm8k,complex,correct,0.4283220113813877,0.028090476774057658,-0.022462141047594163,0.07646401770069235,362.25878285623145
mistral-7b,gsm8k,complex,correct,0.4347404577806592,0.02900325730183472,-0.02228767225113891,0.07958149542104172,347.2678335143468
mistral-7b,gsm8k,complex,correct,0.44115890417993064,0.029762129268560266,-0.022456584100049876,0.08050788557481672,333.64362745093035
mistral-7b,gsm8k,complex,correct,0.44757735057920217,0.030365514252520712,-0.02333557487060662,0.08130275993259686,321.99339349245304
mistral-7b,gsm8k,complex,correct,0.45399579697847364,0.030815285118331467,-0.02476516071896181,0.08192774340792044,312.5691005960463
mistral-7b,gsm8k,complex,correct,0.46041424337774517,0.031115510695535514,-0.024796903557266575,0.08333352656095373,305.40879882070016
mistral-7b,gsm8k,complex,correct,0.46683268977701664,0.03127134384953887,-0.024581500218157977,0.08327292347043548,300.4413898351035
mistral-7b,gsm8k,complex,correct,0.4732511361762881,0.03128813812891496,-0.024317859600688652,0.08284301450749071,297.5545513836366
mistral-7b,gsm8k,complex,correct,0.4796695825755596,0.031170824163884458,-0.024515974778718176,0.08295337146479165,296.63462338885415
mistral-7b,gsm8k,complex,correct,0.48608802897483105,0.03092354125145801,-0.024590888577780228,0.08278594701655032,297.5877297262277
mistral-7b,gsm8k,complex,correct,0.4925064753741026,0.030549500842942872,-0.02473113443125241,0.08233620262700456,300.34908303800586
mistral-7b,gsm8k,complex,correct,0.49892492177337405,0.030051052291411806,-0.024304753125316124,0.08160738414122638,304.8848341545732
mistral-7b,gsm8k,complex,correct,0.5053433681726456,0.029429921813059267,-0.023781417426584333,0.08028772686004133,311.1887427106843
mistral-7b,gsm8k,complex,correct,0.511761814571917,0.028687598431500937,-0.023207977179931328,0.07878080440578966,319.274418640666
mistral-7b,gsm8k,complex,correct,0.5181802609711885,0.02782584215298114,-0.022847095527693824,0.07695921791497581,329.1627969072508
mistral-7b,gsm8k,complex,correct,0.52459870737046,0.026847287449240233,-0.022619467761397543,0.0751578370035125,340.86378852786845
mistral-7b,gsm8k,complex,correct,0.5310171537697315,0.025756108203559874,-0.02364767981171836,0.07335239063923361,354.3507764988491
mistral-7b,gsm8k,complex,correct,0.537435600169003,0.02455869878991342,-0.02347709209818216,0.07149974402948149,369.5270812070289
mistral-7b,gsm8k,complex,correct,0.5438540465682745,0.023264311559742085,-0.024248654442059623,0.06896486083093643,386.1852117109306
mistral-7b,gsm8k,complex,correct,0.550272492967546,0.021885576982731834,-0.024449625313794077,0.06640834682401303,403.9632321694784
mistral-7b,gsm8k,complex,correct,0.5566909393668175,0.020438823791167404,-0.02418709874204983,0.06367105000176991,422.30809908909845
mistral-7b,gsm8k,complex,correct,0.5631093857660889,0.018944118246418163,-0.02558761759821118,0.06080735733677,440.46223200708135
mistral-7b,gsm8k,complex,correct,0.5695278321653604,0.017424958923990555,-0.027274950990485183,0.05926637116469549,457.4933520828267
mistral-7b,gsm8k,complex,correct,0.5759462785646319,0.01590759831764022,-0.029639898205384926,0.05735721310212804,472.3830043545624
mistral-7b,gsm8k,complex,correct,0.5823647249639035,0.01442001252499971,-0.030615884396817058,0.05514997333678127,484.17149784830394
mistral-7b,gsm8k,complex,correct,0.5887831713631748,0.01299059717719944,-0.03204956624652131,0.05344331816646011,492.12915659269487
mistral-7b,gsm8k,complex,correct,0.5952016177624464,0.011646719107642667,-0.033436202997185686,0.05301298098299117,495.9003183364466
mistral-7b,gsm8k,complex,correct,0.6016200641617179,0.010413285524070788,-0.032895597452202274,0.05281810337342997,495.56660737894725
mistral-7b,gsm8k,complex,correct,0.6080385105609893,0.009311495795973217,-0.03522726214736107,0.05223776677266211,491.60611691436355
mistral-7b,gsm8k,complex,correct,0.6144569569602609,0.008357913089628497,-0.03633858548778019,0.05135074396250831,484.7687620565794
mistral-7b,gsm8k,complex,correct,0.6208754033595323,0.0075639404727820625,-0.038038161910708135,0.05085866493189096,475.9177587835678
mistral-7b,gsm8k,complex,correct,0.6272938497588039,0.006935721911094105,-0.03915071456732238,0.05024693383455154,465.8880451868783
mistral-7b,gsm8k,complex,correct,0.6337122961580752,0.006474427962073762,-0.039642881484968945,0.0505869334695542,455.39154446040476
mistral-7b,gsm8k,complex,correct,0.6401307425573468,0.00617684121557669,-0.040926419999818754,0.05118933714700507,444.97416862482737
mistral-7b,gsm8k,complex,correct,0.6465491889566183,0.006036133831340473,-0.04194013779410912,0.0505544898847548,435.01315842826625
mistral-7b,gsm8k,complex,correct,0.6529676353558898,0.006042728502976043,-0.042557889939307585,0.051249024401397884,425.7382666628837
mistral-7b,gsm8k,complex,correct,0.6593860817551613,0.006185149619561984,-0.043078813420061,0.05246465740083599,417.26258247493547
mistral-7b,gsm8k,complex,correct,0.6658045281544327,0.006450795990901812,-0.043401637099743366,0.05284459880746543,409.6137133525709
mistral-7b,gsm8k,complex,correct,0.6722229745537043,0.0068265933268432675,-0.04249125175192751,0.05310420992374961,402.7606077669928
mistral-7b,gsm8k,complex,correct,0.6786414209529757,0.007299508681396882,-0.04323670882109904,0.05439568450083458,396.63444064451716
mistral-7b,gsm8k,complex,correct,0.6850598673522472,0.007856927581009868,-0.04340806188854843,0.056109580255929936,391.1437270580463
mistral-7b,gsm8k,complex,correct,0.6914783137515187,0.008486906845925367,-0.04388071344260579,0.057895823107430876,386.18459082005444
mistral-7b,gsm8k,complex,correct,0.6978967601507902,0.009178322809553278,-0.04316456900163747,0.05924283969109354,381.6473105129244
mistral-7b,gsm8k,complex,correct,0.7043152065500617,0.009920937022301353,-0.04261702981499304,0.0605706388379967,377.4201912242361
mistral-7b,gsm8k,complex,correct,0.7107336529493331,0.010705401011559503,-0.042562753269978146,0.06237264223538428,373.3916390302737
mistral-7b,gsm8k,complex,correct,0.7171520993486047,0.011523219509829144,-0.042147341291118995,0.06318770816310994,369.45113373832856
mistral-7b,gsm8k,complex,correct,0.7235705457478762,0.012366688712754348,-0.04121391652924427,0.06533883973025441,365.48963872478197
mistral-7b,gsm8k,complex,correct,0.7299889921471476,0.013228823231799173,-0.040653278182878186,0.06683108572993314,361.39986291973867
mistral-7b,gsm8k,complex,correct,0.7364074385464191,0.014103282842329059,-0.03974468577625591,0.06746757070103432,357.07669426088216
mistral-7b,gsm8k,complex,correct,0.7428258849456906,0.014984308079905995,-0.03886444716262951,0.06916982390214563,352.418046124632
mistral-7b,gsm8k,complex,correct,0.7492443313449622,0.01586667225650146,-0.03806771494410236,0.07000742736824175,347.3262867087859
mistral-7b,gsm8k,complex,correct,0.7556627777442335,0.01674565652434651,-0.03792852786224637,0.0709450103422477,341.71034520480674
mistral-7b,gsm8k,complex,correct,0.7620812241435051,0.017617054134574088,-0.038111632749110495,0.07184169085789634,335.4884996123242
mistral-7b,gsm8k,complex,correct,0.7684996705427766,0.01847720992603084,-0.0382422954698107,0.07324328915861299,328.59174569221335
mistral-7b,gsm8k,complex,correct,0.774918116942048,0.019323101233752058,-0.03829650968583695,0.07457375775366203,320.96752824022684
mistral-7b,gsm8k,complex,correct,0.7813365633413195,0.020152466720916352,-0.037742920976297036,0.07563156937270063,312.583496581319
mistral-7b,gsm8k,complex,correct,0.787755009740591,0.020963990004962695,-0.03674109131302208,0.07744117749643632,303.4308464518569
mistral-7b,gsm8k,complex,correct,0.7941734561398626,0.02175754525637861,-0.0370858940869303,0.07854599921394244,293.5267563602838
mistral-7b,gsm8k,complex,correct,0.800591902539134,0.02253451207841387,-0.03758307384213708,0.07998415030985163,282.9154434509763
mistral-7b,gsm8k,complex,correct,0.8070103489384055,0.02329816679673726,-0.0375609478608642,0.08135108723653285,271.66746759905755
mistral-7b,gsm8k,complex,correct,0.813428795337677,0.024054156652119206,-0.03716951546231613,0.08362315549484074,259.87710046208565
mistral-7b,gsm8k,simple,all,0.299953248500824,0.0005960922613248578,-0.031178718445310706,0.03538340645408854,615.0312522210971
mistral-7b,gsm8k,simple,all,0.3063189548105002,0.0007213399584286964,-0.030952966689880224,0.035379508199154905,626.0389007006914
mistral-7b,gsm8k,simple,all,0.31268466112017634,0.0008714348400410926,-0.030604790713318016,0.03537014237371946,639.4424659862839
mistral-7b,gsm8k,simple,all,0.3190503674298525,0.0010505469826873734,-0.030291565821117337,0.035180747550353,655.7394312373773
mistral-7b,gsm8k,simple,all,0.3254160737395287,0.0012632152685111938,-0.029623617635860407,0.034781834693344546,675.509927425561
mistral-7b,gsm8k,simple,all,0.3317817800492049,0.001514229548247866,-0.02898412278496437,0.0344769509609064,699.4128093686146
mistral-7b,gsm8k,simple,all,0.33814748635888103,0.0018084363860560002,-0.028413140802984765,0.034231175735852874,728.1640244595632
mistral-7b,gsm8k,simple,all,0.3445131926685572,0.0021504529678395045,-0.02766794642393452,0.034179428972682245,762.482222977313
mistral-7b,gsm8k,simple,all,0.3508788989782334,0.0025442811715970797,-0.026992073393718778,0.0342395631830869,802.9783903649633
mistral-7b,gsm8k,simple,all,0.3572446052879096,0.002992828360193711,-0.025736411151380457,0.03392488484377074,849.9582815394695
mistral-7b,gsm8k,simple,all,0.3636103115975857,0.0034973639465636997,-0.025119475366564174,0.03399915717535923,903.1065892555148
mistral-7b,gsm8k,simple,all,0.36997601790726187,0.004056969371544455,-0.024039920593655104,0.0335688380648461,961.048709711204
mistral-7b,gsm8k,simple,all,0.37634172421693807,0.004668067972472155,-0.022645391223112425,0.03380407733589547,1020.869221542453
mistral-7b,gsm8k,simple,all,0.38270743052661427,0.005324140161110029,-0.021930913306697,0.03450952061529769,1077.8229268751263
mistral-7b,gsm8k,simple,all,0.3890731368362904,0.006015726141862796,-0.02057707795720989,0.03528203644790272,1125.6392669906681
mistral-7b,gsm8k,simple,all,0.39543884314596656,0.006730783985237317,-0.019055910916891225,0.03592154536516055,1157.7722208061398
mistral-7b,gsm8k,simple,all,0.40180454945564276,0.007455405907693365,-0.018207671190038553,0.03644534829580497,1169.4327646723293
mistral-7b,gsm8k,simple,all,0.40817025576531896,0.008174814663126924,-0.017455741235264836,0.037310228497081356,1159.444271262304
mistral-7b,gsm8k,simple,all,0.4145359620749951,0.008874490709010405,-0.01697370820498372,0.03749932095039666,1130.720285297396
mistral-7b,gsm8k,simple,all,0.42090166838467125,0.009541245633381525,-0.016394217995697312,0.03804674388139189,1089.0357319139046
mistral-7b,gsm8k,simple,all,0.42726737469434745,0.010164072150293166,-0.016575108090604605,0.03858653765424409,1040.968346782843
mistral-7b,gsm8k,simple,all,0.43363308100402365,0.01073465980341543,-0.016746714406959615,0.03896660991250687,992.2017513837955
mistral-7b,gsm8k,simple,all,0.4399987873136998,0.011247545746648572,-0.016599041781677808,0.03941214473393414,946.7533572361216
mistral-7b,gsm8k,simple,all,0.44636449362337594,0.011699944116281603,-0.016131890158097753,0.040236702889459026,906.9842622427773
mistral-7b,gsm8k,simple,all,0.45273019993305214,0.012091345641404867,-0.0157584576917346,0.04096980412014447,873.9888982097249
mistral-7b,gsm8k,simple,all,0.45909590624272834,0.012422995007698922,-0.015405060983088564,0.04132076589236704,848.0483657765698
mistral-7b,gsm8k,simple,all,0.4654616125524045,0.012697342845041959,-0.015325712107340244,0.04167233196470969,828.9993715376795
mistral-7b,gsm8k,simple,all,0.4718273188620806,0.012917543661262939,-0.01535812064655004,0.04172924371367795,816.4864662332816
mistral-7b,gsm8k,simple,all,0.4781930251717568,0.01308704194853739,-0.015295613966876656,0.04181267079430682,810.1156621090128
mistral-7b,gsm8k,simple,all,0.484558731481433,0.013209263685781781,-0.015149545136438423,0.0419752850563511,809.5388282872398
mistral-7b,gsm8k,simple,all,0.49092443779110917,0.013287412857527412,-0.014735155917189956,0.042194637749942844,814.493809816638
mistral-7b,gsm8k,simple,all,0.4972901441007853,0.013324362460934948,-0.01433260748362024,0.04235718227299255,824.8171190788755
mistral-7b,gsm8k,simple,all,0.5036558504104616,0.013322625103776157,-0.01398225392999521,0.04239035305717635,840.438795653872
mistral-7b,gsm8k,simple,all,0.5100215567201377,0.013284387535401074,-0.013880348000863315,0.042434414210686736,861.3635713383666
mistral-7b,gsm8k,simple,all,0.5163872630298139,0.013211594349383054,-0.013892545878495212,0.04232116684553877,887.6385902459464
mistral-7b,gsm8k,simple,all,0.52275296933949,0.013106067219904658,-0.014106037877082537,0.04223416894665131,919.3052992568839
mistral-7b,gsm8k,simple,all,0.5291186756491661,0.01296964652918036,-0.014255837823185588,0.04183314738885112,956.3317747327169
mistral-7b,gsm8k,simple,all,0.5354843819588424,0.012804341793820142,-0.014176451148627643,0.041363871976844754,998.5223020380555
mistral-7b,gsm8k,simple,all,0.5418500882685185,0.012612476072648156,-0.014272673517348747,0.04134399774747154,1045.404755323167
mistral-7b,gsm8k,simple,all,0.5482157945781947,0.012396808133367894,-0.014381944679328634,0.041311487945655666,1096.1049157571515
mistral-7b,gsm8k,simple,all,0.554581500887871,0.012160615497772411,-0.014421806511972578,0.04103610471078328,1149.2313039755322
mistral-7b,gsm8k,simple,all,0.560947207197547,0.0119077226459538,-0.014442200339891697,0.04106567369816019,1202.8123101137448
mistral-7b,gsm8k,simple,all,0.5673129135072232,0.011642462548766138,-0.015198780145298012,0.040811043034128754,1254.3411337652783
mistral-7b,gsm8k,simple,all,0.5736786198168995,0.01136956667621858,-0.015011750114024811,0.04070209436746068,1300.9781083311414
mistral-7b,gsm8k,simple,all,0.5800443261265755,0.011093988166313587,-0.015565331506750697,0.03972878473092225,1339.9193203729037
mistral-7b,gsm8k,simple,all,0.5864100324362518,0.0108206733905234,-0.01623224490701368,0.039613829774600366,1368.8669946451712
mistral-7b,gsm8k,simple,all,0.5927757387459279,0.010554306422608874,-0.016673647706696645,0.039546408514338584,1386.46452244755
mistral-7b,gsm8k,simple,all,0.5991414450556041,0.010299056507274152,-0.017095446132958637,0.039431961886581296,1392.5408101438695
mistral-7b,gsm8k,simple,all,0.6055071513652803,0.010058358865658814,-0.017301512601269723,0.038729282697928163,1388.074070098986
mistral-7b,gsm8k,simple,all,0.6118728576749564,0.00983475379216381,-0.01741967387496635,0.03825149344902349,1374.902310360289
mistral-7b,gsm8k,simple,all,0.6182385639846326,0.009629799277939414,-0.017413967895195955,0.03865837585605958,1355.3031051310843
mistral-7b,gsm8k,simple,all,0.6246042702943089,0.009444060752568392,-0.018125952307565692,0.038612856892977845,1331.5865117945823
mistral-7b,gsm8k,simple,all,0.6309699766039849,0.009277170668435577,-0.018627672024600236,0.03844408735081955,1305.7989639399718
mistral-7b,gsm8k,simple,all,0.6373356829136612,0.009127942696739446,-0.01917921744923507,0.0385862540217582,1279.5675899293904
mistral-7b,gsm8k,simple,all,0.6437013892233373,0.008994521300963267,-0.019963581215559068,0.03855492493331163,1254.0633598373404
mistral-7b,gsm8k,simple,all,0.6500670955330135,0.008874547292731494,-0.020664403734999764,0.03895187135318516,1230.0406653251036
mistral-7b,gsm8k,simple,all,0.6564328018426897,0.008765322717041842,-0.02095104212417932,0.039331127897995796,1207.9129529671582
mistral-7b,gsm8k,simple,all,0.6627985081523657,0.00866396277060943,-0.021429815464179325,0.03951525339345933,1187.8359955039336
mistral-7b,gsm8k,simple,all,0.669164214462042,0.008567527217392675,-0.02185681693113321,0.03975750942848562,1169.7830490086808
mistral-7b,gsm8k,simple,all,0.6755299207717183,0.008473128050155068,-0.022136969634511214,0.03992500165353287,1153.6055202287475
mistral-7b,gsm8k,simple,all,0.6818956270813943,0.008378013480709443,-0.022128686798815855,0.0401912061365332,1139.0783423124822
mistral-7b,gsm8k,simple,all,0.6882613333910705,0.00827963059541036,-0.022503257604787243,0.04024572841763888,1125.9319395867813
mistral-7b,gsm8k,simple,all,0.6946270397007467,0.008175670289494903,-0.022657540430865417,0.040454884877658345,1113.8735724923058
mistral-7b,gsm8k,simple,all,0.7009927460104228,0.008064098612375989,-0.022634865664800757,0.04060987750572513,1102.6008526336952
mistral-7b,gsm8k,simple,all,0.7073584523200991,0.007943178661073035,-0.022583032822124396,0.040779646219269244,1091.80983947465
mistral-7b,gsm8k,simple,all,0.7137241586297751,0.007811486869230385,-0.023030972866437096,0.04093243943794069,1081.1996582980207
mistral-7b,gsm8k,simple,all,0.7200898649394514,0.007667927123491552,-0.02333656061334233,0.041228315915403935,1070.4751405822249
mistral-7b,gsm8k,simple,all,0.7264555712491276,0.007511745713257489,-0.023787632884601152,0.04126175644459937,1059.3486238343569
mistral-7b,gsm8k,simple,all,0.7328212775588037,0.007342549754341712,-0.024546646825689362,0.04151786601666548,1047.541757169848
mistral-7b,gsm8k,simple,all,0.7391869838684799,0.0071603314575517125,-0.025226106069707495,0.04160344944245278,1034.787923041468
mistral-7b,gsm8k,simple,all,0.7455526901781561,0.006965500451970168,-0.024669560984669877,0.04171940498554729,1020.8356811686959
mistral-7b,gsm8k,simple,all,0.7519183964878322,0.006758926317064099,-0.025267840739998066,0.041803997693533025,1005.453446365402
mistral-7b,gsm8k,simple,all,0.7582841027975085,0.006541993516468571,-0.026040215157770927,0.041947014674861054,988.4354119243247
mistral-7b,gsm8k,simple,all,0.7646498091071845,0.006316671043315161,-0.0273219503431897,0.041957802640253394,969.6085177879637
mistral-7b,gsm8k,simple,all,0.7710155154168608,0.006085599263345128,-0.02833180358242688,0.0417353797550823,948.8400427379848
mistral-7b,gsm8k,simple,all,0.777381221726537,0.005852196656390595,-0.02953777507621591,0.04140627754602133,926.0451899665168
mistral-7b,gsm8k,simple,all,0.783746928036213,0.00562078938477615,-0.030255880484166605,0.041602639962623436,901.1938652041221
mistral-7b,gsm8k,simple,all,0.7901126343458893,0.005396766830185472,-0.030541094772473458,0.04159794700965807,874.3157529316629
mistral-7b,gsm8k,simple,all,0.7964783406555654,0.005186766403750291,-0.030656816471974085,0.041274242148779096,845.5028148067785
mistral-7b,gsm8k,simple,all,0.8028440469652416,0.004998891004093,-0.031046146611883447,0.04131853344305363,814.9084886002561
mistral-7b,gsm8k,simple,all,0.8092097532749178,0.004842962419652566,-0.03130953659962076,0.04213790907162434,782.7431554843581
mistral-7b,gsm8k,simple,errors,0.2999545407295227,-0.0076557469562038025,-0.05038324668366296,0.032101313224299995,418.91937304293504
mistral-7b,gsm8k,simple,errors,0.30625579524040225,-0.007638537042910517,-0.05023999534428789,0.03197924861634484,425.6339441793302
mistral-7b,gsm8k,simple,errors,0.31255704975128173,-0.007617414403133797,-0.05011888104239536,0.03183329389580872,433.78861890143094
mistral-7b,gsm8k,simple,errors,0.3188583042621613,-0.0075915799272149,-0.049685706358458946,0.0316594242320828,443.677447528181
mistral-7b,gsm8k,simple,errors,0.32515955877304076,-0.007560108749017765,-0.04916052932825072,0.031721250884004265,455.6426494516131
mistral-7b,gsm8k,simple,errors,0.3314608132839203,-0.007521948467541469,-0.04876771786102768,0.031195795311616828,470.07279730531525
mistral-7b,gsm8k,simple,errors,0.3377620677947998,-0.007475926812078643,-0.04780932718639385,0.0308999178976041,487.39156950822627
mistral-7b,gsm8k,simple,errors,0.3440633223056793,-0.00742077280574158,-0.046976933527414486,0.0305686409644729,508.0291163289962
mistral-7b,gsm8k,simple,errors,0.35036457681655886,-0.0073551556291680965,-0.0466827281234204,0.03017636872467692,532.363654170595
mistral-7b,gsm8k,simple,errors,0.35666583132743834,-0.007277744641776105,-0.046803086992750466,0.030326160362451452,560.6161269785177
mistral-7b,gsm8k,simple,errors,0.3629670858383179,-0.0071872919139979825,-0.04536714893060735,0.029796489778264528,592.6791457203987
mistral-7b,gsm8k,simple,errors,0.3692683403491974,-0.0070827348273781185,-0.044691965095051696,0.028535924796347235,627.871683308159
mistral-7b,gsm8k,simple,errors,0.3755695948600769,-0.006963310901050067,-0.043983900735075056,0.02805707609303109,664.6486905702355
mistral-7b,gsm8k,simple,errors,0.38187084937095644,-0.006828670837617646,-0.04350894954555015,0.028181163393633864,700.3745179281733
mistral-7b,gsm8k,simple,errors,0.38817210388183593,-0.006678970582125935,-0.042468208589285954,0.02759914783784666,731.3734454640951
mistral-7b,gsm8k,simple,errors,0.39447335839271547,-0.006514921309342113,-0.04155845978798024,0.02804583025949099,753.5013214336806
mistral-7b,gsm8k,simple,errors,0.40077461290359495,-0.0063377798088578305,-0.04071382428400941,0.027987549003546188,763.2764843647371
mistral-7b,gsm8k,simple,errors,0.4070758674144745,-0.006149271352044352,-0.03968507213938681,0.02844559731922782,759.1499776547303
mistral-7b,gsm8k,simple,errors,0.41337712192535403,-0.00595145099504806,-0.03936286296578104,0.029092879882323796,742.1647476342808
mistral-7b,gsm8k,simple,errors,0.4196783764362335,-0.00574652332124432,-0.039285221858896935,0.02927984387108794,715.5420676175215
mistral-7b,gsm8k,simple,errors,0.42597963094711305,-0.005536650062361711,-0.038913115170325675,0.030406645089011135,683.4880435989013
mistral-7b,gsm8k,simple,errors,0.4322808854579926,-0.0053237766008084305,-0.03953618247154133,0.03203294877649159,649.9680647715718
mistral-7b,gsm8k,simple,errors,0.4385821399688721,-0.005109501901807506,-0.03948603520122393,0.03352397584322968,617.9871499682265
mistral-7b,gsm8k,simple,errors,0.44488339447975156,-0.004895004828913187,-0.040188109605330036,0.03475942970775535,589.4348762063596
mistral-7b,gsm8k,simple,errors,0.4511846489906311,-0.004681027339576907,-0.04077228355607425,0.03460562694697055,565.2724343781329
mistral-7b,gsm8k,simple,errors,0.45748590350151064,-0.004467905401940505,-0.04058653208992044,0.03458008708475147,545.8265186059172
mistral-7b,gsm8k,simple,errors,0.4637871580123901,-0.004255633407498506,-0.04057979677948761,0.03564064921699412,531.0549157616546
mistral-7b,gsm8k,simple,errors,0.47008841252326966,-0.004043947208201622,-0.04034149642067593,0.03610412007422848,520.7390908513107
mistral-7b,gsm8k,simple,errors,0.4763896670341492,-0.003832413296365013,-0.04042127403138772,0.03618017966858161,514.606440461837
mistral-7b,gsm8k,simple,errors,0.4826909215450287,-0.0036205153852373055,-0.04062588349426829,0.03595623801452686,512.4001309092595
mistral-7b,gsm8k,simple,errors,0.4889921760559082,-0.0034077333817314685,-0.040318748654847504,0.03615352959636202,513.9143954602262
mistral-7b,gsm8k,simple,errors,0.49529343056678776,-0.0031936126779596617,-0.04037059572193306,0.03608349469161066,519.0083457838432
mistral-7b,gsm8k,simple,errors,0.5015946850776672,-0.002977823539069799,-0.04005029353742727,0.035949313391088734,527.6062813306932
mistral-7b,gsm8k,simple,errors,0.5078959395885467,-0.00276021117830297,-0.03967826022080605,0.03606063952041362,539.6884665103262
mistral-7b,gsm8k,simple,errors,0.5141971940994263,-0.002540837096624357,-0.039157454156398694,0.035626170337291506,555.273447657607
mistral-7b,gsm8k,simple,errors,0.5204984486103058,-0.0023200116874320907,-0.03889999310941153,0.03542999945973396,574.390977703656
mistral-7b,gsm8k,simple,errors,0.5267997031211853,-0.0020983172349156995,-0.0385380091024535,0.03524931031778444,597.0434190494602
mistral-7b,gsm8k,simple,errors,0.5331009576320649,-0.001876619532131901,-0.03812626359824185,0.034981311946840725,623.1533407201741
mistral-7b,gsm8k,simple,errors,0.5394022121429444,-0.0016560656781555764,-0.03685318341597992,0.034552740530400354,652.4965624850995
mistral-7b,gsm8k,simple,errors,0.5457034666538239,-0.001438065446112942,-0.03557155419617422,0.034849071469034945,684.6241138136589
mistral-7b,gsm8k,simple,errors,0.5520047211647034,-0.0012242541739689444,-0.035325503375240104,0.03478898384135475,718.7843261122725
mistral-7b,gsm8k,simple,errors,0.5583059756755828,-0.0010164365478650295,-0.03489764705985696,0.03455490057332688,753.867107292172
mistral-7b,gsm8k,simple,errors,0.5646072301864624,-0.0008165128744404578,-0.033254975257511,0.03383001306951844,788.4027434252621
mistral-7b,gsm8k,simple,errors,0.570908484697342,-0.0006263921800502153,-0.03247439306287623,0.034436556535747016,820.6493169787706
mistral-7b,gsm8k,simple,errors,0.5772097392082214,-0.0004478991890753783,-0.03255550555120288,0.034553892060064796,848.785952881112
mistral-7b,gsm8k,simple,errors,0.583510993719101,-0.0002826842259891248,-0.031307949020612486,0.03444391425136876,871.189914966335
mistral-7b,gsm8k,simple,errors,0.5898122482299805,-0.00013214570333785688,-0.03187780132227397,0.03510323411711186,886.7274610879336
mistral-7b,gsm8k,simple,errors,0.59611350274086,2.6262752948077286e-06,-0.031492740807552336,0.03489533607529025,894.9616554671506
mistral-7b,gsm8k,simple,errors,0.6024147572517395,0.00012087947159718266,-0.030837126587885472,0.03514248406976027,896.2014280803828
mistral-7b,gsm8k,simple,errors,0.608716011762619,0.00022220041408960452,-0.031478862464428575,0.03549455678910815,891.3800065440174
mistral-7b,gsm8k,simple,errors,0.6150172662734985,0.0003064889676065298,-0.03161599984204903,0.036574194573752425,881.8188511478214
mistral-7b,gsm8k,simple,errors,0.6213185207843781,0.000373912336352611,-0.031910977248269246,0.03720035130569115,868.9650730930848
mistral-7b,gsm8k,simple,errors,0.6276197752952576,0.0004248463507572765,-0.0326550124971988,0.03741069227255412,854.1762298129429
mistral-7b,gsm8k,simple,errors,0.6339210298061371,0.00045981237580064433,-0.032133890034464534,0.03742558205677994,838.5872848896431
mistral-7b,gsm8k,simple,errors,0.6402222843170167,0.0004794172569459639,-0.03279829669322375,0.03767237429082756,823.0577621417243
mistral-7b,gsm8k,simple,errors,0.6465235388278961,0.00048430186462199897,-0.03280046394832527,0.037377887111316434,808.177061721035
mistral-7b,gsm8k,simple,errors,0.6528247933387756,0.00047510157516042473,-0.03352379062967067,0.03784293190550097,794.3020957039424
mistral-7b,gsm8k,simple,errors,0.6591260478496552,0.00045241992229426203,-0.034127139823292456,0.038531335783924994,781.6067080500661
mistral-7b,gsm8k,simple,errors,0.6654273023605346,0.00041681498348720877,-0.0344428296274056,0.038763032831695965,770.1301006343826
mistral-7b,gsm8k,simple,errors,0.6717285568714142,0.00036879695746719544,-0.034871211436984906,0.038797832125778156,759.8180591533669
mistral-7b,gsm8k,simple,errors,0.6780298113822938,0.00030883482406421017,-0.03522037001388676,0.03880006339182624,750.5550977013032
mistral-7b,gsm8k,simple,errors,0.6843310658931732,0.00023736984849019905,-0.035599702038384626,0.03880611624979872,742.1879768674266
mistral-7b,gsm8k,simple,errors,0.6906323204040528,0.00015483386203558256,-0.03613780425854766,0.03942610886326799,734.542041423362
mistral-7b,gsm8k,simple,errors,0.6969335749149322,6.167058985735665e-05,-0.0365371045339839,0.039905739251433245,727.4320546644469
mistral-7b,gsm8k,simple,errors,0.7032348294258117,-4.164129829472146e-05,-0.03692471650390931,0.039784208159717095,720.6690771576715
mistral-7b,gsm8k,simple,errors,0.7095360839366913,-0.00015456433642807558,-0.03746203914788436,0.03991574557127659,714.0646789698983
mistral-7b,gsm8k,simple,errors,0.7158373384475708,-0.000276478172700064,-0.03815315657812296,0.040258621989305646,707.4335012130147
mistral-7b,gsm8k,simple,errors,0.7221385929584503,-0.0004066555066675266,-0.03847865414355071,0.03993442032487229,700.5949414994994
mistral-7b,gsm8k,simple,errors,0.7284398474693299,-0.0005442380841519813,-0.039280860667853815,0.039934219414228415,693.3745396133976
mistral-7b,gsm8k,simple,errors,0.7347411019802094,-0.0006882126055471215,-0.03997761041631476,0.03992377627849404,685.6054790514389
mistral-7b,gsm8k,simple,errors,0.7410423564910888,-0.0008373862791037989,-0.04081236786886367,0.03989996066467565,677.1304859069729
mistral-7b,gsm8k,simple,errors,0.7473436110019684,-0.0009903616680939033,-0.04240947454654252,0.03984824049745346,667.804287212247
mistral-7b,gsm8k,simple,errors,0.7536448655128479,-0.001145510432007144,-0.04340967025176988,0.03979923031604549,657.4966770551172
mistral-7b,gsm8k,simple,errors,0.7599461200237274,-0.0013009455413354992,-0.043747499384943406,0.03985852993077033,646.0961253564554
mistral-7b,gsm8k,simple,errors,0.766247374534607,-0.0014544915496257215,-0.044435902886286675,0.04000244762548928,633.5137511404292
mistral-7b,gsm8k,simple,errors,0.7725486290454865,-0.001603652534210216,-0.04513069057688097,0.04033353263638238,619.6873751840683
mistral-7b,gsm8k,simple,errors,0.778849883556366,-0.0017455773694241385,-0.046253126086280946,0.04020408632401415,604.5852771995696
mistral-7b,gsm8k,simple,errors,0.7851511380672456,-0.001877022076281647,-0.04735993200248514,0.03997676828233441,588.2092250213569
mistral-7b,gsm8k,simple,errors,0.7914523925781249,-0.0019943091055687795,-0.04814865937359725,0.04029595358709485,570.5963331012755
mistral-7b,gsm8k,simple,errors,0.7977536470890045,-0.0020932835640894228,-0.04849405237652572,0.04033479190969025,551.819356744322
mistral-7b,gsm8k,simple,errors,0.8040549015998841,-0.002169266595340023,-0.04843287067954454,0.040651360984289966,531.9851404591503
mistral-7b,gsm8k,simple,correct,0.29995308339595794,0.01844598413891847,-0.04500108467309176,0.07301408787261106,196.13442865648676
mistral-7b,gsm8k,simple,correct,0.3063715297952294,0.018757283269033854,-0.04396012002057197,0.07275105490900691,200.4004987740108
mistral-7b,gsm8k,simple,correct,0.31278997619450094,0.019128342564026256,-0.04267946742544427,0.07268178892677225,205.6110661424348
mistral-7b,gsm8k,simple,correct,0.3192084225937724,0.01956832516652325,-0.041186264463695825,0.07234865157491982,211.96653761138376
mistral-7b,gsm8k,simple,correct,0.3256268689930439,0.020086806276303788,-0.03951982933416556,0.07217708015482842,219.7012213277541
mistral-7b,gsm8k,simple,correct,0.3320453153923154,0.0206933363534946,-0.037492729789305526,0.07205713912959161,229.08113745270947
mistral-7b,gsm8k,simple,correct,0.3384637617915869,0.021396809869743794,-0.03509706057228051,0.0717201988093249,240.39353145575825
mistral-7b,gsm8k,simple,correct,0.34488220819085835,0.022204626821803485,-0.032310631198178306,0.07146616602567815,253.92102619703329
mistral-7b,gsm8k,simple,correct,0.3513006545901298,0.023121667302679016,-0.029422617683011132,0.07158613690942771,269.8897803613083
mistral-7b,gsm8k,simple,correct,0.35771910098940135,0.0241491491589681,-0.026878307687650562,0.07039104865212276,288.3782994794174
mistral-7b,gsm8k,simple,correct,0.3641375473886728,0.025283500266173316,-0.02441538373801187,0.06966501433907843,309.17645266646474
mistral-7b,gsm8k,simple,correct,0.3705559937879443,0.026515436421121412,-0.02211110836109119,0.07069312029169535,331.6025701882719
mistral-7b,gsm8k,simple,correct,0.3769744401872158,0.02782947048570462,-0.018089863682621585,0.07061338157241506,354.3321998502001
mistral-7b,gsm8k,simple,correct,0.3833928865864873,0.02920406204822835,-0.013978764582218436,0.07108728871120588,375.36168094415075
mistral-7b,gsm8k,simple,correct,0.38981133298575876,0.030612532023030284,-0.010691583140806881,0.07200810593215178,392.26939023916225
mistral-7b,gsm8k,simple,correct,0.39622977938503023,0.03202471887133674,-0.008640805307675033,0.07155008875681684,402.8392447446054
mistral-7b,gsm8k,simple,correct,0.40264822578430176,0.03340917854431649,-0.006015161582338377,0.07170271447849362,405.83550003398153
mistral-7b,gsm8k,simple,correct,0.40906667218357323,0.03473558671291404,-0.004242913183358988,0.07293901038100821,401.4786537795807
mistral-7b,gsm8k,simple,correct,0.4154851185828447,0.03597694428415525,-0.0015514902959626155,0.0746627628154032,391.30023112980547
mistral-7b,gsm8k,simple,correct,0.42190356498211623,0.03711123937474571,-0.0005189630302033193,0.07709768426739402,377.50332445141896
mistral-7b,gsm8k,simple,correct,0.4283220113813877,0.03812236021994425,0.0005508271740822829,0.07877116591373008,362.25878285623145
mistral-7b,gsm8k,simple,correct,0.4347404577806592,0.03900023013990863,0.00036798088564683604,0.08019848098204423,347.2678335143468
mistral-7b,gsm8k,simple,correct,0.44115890417993064,0.039740288407492094,0.0006295124368287255,0.08202618211382758,333.64362745093035
mistral-7b,gsm8k,simple,correct,0.44757735057920217,0.04034253099643684,0.0005366881937468212,0.08277708697781261,321.99339349245304
mistral-7b,gsm8k,simple,correct,0.45399579697847364,0.04081034502206722,0.00031592602333303403,0.08294609619381998,312.5691005960463
mistral-7b,gsm8k,simple,correct,0.46041424337774517,0.04114933700286449,0.00010113211622116566,0.08402488047963325,305.40879882070016
mistral-7b,gsm8k,simple,correct,0.46683268977701664,0.04136629463618517,-0.0001139524356837397,0.08415575564452554,300.4413898351035
mistral-7b,gsm8k,simple,correct,0.4732511361762881,0.04146835851623585,-0.0003306585647846228,0.0847046525394926,297.5545513836366
mistral-7b,gsm8k,simple,correct,0.4796695825755596,0.04146242888551043,-0.0005513531293328598,0.08465539596762799,296.63462338885415
mistral-7b,gsm8k,simple,correct,0.48608802897483105,0.04135479843411493,5.8687018027654635e-05,0.08454081837306866,297.5877297262277
mistral-7b,gsm8k,simple,correct,0.4925064753741026,0.04115098416107243,0.0003722600347197748,0.0840140109688658,300.34908303800586
mistral-7b,gsm8k,simple,correct,0.49892492177337405,0.04085572509729181,0.0001228760434211931,0.08350182333754728,304.8848341545732
mistral-7b,gsm8k,simple,correct,0.5053433681726456,0.04047311336882701,0.00017269899219917717,0.08299696064185738,311.1887427106843
mistral-7b,gsm8k,simple,correct,0.511761814571917,0.04000682948389608,3.653063870835285e-05,0.08201726483268677,319.274418640666
mistral-7b,gsm8k,simple,correct,0.5181802609711885,0.039460455866294215,-0.00015976457983095827,0.08085161249262243,329.1627969072508
mistral-7b,gsm8k,simple,correct,0.52459870737046,0.03883784371379637,-0.0002680594154926045,0.07968178985857571,340.86378852786845
mistral-7b,gsm8k,simple,correct,0.5310171537697315,0.03814350646051639,-0.0005042770396853848,0.07856640413138133,354.3507764988491
mistral-7b,gsm8k,simple,correct,0.537435600169003,0.03738300865282133,-0.000675732085294429,0.07727182981032187,369.5270812070289
mistral-7b,gsm8k,simple,correct,0.5438540465682745,0.036563313036821116,-0.0008245721605498815,0.07589773217051106,386.1852117109306
mistral-7b,gsm8k,simple,correct,0.550272492967546,0.03569304314433132,-0.0009388149892737397,0.07465867962613991,403.9632321694784
mistral-7b,gsm8k,simple,correct,0.5566909393668175,0.034782616426035154,-0.0012826487269526892,0.07322786236648264,422.30809908909845
mistral-7b,gsm8k,simple,correct,0.5631093857660889,0.03384420701907034,-0.0019648614618123614,0.07194221738299883,440.46223200708135
mistral-7b,gsm8k,simple,correct,0.5695278321653604,0.032891509910325606,-0.0030344377566106397,0.07076933081213825,457.4933520828267
mistral-7b,gsm8k,simple,correct,0.5759462785646319,0.03193930016311691,-0.004094090159949738,0.06885722452829851,472.3830043545624
mistral-7b,gsm8k,simple,correct,0.5823647249639035,0.031002809883127806,-0.005583052272898777,0.06784879202411974,484.17149784830394
mistral-7b,gsm8k,simple,correct,0.5887831713631748,0.030096976599719202,-0.006553122545375391,0.06665639644633765,492.12915659269487
mistral-7b,gsm8k,simple,correct,0.5952016177624464,0.029235642557917024,-0.007874120993720613,0.0669033869784169,495.9003183364466
mistral-7b,gsm8k,simple,correct,0.6016200641617179,0.02843079789410297,-0.00960096848161965,0.06479587698313136,495.56660737894725
mistral-7b,gsm8k,simple,correct,0.6080385105609893,0.027691957224845496,-0.01066563536914902,0.0649043488009156,491.60611691436355
mistral-7b,gsm8k,simple,correct,0.6144569569602609,0.027025738749396507,-0.012216346396400499,0.06488294206001365,484.7687620565794
mistral-7b,gsm8k,simple,correct,0.6208754033595323,0.026435682307297606,-0.0140952053558226,0.06504894551419528,475.9177587835678
mistral-7b,gsm8k,simple,correct,0.6272938497588039,0.02592230593960919,-0.016236568367122246,0.06441965113270597,465.8880451868783
mistral-7b,gsm8k,simple,correct,0.6337122961580752,0.025483367855329238,-0.017743377931209007,0.06380405858245297,455.39154446040476
mistral-7b,gsm8k,simple,correct,0.6401307425573468,0.025114278587098523,-0.019675888075947667,0.06488788106944991,444.97416862482737
mistral-7b,gsm8k,simple,correct,0.6465491889566183,0.02480859910819403,-0.021036742130840863,0.06592870319922035,435.01315842826625
mistral-7b,gsm8k,simple,correct,0.6529676353558898,0.024558563683230894,-0.021918753642051123,0.06625773758612782,425.7382666628837
mistral-7b,gsm8k,simple,correct,0.6593860817551613,0.024355577689850465,-0.02332148603300922,0.06752563336534201,417.26258247493547
mistral-7b,gsm8k,simple,correct,0.6658045281544327,0.024190656200696024,-0.024677582940527118,0.0680200527831212,409.6137133525709
mistral-7b,gsm8k,simple,correct,0.6722229745537043,0.02405478489855975,-0.025886922247934534,0.0695373068561441,402.7606077669928
mistral-7b,gsm8k,simple,correct,0.6786414209529757,0.023939198311084608,-0.02613957379496061,0.07047470583605127,396.63444064451716
mistral-7b,gsm8k,simple,correct,0.6850598673522472,0.023835580170438367,-0.027166846835390814,0.0709929526019629,391.1437270580463
mistral-7b,gsm8k,simple,correct,0.6914783137515187,0.023736196807573752,-0.028171655713123883,0.07070263115560117,386.18459082005444
mistral-7b,gsm8k,simple,correct,0.6978967601507902,0.02363397744085453,-0.029127152902745798,0.07176896533363261,381.6473105129244
mistral-7b,gsm8k,simple,correct,0.7043152065500617,0.023522555863890755,-0.030880392942034776,0.07354404859670918,377.4201912242361
mistral-7b,gsm8k,simple,correct,0.7107336529493331,0.02339628723605673,-0.031496574616286896,0.07389798592309288,373.3916390302737
mistral-7b,gsm8k,simple,correct,0.7171520993486047,0.023250252147613032,-0.03176189116649003,0.07348976314242962,369.45113373832856
mistral-7b,gsm8k,simple,correct,0.7235705457478762,0.023080258390195604,-0.03170612554707082,0.07362698125599826,365.48963872478197
mistral-7b,gsm8k,simple,correct,0.7299889921471476,0.02288284924538415,-0.03172795281686161,0.0739536472603317,361.39986291973867
mistral-7b,gsm8k,simple,correct,0.7364074385464191,0.022655325790353224,-0.03235626399339114,0.07338794576985494,357.07669426088216
mistral-7b,gsm8k,simple,correct,0.7428258849456906,0.022395789783064876,-0.033148227472049,0.07324868808550504,352.418046124632
mistral-7b,gsm8k,simple,correct,0.7492443313449622,0.022103213132737838,-0.0334448902832092,0.07219600544204327,347.3262867087859
mistral-7b,gsm8k,simple,correct,0.7556627777442335,0.021777539745526084,-0.03399783180742803,0.07204516556545783,341.71034520480674
mistral-7b,gsm8k,simple,correct,0.7620812241435051,0.021419825598972132,-0.03508818974005305,0.07265313386440116,335.4884996123242
mistral-7b,gsm8k,simple,correct,0.7684996705427766,0.021032423168351706,-0.03625615971988167,0.0731342096389409,328.59174569221335
mistral-7b,gsm8k,simple,correct,0.774918116942048,0.020619216722405794,-0.037505172234055806,0.07293514117422262,320.96752824022684
mistral-7b,gsm8k,simple,correct,0.7813365633413195,0.02018591543659264,-0.03787100306816679,0.07344080267595163,312.583496581319
mistral-7b,gsm8k,simple,correct,0.787755009740591,0.01974041164012072,-0.038134410727081354,0.07328430320742038,303.4308464518569
mistral-7b,gsm8k,simple,correct,0.7941734561398626,0.019293211705091795,-0.03834878191087415,0.0730464053917155,293.5267563602838
mistral-7b,gsm8k,simple,correct,0.800591902539134,0.018857946967996964,-0.03859745335183989,0.07377546423389673,282.9154434509763
mistral-7b,gsm8k,simple,correct,0.8070103489384055,0.018451971484359498,-0.038892743166950496,0.07400019956695784,271.66746759905755
mistral-7b,gsm8k,simple,correct,0.813428795337677,0.01809705216121659,-0.039743576389942664,0.07438755621186434,259.87710046208565
mistral-7b,logiqa2,complex,all,0.299899086356163,-0.03322151718375204,-0.05786159135654719,-0.008939928518237111,1110.186781444096
mistral-7b,logiqa2,complex,all,0.3075313909575343,-0.03314042350969572,-0.05743486141816808,-0.009069962375086197,1149.3777472025658
mistral-7b,logiqa2,complex,all,0.3151636955589056,-0.033084610230219136,-0.05733356856009122,-0.009127636959033469,1197.758239484516
mistral-7b,logiqa2,complex,all,0.3227960001602769,-0.033063973359792255,-0.05699167256285047,-0.009486643005899534,1257.3416389442573
mistral-7b,logiqa2,complex,all,0.3304283047616482,-0.033089970089519326,-0.05659972187360744,-0.009440336504020595,1330.3637778713398
mistral-7b,logiqa2,complex,all,0.33806060936301946,-0.033175235801962376,-0.05648991210165965,-0.010298464567199218,1419.0800297922137
mistral-7b,logiqa2,complex,all,0.3456929139643907,-0.03333285562156844,-0.0565180761244579,-0.01056957952699987,1525.323631367093
mistral-7b,logiqa2,complex,all,0.35332521856576204,-0.033575250052106174,-0.05650142642926358,-0.011147935259649116,1649.698881654297
mistral-7b,logiqa2,complex,all,0.3609575231671333,-0.033912718218045444,-0.05664494938362826,-0.011671810091175763,1790.338665057627
mistral-7b,logiqa2,complex,all,0.36858982776850463,-0.03435180507396968,-0.05661224073244857,-0.012198743425366284,1941.4098020483798
mistral-7b,logiqa2,complex,all,0.3762221323698759,-0.034893789057149224,-0.05736508629188897,-0.01316477921596547,2092.0923020692035
mistral-7b,logiqa2,complex,all,0.3838544369712472,-0.035533665644576384,-0.05768980354019508,-0.013996187072071514,2227.3450558330837
mistral-7b,logiqa2,complex,all,0.3914867415726185,-0.036259967196376974,-0.059198417507090255,-0.014734909029731206,2331.5134720886035
mistral-7b,logiqa2,complex,all,0.39911904617398974,-0.03705558425145409,-0.06010352926077002,-0.015261633231824043,2393.9001708874302
mistral-7b,logiqa2,complex,all,0.40675135077536106,-0.037899483032783066,-0.0604647978069838,-0.01577316045056313,2413.0162855170374
mistral-7b,logiqa2,complex,all,0.41438365537673233,-0.0387689561987573,-0.06174329146404318,-0.016887036886522395,2396.4889682012026
mistral-7b,logiqa2,complex,all,0.42201595997810365,-0.03964191192730742,-0.06298879474860711,-0.01731247874946193,2357.0284529689848
mistral-7b,logiqa2,complex,all,0.4296482645794749,-0.04049874982679975,-0.06421969001353234,-0.017958039172488036,2307.601233941364
mistral-7b,logiqa2,complex,all,0.43728056918084623,-0.041323551410796695,-0.0652086822363733,-0.018560594333971867,2258.3837389232526
mistral-7b,logiqa2,complex,all,0.4449128737822175,-0.042104533766090746,-0.06672298570491206,-0.01929902731250055,2215.922397164393
mistral-7b,logiqa2,complex,all,0.45254517838358876,-0.04283388941964652,-0.06796385759774322,-0.019879763017932196,2183.639354460544
mistral-7b,logiqa2,complex,all,0.4601774829849601,-0.043507221483690454,-0.06915604783054219,-0.020677446211541717,2162.762130698211
mistral-7b,logiqa2,complex,all,0.4678097875863314,-0.04412278738242791,-0.07013736707805082,-0.021327700252276573,2153.168376338592
mistral-7b,logiqa2,complex,all,0.4754420921877026,-0.044680718956738696,-0.07082384019667154,-0.02188149598661808,2153.9865232668176
mistral-7b,logiqa2,complex,all,0.48307439678907393,-0.04518232523136658,-0.07140508119076579,-0.022478374769788975,2163.9638439394625
mistral-7b,logiqa2,complex,all,0.49070670139044525,-0.04562952904798697,-0.07193225878365711,-0.02300803237764292,2181.664060821838
mistral-7b,logiqa2,complex,all,0.4983390059918165,-0.04602444956138911,-0.0722515265290561,-0.023390602485647664,2205.5555554500925
mistral-7b,logiqa2,complex,all,0.5059713105931878,-0.04636911971066969,-0.0721221132141724,-0.02403363999521152,2234.0363094121467
mistral-7b,logiqa2,complex,all,0.5136036151945591,-0.046665317460892315,-0.07208531144251046,-0.02398212203715806,2265.4276470611912
mistral-7b,logiqa2,complex,all,0.5212359197959304,-0.04691448726409491,-0.07231475710822828,-0.024253511843382085,2297.959161651069
mistral-7b,logiqa2,complex,all,0.5288682243973016,-0.04711772999433292,-0.07262916824131997,-0.024099685000027755,2329.761310197583
mistral-7b,logiqa2,complex,all,0.536500528998673,-0.04727584298149278,-0.07253096037718999,-0.02388448371680494,2358.8783529256325
mistral-7b,logiqa2,complex,all,0.5441328336000443,-0.04738939521448606,-0.072250609963694,-0.023580187894058444,2383.310799010033
mistral-7b,logiqa2,complex,all,0.5517651382014155,-0.047458825610067874,-0.07261194057685608,-0.023673499845033637,2401.091832560048
mistral-7b,logiqa2,complex,all,0.5593974428027868,-0.04748455425234666,-0.0726113194375666,-0.02391152759160507,2410.3955489595355
mistral-7b,logiqa2,complex,all,0.5670297474041581,-0.047467097785960255,-0.07265281551885028,-0.023659655120878136,2409.666557248211
mistral-7b,logiqa2,complex,all,0.5746620520055294,-0.04740718091778551,-0.07299710207399475,-0.023466346628169328,2397.752290530785
mistral-7b,logiqa2,complex,all,0.5822943566069008,-0.04730583652035612,-0.0728960900917467,-0.023126950115560468,2374.0139858226285
mistral-7b,logiqa2,complex,all,0.589926661208272,-0.04716448739352964,-0.07256523038165912,-0.0228150902798902,2338.3925475927117
mistral-7b,logiqa2,complex,all,0.5975589658096432,-0.046985003529092406,-0.07251790643529944,-0.021817178719280215,2291.412686659909
mistral-7b,logiqa2,complex,all,0.6051912704110145,-0.0467697298425114,-0.07273533776328764,-0.02117569657855022,2234.121447112068
mistral-7b,logiqa2,complex,all,0.6128235750123858,-0.0465214807785753,-0.0727227066526215,-0.020724804468823927,2167.971588256049
mistral-7b,logiqa2,complex,all,0.6204558796137571,-0.04624349983508159,-0.07292296261145124,-0.019685320026167612,2094.6714806770096
mistral-7b,logiqa2,complex,all,0.6280881842151285,-0.045939383649388564,-0.07297543713817052,-0.01878942081005336,2016.0277746317893
mistral-7b,logiqa2,complex,all,0.6357204888164998,-0.04561297155870321,-0.07302456342578423,-0.017943291049967017,1933.8045014738939
mistral-7b,logiqa2,complex,all,0.643352793417871,-0.04526820216518767,-0.07365896696550812,-0.017959982841567062,1849.6145595059097
mistral-7b,logiqa2,complex,all,0.6509850980192422,-0.04490893814427482,-0.07346052955498504,-0.017344598033404275,1764.8500768232402
mistral-7b,logiqa2,complex,all,0.6586174026206135,-0.04453875915672116,-0.07301287770100351,-0.01648108006814128,1680.6499343573296
mistral-7b,logiqa2,complex,all,0.6662497072219848,-0.04416072021789159,-0.07351139366460903,-0.015376246925030953,1597.8974297353332
mistral-7b,logiqa2,complex,all,0.6738820118233562,-0.04377706933984565,-0.07330544539645144,-0.013915356801871436,1517.2388971155399
mistral-7b,logiqa2,complex,all,0.6815143164247275,-0.04338891393299149,-0.07335285121198605,-0.012544849365823648,1439.114365059675
mistral-7b,logiqa2,complex,all,0.6891466210260988,-0.042995820714751026,-0.07291470108759518,-0.011324361221597731,1363.7930059278794
mistral-7b,logiqa2,complex,all,0.69677892562747,-0.042595329258432735,-0.07323860447451383,-0.010087515008026607,1291.4082923299839
mistral-7b,logiqa2,complex,all,0.7044112302288412,-0.0421823555668713,-0.07359681757663399,-0.008307856521967218,1221.9898180954383
mistral-7b,logiqa2,complex,all,0.7120435348302125,-0.04174846021525159,-0.07443170225993981,-0.007000193191852636,1155.4903609440707
mistral-7b,logiqa2,complex,all,0.7196758394315839,-0.041280957169682934,-0.07477118321512592,-0.005948009039013453,1091.8078869438946
mistral-7b,logiqa2,complex,all,0.7273081440329552,-0.04076184648132312,-0.07436874756683673,-0.004665920955899128,1030.8028801366186
mistral-7b,logiqa2,complex,all,0.7349404486343265,-0.04016656961499596,-0.07399679441513643,-0.003305268967706693,972.3117381444068
mistral-7b,logiqa2,complex,all,0.7425727532356977,-0.03946261398995494,-0.07423835527505267,-0.001082884200090858,916.1571290725213
mistral-7b,logiqa2,complex,all,0.750205057837069,-0.03860803778036314,-0.07433118934857211,0.0008279978747009312,862.1562630523206
mistral-7b,logiqa2,complex,all,0.7578373624384402,-0.03755005124339519,-0.07457286721143441,0.003144518402739699,810.1280688316613
mistral-7b,logiqa2,complex,all,0.7654696670398116,-0.03622387866670799,-0.07390348131795622,0.004765741717375745,759.9003131647368
mistral-7b,logiqa2,complex,all,0.7731019716411829,-0.034552231604280885,-0.07343325205382621,0.006833619032408998,711.31772731851
mistral-7b,logiqa2,complex,all,0.7807342762425542,-0.03244583477850265,-0.07193378739915798,0.010993126786281913,664.2520972151407
mistral-7b,logiqa2,complex,all,0.7883665808439255,-0.02980552969197977,-0.07080898533108303,0.014310354602209613,618.6148323714563
mistral-7b,logiqa2,complex,all,0.7959988854452967,-0.02652648627259926,-0.07013122189868685,0.019715363814348588,574.3715242998767
mistral-7b,logiqa2,complex,all,0.803631190046668,-0.022504912384958106,-0.0668961525802551,0.024372524372888452,531.5563409239194
mistral-7b,logiqa2,complex,all,0.8112634946480394,-0.01764730053664004,-0.06320555856223903,0.030770020831304215,490.2820871685005
mistral-7b,logiqa2,complex,all,0.8188957992494106,-0.01188166819361951,-0.058674535982613456,0.036990214923376626,450.74032795697656
mistral-7b,logiqa2,complex,all,0.8265281038507819,-0.005169503196043417,-0.053866086600883024,0.04443358515803156,413.18651243599146
mistral-7b,logiqa2,complex,all,0.8341604084521532,0.0024835823502753016,-0.04822256771864604,0.05186889499115612,377.9085605660313
mistral-7b,logiqa2,complex,all,0.8417927130535244,0.011020853955057908,-0.04059214292854492,0.061200758071518375,345.1832674780046
mistral-7b,logiqa2,complex,all,0.8494250176548958,0.020333209168666745,-0.03464511530779736,0.07421315265544208,315.2304860008348
mistral-7b,logiqa2,complex,all,0.8570573222562671,0.030264770688865836,-0.026174908396273334,0.08572946257006919,288.17702059522804
mistral-7b,logiqa2,complex,all,0.8646896268576384,0.04062486602238581,-0.018368390716150658,0.0990714845461568,264.03900151905884
mistral-7b,logiqa2,complex,all,0.8723219314590096,0.05120438628318527,-0.010233417340530317,0.11171133932445353,242.7248947932429
mistral-7b,logiqa2,complex,all,0.8799542360603809,0.061793523660685384,-0.002878297580729926,0.12455009466190517,224.0548469351689
mistral-7b,logiqa2,complex,all,0.8875865406617522,0.07219780440416596,0.005709736567102027,0.13726966334694302,207.7886250812582
mistral-7b,logiqa2,complex,all,0.8952188452631235,0.08225010753917306,0.013489075270661973,0.14898492248873696,193.6545389739507
mistral-7b,logiqa2,complex,all,0.9028511498644948,0.0918176001330892,0.021455942681034755,0.1621613107617288,181.37410688784036
mistral-7b,logiqa2,complex,all,0.9104834544658661,0.10080374147585446,0.027094002203972362,0.17524737349714958,170.68010571147911
mistral-7b,logiqa2,complex,errors,0.2999114739894867,-0.03402146742056603,-0.06527052555323519,8.308070259148817e-05,562.8628754331265
mistral-7b,logiqa2,complex,errors,0.3076214230209589,-0.03367002284639325,-0.06464027813480105,-0.0001924174068345839,582.0177015156918
mistral-7b,logiqa2,complex,errors,0.3153313720524311,-0.03331539769545277,-0.06423716281096656,-0.0005865233200275963,605.6795149019632
mistral-7b,logiqa2,complex,errors,0.3230413210839033,-0.03296908575279019,-0.06340244255261031,-0.0007032963298227932,634.8398764914625
mistral-7b,logiqa2,complex,errors,0.33075127011537553,-0.03264612155285805,-0.06232396797175604,-0.0003684613583896081,670.60039424711
mistral-7b,logiqa2,complex,errors,0.33846121914684774,-0.03236517071944237,-0.061461174843558314,0.00041895933871306714,714.0718399143608
mistral-7b,logiqa2,complex,errors,0.34617116817831994,-0.032148153849904375,-0.060578359138560106,-0.0002581256047509726,766.1535209862043
mistral-7b,logiqa2,complex,errors,0.35388111720979215,-0.032019221379989915,-0.06001742417859368,-0.0007929933539798418,827.1281983433894
mistral-7b,logiqa2,complex,errors,0.36159106624126436,-0.03200296846442374,-0.05949880824013686,-0.0015660146173099405,896.0345915072454
mistral-7b,logiqa2,complex,errors,0.36930101527273657,-0.03212194124249142,-0.05891541100765303,-0.0027592128101292766,969.9075080809088
mistral-7b,logiqa2,complex,errors,0.3770109643042088,-0.03239372519445254,-0.05827701565468492,-0.004111723602968733,1043.2548918755808
mistral-7b,logiqa2,complex,errors,0.384720913335681,-0.032828152415330145,-0.05852102971453657,-0.004973331575157156,1108.4503145771644
mistral-7b,logiqa2,complex,errors,0.3924308623671532,-0.033425299625315645,-0.05910364139309665,-0.005324169071121482,1157.5950344703263
mistral-7b,logiqa2,complex,errors,0.40014081139862534,-0.03417486256194204,-0.05965386844060738,-0.006239516895438971,1185.3939103394669
mistral-7b,logiqa2,complex,errors,0.4078507604300976,-0.03505716385019451,-0.06019880984775102,-0.006612608004539115,1191.3221354587458
mistral-7b,logiqa2,complex,errors,0.41556070946156975,-0.03604559181653027,-0.06070590515504176,-0.006977401049428923,1179.506991262962
mistral-7b,logiqa2,complex,errors,0.423270658493042,-0.03710987394653196,-0.06278747978545313,-0.00773797924369398,1156.5770620557232
mistral-7b,logiqa2,complex,errors,0.43098060752451417,-0.03821942655768406,-0.06434740339320104,-0.00879812053931879,1129.1597219849025
mistral-7b,logiqa2,complex,errors,0.43869055655598643,-0.039346129292734115,-0.06578748804451387,-0.009872417755399415,1102.3558445523383
mistral-7b,logiqa2,complex,errors,0.4464005055874586,-0.04046615509813074,-0.06704626041450704,-0.010569343955204995,1079.3688213845605
mistral-7b,logiqa2,complex,errors,0.45411045461893085,-0.04156079634601548,-0.06879229337652965,-0.011298341389821604,1061.8096814624948
mistral-7b,logiqa2,complex,errors,0.461820403650403,-0.042616453379008504,-0.07098802542813719,-0.01206193458564267,1050.1954352208274
mistral-7b,logiqa2,complex,errors,0.46953035268187526,-0.043624054160546585,-0.07266609148080916,-0.013083068813279945,1044.3858687573588
mistral-7b,logiqa2,complex,errors,0.4772403017133474,-0.04457817370981312,-0.07441420046958304,-0.013513317576281771,1043.8861885241388
mistral-7b,logiqa2,complex,errors,0.4849502507448196,-0.04547606472151119,-0.07572815671059614,-0.013985331189728232,1048.027623411087
mistral-7b,logiqa2,complex,errors,0.49266019977629183,-0.04631673725515765,-0.07705166570631886,-0.01539626756740097,1056.0608643489568
mistral-7b,logiqa2,complex,errors,0.5003701488077641,-0.04710016072354991,-0.0775366808212203,-0.015658023781789435,1067.194697530794
mistral-7b,logiqa2,complex,errors,0.5080800978392362,-0.04782661538421934,-0.07779305849715998,-0.016713105216709313,1080.6036746391678
mistral-7b,logiqa2,complex,errors,0.5157900468707084,-0.04849619315033913,-0.07915698556760294,-0.01804154182036075,1095.4212390351456
mistral-7b,logiqa2,complex,errors,0.5234999959021807,-0.049108434494874606,-0.07942450419525823,-0.018360281590535713,1110.729850562294
mistral-7b,logiqa2,complex,errors,0.5312099449336529,-0.04966208442632325,-0.08084075386417754,-0.018332264695631484,1125.5568083172789
mistral-7b,logiqa2,complex,errors,0.5389198939651251,-0.05015495168281823,-0.08159241778241119,-0.0184250535877719,1138.8826325610924
mistral-7b,logiqa2,complex,errors,0.5466298429965972,-0.050583858383362455,-0.08163455728823811,-0.018461281169467464,1149.6669806769958
mistral-7b,logiqa2,complex,errors,0.5543397920280695,-0.0509446704717538,-0.08306573893839002,-0.01940264706953628,1156.894278665933
mistral-7b,logiqa2,complex,errors,0.5620497410595418,-0.051232401314502504,-0.08309084424979822,-0.01932486800545987,1159.6371333101235
mistral-7b,logiqa2,complex,errors,0.5697596900910139,-0.051441381282999826,-0.08382341233772672,-0.019147660381841715,1157.1304780371286
mistral-7b,logiqa2,complex,errors,0.5774696391224861,-0.0515654849915457,-0.08514211584838795,-0.019301846589746166,1148.844530813288
mistral-7b,logiqa2,complex,errors,0.5851795881539583,-0.05159840531306154,-0.08474647239164085,-0.019137719589041674,1134.541889628
mistral-7b,logiqa2,complex,errors,0.5928895371854306,-0.05153395982403631,-0.08511518462102935,-0.01967711447013023,1114.3051935526685
mistral-7b,logiqa2,complex,errors,0.6005994862169027,-0.051366411572627654,-0.085666493837524,-0.0193182251709821,1088.5272469538052
mistral-7b,logiqa2,complex,errors,0.6083094352483749,-0.05109078272252423,-0.08563717635160398,-0.01897698431860286,1057.8639743148804
mistral-7b,logiqa2,complex,errors,0.6160193842798471,-0.050703137357534935,-0.08529585059321804,-0.018207964849145362,1023.1591690435042
mistral-7b,logiqa2,complex,errors,0.6237293333113194,-0.05020080902114361,-0.08560270320380886,-0.017241677140494873,985.3556900238876
mistral-7b,logiqa2,complex,errors,0.6314392823427916,-0.049582549609268695,-0.0851935377157135,-0.015484140344437342,945.4088560272502
mistral-7b,logiqa2,complex,errors,0.6391492313742637,-0.048848578882575884,-0.08485345090884522,-0.014206851108280561,904.2146178601893
mistral-7b,logiqa2,complex,errors,0.646859180405736,-0.048000517627294716,-0.08431250416493137,-0.013518316100770053,862.5595085524762
mistral-7b,logiqa2,complex,errors,0.6545691294372082,-0.04704119162946303,-0.084281235685466,-0.011838690433837201,821.09362359521
mistral-7b,logiqa2,complex,errors,0.6622790784686804,-0.04597429729517008,-0.08363600193648431,-0.010247002847312624,780.323584658581
mistral-7b,logiqa2,complex,errors,0.6699890275001525,-0.04480392218882949,-0.08226057748383879,-0.008067092719163442,740.6201962129024
mistral-7b,logiqa2,complex,errors,0.6776989765316248,-0.04353391447435856,-0.08165332330932652,-0.006478001037814782,702.2350863439464
mistral-7b,logiqa2,complex,errors,0.685408925563097,-0.0421670941447822,-0.08066432880619578,-0.004133153560047567,665.3213956425067
mistral-7b,logiqa2,complex,errors,0.6931188745945691,-0.04070429646113732,-0.080573858602412,-0.00040555588669500295,629.9548782008264
mistral-7b,logiqa2,complex,errors,0.7008288236260414,-0.03914323527592523,-0.07990096669612425,0.001981263686052055,596.1531190107543
mistral-7b,logiqa2,complex,errors,0.7085387726575136,-0.037477172733556066,-0.078256848063143,0.004486733498610748,563.8916853352132
mistral-7b,logiqa2,complex,errors,0.7162487216889858,-0.03569338498971849,-0.07732267945405527,0.006711834207883108,533.1168260417915
mistral-7b,logiqa2,complex,errors,0.7239586707204579,-0.033771424974943585,-0.07559836021528607,0.009240416340448972,503.75483263957824
mistral-7b,logiqa2,complex,errors,0.7316686197519302,-0.03168120805010047,-0.07461203052382132,0.011800935136253963,475.7184528344944
mistral-7b,logiqa2,complex,errors,0.7393785687834025,-0.02938099110853992,-0.07371262403686027,0.014537883640491625,448.91089419188677
mistral-7b,logiqa2,complex,errors,0.7470885178148746,-0.026815387263763035,-0.07310249050163614,0.01794208678698778,423.2280641733242
mistral-7b,logiqa2,complex,errors,0.7547984668463468,-0.023913662300699048,-0.07060775196899363,0.022208851337702593,398.5598437002693
mistral-7b,logiqa2,complex,errors,0.762508415877819,-0.020588695656603637,-0.06758337716835262,0.02600080463282257,374.79143564927335
mistral-7b,logiqa2,complex,errors,0.7702183649092913,-0.016737145556582435,-0.06575166848030695,0.030343113631627183,351.8061542920467
mistral-7b,logiqa2,complex,errors,0.7779283139407634,-0.012241500998534842,-0.06347598953085941,0.036997284772701235,329.49129140796595
mistral-7b,logiqa2,complex,errors,0.7856382629722356,-0.006974767694679473,-0.06036531287428799,0.04486973879420981,307.74859193845646
mistral-7b,logiqa2,complex,errors,0.7933482120037079,-0.0008084239978831635,-0.05619979704701776,0.05369992949088018,286.50991238547675
mistral-7b,logiqa2,complex,errors,0.80105816103518,0.006376113343109457,-0.05122767266573456,0.06286896131448672,265.75640343850364
mistral-7b,logiqa2,complex,errors,0.8087681100666523,0.014673025390672457,-0.04383239588648062,0.0738844310268767,245.5362633809854
mistral-7b,logiqa2,complex,errors,0.8164780590981244,0.024136195743858974,-0.03700099112952793,0.08573864799111797,225.97321183339142
mistral-7b,logiqa2,complex,errors,0.8241880081295967,0.034764553802943854,-0.02899401548004631,0.09897947110480548,207.25791198061052
mistral-7b,logiqa2,complex,errors,0.8318979571610688,0.04649202169241026,-0.019178621723912926,0.11475608672900933,189.6195641150401
mistral-7b,logiqa2,complex,errors,0.8396079061925411,0.05918521119796594,-0.008184897677655359,0.13241333253054224,173.2835066239763
mistral-7b,logiqa2,complex,errors,0.8473178552240133,0.07265062817328419,0.0017498536440013765,0.15124480909583435,158.42788169127496
mistral-7b,logiqa2,complex,errors,0.8550278042554855,0.0866508519349727,0.009713591119793941,0.16887660496502394,145.15314056265487
mistral-7b,logiqa2,complex,errors,0.8627377532869577,0.1009267682736255,0.02020032184985984,0.18529223720080526,133.4718677006673
mistral-7b,logiqa2,complex,errors,0.8704477023184299,0.11522141414921,0.03137936713398274,0.20413586634899056,123.31763255144367
mistral-7b,logiqa2,complex,errors,0.8781576513499021,0.12930093196237197,0.038643125430794054,0.22142633870384335,114.56562290717635
mistral-7b,logiqa2,complex,errors,0.8858676003813744,0.1429694253583702,0.04695716621240758,0.23735628569078762,107.0566938939091
mistral-7b,logiqa2,complex,errors,0.8935775494128465,0.15607647752977097,0.05712030431431866,0.2556617793881351,100.6187684343303
mistral-7b,logiqa2,complex,errors,0.9012874984443188,0.1685179235362996,0.06583770482436895,0.2721283150667602,95.08275780588853
mistral-7b,logiqa2,complex,errors,0.9089974474757909,0.1802316229288727,0.07301830327916713,0.2887281552355359,90.29267279758034
mistral-7b,logiqa2,complex,errors,0.9167073965072632,0.19119034122094425,0.08177315269955339,0.3035838081175258,86.11091207348916
mistral-7b,logiqa2,complex,correct,0.29989399313926696,-0.032392457934029666,-0.06649609970021764,0.004132267179024122,547.3531358108933
mistral-7b,logiqa2,complex,correct,0.3073207537084818,-0.032582606262925695,-0.06609945950720292,0.003703637469189862,567.0098420748113
mistral-7b,logiqa2,complex,correct,0.3147475142776966,-0.0328234927868827,-0.06604810747510016,0.0031599364046465497,591.1729393692135
mistral-7b,logiqa2,complex,correct,0.32217427484691136,-0.03312262428433223,-0.0657207632306143,0.0020932768756510467,620.808981653482
mistral-7b,logiqa2,complex,correct,0.3296010354161262,-0.03348714823039291,-0.06635730573016602,0.0008748825128122869,656.9914848173938
mistral-7b,logiqa2,complex,correct,0.337027795985341,-0.033923137030545426,-0.06620201790184566,7.000437329251242e-05,700.811049555032
mistral-7b,logiqa2,complex,correct,0.3444545565545558,-0.03443468800657453,-0.06609215856862072,-0.0009529737430512566,753.1809602046595
mistral-7b,logiqa2,complex,correct,0.35188131712377063,-0.03502291485623172,-0.06564147031078785,-0.003300297832170127,814.4832971979745
mistral-7b,logiqa2,complex,correct,0.3593080776929854,-0.03568497881890442,-0.06594213184001631,-0.004333211726254781,884.0216078771742
mistral-7b,logiqa2,complex,correct,0.3667348382622002,-0.036413373557926364,-0.06571823375522011,-0.0063665424943605085,959.3460873930005
mistral-7b,logiqa2,complex,correct,0.37416159883141503,-0.03719570275834104,-0.06564044980555973,-0.008460529668515218,1035.7364255391128
mistral-7b,logiqa2,complex,correct,0.38158835940062985,-0.03801513907677489,-0.06641748271860802,-0.00985238021386194,1106.3864875721995
mistral-7b,logiqa2,complex,correct,0.3890151199698446,-0.03885161507175807,-0.0681846581422094,-0.010646123412343798,1163.8016379542032
mistral-7b,logiqa2,complex,correct,0.39644188053905943,-0.039683601607662045,-0.06968776159816359,-0.01169818670707228,1202.2114611598774
mistral-7b,logiqa2,complex,correct,0.40386864110827425,-0.04049014878639528,-0.07011214778835907,-0.012186601774030342,1219.7370758887057
mistral-7b,logiqa2,complex,correct,0.41129540167748907,-0.04125277886634648,-0.07134964100494569,-0.013005620261581585,1218.8608649201233
mistral-7b,logiqa2,complex,correct,0.4187221622467039,-0.04195687096442653,-0.07244574451953804,-0.014866981947287779,1204.9879666101397
mistral-7b,logiqa2,complex,correct,0.42614892281591865,-0.04259233907163642,-0.07306177177358181,-0.014251945351577366,1184.2643299936967
mistral-7b,logiqa2,complex,correct,0.4335756833851335,-0.04315360400319996,-0.0738975174182448,-0.01447141503644185,1161.9269630161111
mistral-7b,logiqa2,complex,correct,0.4410024439543483,-0.043639018133613434,-0.07463659955772738,-0.015862162991111952,1141.6314864244741
mistral-7b,logiqa2,complex,correct,0.4484292045235631,-0.044049976234035955,-0.07559047228913658,-0.015728579006718015,1125.5067763302202
mistral-7b,logiqa2,complex,correct,0.4558559650927779,-0.04438993866100813,-0.0759382999802204,-0.015620204393502556,1114.5213303030255
mistral-7b,logiqa2,complex,correct,0.4632827256619927,-0.04466353537661906,-0.07661191544663368,-0.015486596889411635,1108.880066855378
mistral-7b,logiqa2,complex,correct,0.47070948623120756,-0.04487584648572435,-0.07669564276646541,-0.015317537557407779,1108.3349595949564
mistral-7b,logiqa2,complex,correct,0.4781362468004223,-0.04503189211033865,-0.07650902901154179,-0.015482329683661996,1112.3909453816148
mistral-7b,logiqa2,complex,correct,0.48556300736963715,-0.04513632199962981,-0.07599216009412695,-0.015484203154568348,1120.4266834081334
mistral-7b,logiqa2,complex,correct,0.49298976793885196,-0.04519327311354726,-0.07524191263806983,-0.015527645848746038,1131.7566699420072
mistral-7b,logiqa2,complex,correct,0.5004165285080667,-0.04520635623979152,-0.07498826884957799,-0.016461234473611776,1145.6569665280301
mistral-7b,logiqa2,complex,correct,0.5078432890772816,-0.04517873435482202,-0.0749953974556698,-0.016756045596301714,1161.3706829013329
mistral-7b,logiqa2,complex,correct,0.5152700496464964,-0.0451132610043609,-0.07458406649079061,-0.017222435479594178,1178.104463186087
mistral-7b,logiqa2,complex,correct,0.5226968102157112,-0.04501265332033491,-0.07445045217819356,-0.01732689059545499,1195.0239882348944
mistral-7b,logiqa2,complex,correct,0.530123570784926,-0.044879679802686236,-0.0742625852711036,-0.017276499675332496,1211.2544700567103
mistral-7b,logiqa2,complex,correct,0.5375503313541408,-0.04471734711951699,-0.0739887550766537,-0.016907160744418465,1225.8906237110732
mistral-7b,logiqa2,complex,correct,0.5449770919233556,-0.044529072974589336,-0.0736343205637494,-0.016570119245375478,1238.019055405494
mistral-7b,logiqa2,complex,correct,0.5524038524925704,-0.04431883391692584,-0.0731764135519496,-0.016188950903688774,1246.753969718481
mistral-7b,logiqa2,complex,correct,0.5598306130617852,-0.044091278291849056,-0.07267838519774503,-0.015208173650520405,1251.2844275628856
mistral-7b,logiqa2,complex,correct,0.567257373631,-0.04385179581964556,-0.07210798698428718,-0.01461379255685188,1250.928332451235
mistral-7b,logiqa2,complex,correct,0.5746841342002148,-0.04360653692533653,-0.07162367013482597,-0.01358571131003276,1245.1855627784748
mistral-7b,logiqa2,complex,correct,0.5821108947694296,-0.043362377195581135,-0.07147977833995861,-0.013439281010011411,1233.78114232575
mistral-7b,logiqa2,complex,correct,0.5895376553386444,-0.043126825312803575,-0.07121474168601251,-0.01252173469526723,1216.689881073114
mistral-7b,logiqa2,complex,correct,0.5969644159078593,-0.04290787643869088,-0.07085978477093087,-0.012553864253881629,1194.136788519135
mistral-7b,logiqa2,complex,correct,0.6043911764770741,-0.0427138170353394,-0.07070608233669382,-0.012410028083129578,1166.5721750350876
mistral-7b,logiqa2,complex,correct,0.6118179370462888,-0.042552991115192215,-0.07109539547826152,-0.01164674736397325,1134.6253903181548
mistral-7b,logiqa2,complex,correct,0.6192446976155037,-0.042433541396711336,-0.07161210219195158,-0.01161660610580157,1099.0450664851974
mistral-7b,logiqa2,complex,correct,0.6266714581847185,-0.042363141292957894,-0.07214810340192389,-0.01101590159243501,1060.6354492275038
mistral-7b,logiqa2,complex,correct,0.6340982187539332,-0.042348734634583225,-0.07283027651919044,-0.011223665524435168,1020.1976938723292
mistral-7b,logiqa2,complex,correct,0.6415249793231481,-0.04239629924950456,-0.07348080111983937,-0.011163840343024973,978.4824905357243
mistral-7b,logiqa2,complex,correct,0.6489517398923629,-0.04251064793019781,-0.07401470725116611,-0.010468485518117285,936.15711808845
mistral-7b,logiqa2,complex,correct,0.6563785004615776,-0.042695276090558995,-0.07483926665894351,-0.010542833281350075,893.7870142338029
mistral-7b,logiqa2,complex,correct,0.6638052610307925,-0.042952259923853854,-0.07553509060011468,-0.008757192363178179,851.8298165292837
mistral-7b,logiqa2,complex,correct,0.6712320216000074,-0.043282202631349916,-0.07660113745979027,-0.009002274237556998,810.6387554975354
mistral-7b,logiqa2,complex,correct,0.6786587821692222,-0.04368421985632653,-0.07782375202591324,-0.009334038999436443,770.4721103898389
mistral-7b,logiqa2,complex,correct,0.6860855427384369,-0.04415594935799896,-0.08009986253647002,-0.008821715652539502,731.5058602544709
mistral-7b,logiqa2,complex,correct,0.6935123033076518,-0.04469356463891486,-0.08345092582799257,-0.008360890510893388,693.8473622439913
mistral-7b,logiqa2,complex,correct,0.7009390638768666,-0.045291768047141585,-0.0840388429215378,-0.008488778339567772,657.5486271502491
mistral-7b,logiqa2,complex,correct,0.7083658244460813,-0.04594373609936098,-0.08661868167771325,-0.00771815641203401,622.6183988145901
mistral-7b,logiqa2,complex,correct,0.7157925850152962,-0.04664098871455191,-0.08932729618611582,-0.007414532706412794,589.032722222847
mistral-7b,logiqa2,complex,correct,0.723219345584511,-0.04737315513013954,-0.09069327116786521,-0.0071087578980103565,556.744002401264
mistral-7b,logiqa2,complex,correct,0.7306461061537257,-0.0481276131500404,-0.09280267246439768,-0.0065871971363496585,525.6887380305574
mistral-7b,logiqa2,complex,correct,0.7380728667229406,-0.04888898605004574,-0.09439826716532326,-0.005689262645834821,495.7941933282415
mistral-7b,logiqa2,complex,correct,0.7454996272921555,-0.04963849435540072,-0.09721568604341352,-0.003888238136609346,466.9842789134688
mistral-7b,logiqa2,complex,correct,0.7529263878613702,-0.0503531795982696,-0.09979132432574399,-0.00275976036131589,439.184868171471
mistral-7b,logiqa2,complex,correct,0.760353148430585,-0.05100504599334352,-0.10288435616427409,-0.0018836513533233839,412.3286925793458
mistral-7b,logiqa2,complex,correct,0.7677799089997999,-0.05156020525815058,-0.10490736964903327,-0.0020716306385154372,386.3598450153804
mistral-7b,logiqa2,complex,correct,0.7752066695690146,-0.05197815961079576,-0.10722852076900048,-0.0012793623115798989,361.23778281118473
mistral-7b,logiqa2,complex,correct,0.7826334301382294,-0.052211415247740284,-0.10989109750088898,0.0013210633180381684,336.94057898935495
mistral-7b,logiqa2,complex,correct,0.7900601907074443,-0.0522056749751219,-0.1116994232951371,0.0024045336602165103,313.4670510404711
mistral-7b,logiqa2,complex,correct,0.797486951276659,-0.05190089824966767,-0.11247929261958703,0.005194387837177653,290.83734462892016
mistral-7b,logiqa2,complex,correct,0.8049137118458738,-0.051233515301593015,-0.11311768969263807,0.006444106700538909,269.09160893456044
mistral-7b,logiqa2,complex,correct,0.8123404724150887,-0.050140008872020025,-0.11345530324479117,0.009347120811203653,248.28659437582922
mistral-7b,logiqa2,complex,correct,0.8197672329843035,-0.04856190449888435,-0.11440044035189113,0.014076113502006831,228.4903108650383
mistral-7b,logiqa2,complex,correct,0.8271939935535182,-0.04645192861447954,-0.11199700860673562,0.019813394783797317,209.77523035262826
mistral-7b,logiqa2,complex,correct,0.8346207541227331,-0.04378073178036971,-0.10978670648158635,0.024999793169969132,192.21079414281414
mistral-7b,logiqa2,complex,correct,0.8420475146919479,-0.04054321400915867,-0.10757067637713932,0.030351558395388875,175.85610448719652
mistral-7b,logiqa2,complex,correct,0.8494742752611626,-0.036763258797765076,-0.10584349288946213,0.03442835796009392,160.75361925336736
mistral-7b,logiqa2,complex,correct,0.8569010358303775,-0.03249571787071335,-0.10250381310949797,0.039159048407891,146.92447989018717
mistral-7b,logiqa2,complex,correct,0.8643277963995923,-0.027824865422447154,-0.10061171995882211,0.04654447164343613,134.36586673271592
mistral-7b,logiqa2,complex,correct,0.8717545569688072,-0.0228592118890555,-0.09989562863618791,0.05431378110086765,123.05054082636198
mistral-7b,logiqa2,complex,correct,0.8791813175380219,-0.017723350690763053,-0.0991704416623441,0.06279785679590007,112.92849806010159
mistral-7b,logiqa2,complex,correct,0.8866080781072367,-0.01254815242608418,-0.09663268421760607,0.06877981936837824,103.93041955372536
mistral-7b,logiqa2,complex,correct,0.8940348386764516,-0.007460907111627455,-0.09410985750785993,0.07800328296852263,95.97237899512717
mistral-7b,logiqa2,simple,all,0.299899086356163,-0.03542784337958252,-0.05995080569728526,-0.011178190633359345,1110.186781444096
mistral-7b,logiqa2,simple,all,0.3075313909575343,-0.03555733005853916,-0.05968758099802812,-0.011639803289167097,1149.3777472025658
mistral-7b,logiqa2,simple,all,0.3151636955589056,-0.03572460153821052,-0.059552850002724984,-0.012271887014578103,1197.758239484516
mistral-7b,logiqa2,simple,all,0.3227960001602769,-0.035937066794636055,-0.059444029277793436,-0.012764988053465097,1257.3416389442573
mistral-7b,logiqa2,simple,all,0.3304283047616482,-0.03620244719965251,-0.05937340558929517,-0.013385035442647127,1330.3637778713398
mistral-7b,logiqa2,simple,all,0.33806060936301946,-0.036528231417957295,-0.059366569453778203,-0.013795804305628816,1419.0800297922137
mistral-7b,logiqa2,simple,all,0.3456929139643907,-0.03692090206771625,-0.05931021722114254,-0.014454282556688791,1525.323631367093
mistral-7b,logiqa2,simple,all,0.35332521856576204,-0.03738496593022072,-0.05927913073464563,-0.01536202797919454,1649.698881654297
mistral-7b,logiqa2,simple,all,0.3609575231671333,-0.03792189383608376,-0.05931561760983981,-0.015631973311117164,1790.338665057627
mistral-7b,logiqa2,simple,all,0.36858982776850463,-0.03852915989487502,-0.059581963786988365,-0.016887886464654223,1941.4098020483798
mistral-7b,logiqa2,simple,all,0.3762221323698759,-0.039199629033099,-0.060498897258027935,-0.017901745683786496,2092.0923020692035
mistral-7b,logiqa2,simple,all,0.3838544369712472,-0.03992153391394335,-0.061034202882745275,-0.018790062704644294,2227.3450558330837
mistral-7b,logiqa2,simple,all,0.3914867415726185,-0.040679178369932054,-0.06201881776360821,-0.018562699035183726,2331.5134720886035
mistral-7b,logiqa2,simple,all,0.39911904617398974,-0.04145431805070436,-0.0633582377200202,-0.019788142715328715,2393.9001708874302
mistral-7b,logiqa2,simple,all,0.40675135077536106,-0.04222796548617418,-0.06393210239349607,-0.01997883286484895,2413.0162855170374
mistral-7b,logiqa2,simple,all,0.41438365537673233,-0.04298223587140215,-0.06497928985314623,-0.020466073939371533,2396.4889682012026
mistral-7b,logiqa2,simple,all,0.42201595997810365,-0.04370185252728415,-0.06571922212738746,-0.021004845079571285,2357.0284529689848
mistral-7b,logiqa2,simple,all,0.4296482645794749,-0.04437506045810787,-0.06650239453531197,-0.02143123265263069,2307.601233941364
mistral-7b,logiqa2,simple,all,0.43728056918084623,-0.044993885497282164,-0.0679242071040962,-0.022267580720080036,2258.3837389232526
mistral-7b,logiqa2,simple,all,0.4449128737822175,-0.045553842895085184,-0.06861757701096674,-0.023072974433184474,2215.922397164393
mistral-7b,logiqa2,simple,all,0.45254517838358876,-0.046053291007630254,-0.06951918308031409,-0.023111284945425154,2183.639354460544
mistral-7b,logiqa2,simple,all,0.4601774829849601,-0.046492637236421656,-0.07023281638194691,-0.022891461975865987,2162.762130698211
mistral-7b,logiqa2,simple,all,0.4678097875863314,-0.046873560763750294,-0.07060175391516225,-0.023262330133128856,2153.168376338592
mistral-7b,logiqa2,simple,all,0.4754420921877026,-0.04719835404345851,-0.07069344243168132,-0.023632634442679348,2153.9865232668176
mistral-7b,logiqa2,simple,all,0.48307439678907393,-0.04746942767233134,-0.07089112794329135,-0.02364118978657668,2163.9638439394625
mistral-7b,logiqa2,simple,all,0.49070670139044525,-0.04768898278538391,-0.07106572198244264,-0.023865062462989667,2181.664060821838
mistral-7b,logiqa2,simple,all,0.4983390059918165,-0.04785883256365539,-0.07128125839915775,-0.024217370690260157,2205.5555554500925
mistral-7b,logiqa2,simple,all,0.5059713105931878,-0.047980345628366,-0.07130346744226382,-0.02415693361059904,2234.0363094121467
mistral-7b,logiqa2,simple,all,0.5136036151945591,-0.04805448364996179,-0.07136147144066993,-0.024316934557236453,2265.4276470611912
mistral-7b,logiqa2,simple,all,0.5212359197959304,-0.04808190896570719,-0.07114993270769616,-0.02440949052407616,2297.959161651069
mistral-7b,logiqa2,simple,all,0.5288682243973016,-0.048063142427634535,-0.07096390244330761,-0.024519874842631528,2329.761310197583
mistral-7b,logiqa2,simple,all,0.536500528998673,-0.04799875549853381,-0.07100037785079617,-0.02431082626104373,2358.8783529256325
mistral-7b,logiqa2,simple,all,0.5441328336000443,-0.04788958314148818,-0.07145836597619071,-0.023953949411462394,2383.310799010033
mistral-7b,logiqa2,simple,all,0.5517651382014155,-0.04773694526510663,-0.07127797036796243,-0.023403168414013836,2401.091832560048
mistral-7b,logiqa2,simple,all,0.5593974428027868,-0.04754286467935039,-0.0707064156220874,-0.023118837959775273,2410.3955489595355
mistral-7b,logiqa2,simple,all,0.5670297474041581,-0.047310269137795846,-0.07066274010255182,-0.022702717468412723,2409.666557248211
mistral-7b,logiqa2,simple,all,0.5746620520055294,-0.04704316460396725,-0.06998002111706178,-0.022629742774656944,2397.752290530785
mistral-7b,logiqa2,simple,all,0.5822943566069008,-0.046746766879090525,-0.06971270903746922,-0.021886904230811393,2374.0139858226285
mistral-7b,logiqa2,simple,all,0.589926661208272,-0.046427579579332995,-0.06962778001661357,-0.021760774367184068,2338.3925475927117
mistral-7b,logiqa2,simple,all,0.5975589658096432,-0.04609340841488299,-0.06929389345593215,-0.021685713619941274,2291.412686659909
mistral-7b,logiqa2,simple,all,0.6051912704110145,-0.04575330485563555,-0.0691975638520112,-0.0214833747103521,2234.121447112068
mistral-7b,logiqa2,simple,all,0.6128235750123858,-0.04541743638117278,-0.06872751398048267,-0.02122046572885789,2167.971588256049
mistral-7b,logiqa2,simple,all,0.6204558796137571,-0.04509688518127696,-0.06844126140298443,-0.020797853685011046,2094.6714806770096
mistral-7b,logiqa2,simple,all,0.6280881842151285,-0.0448033817877455,-0.06814112361843494,-0.02026859392288128,2016.0277746317893
mistral-7b,logiqa2,simple,all,0.6357204888164998,-0.0445489839813548,-0.06782377756768158,-0.01969605117697887,1933.8045014738939
mistral-7b,logiqa2,simple,all,0.643352793417871,-0.04434571376811899,-0.06760097758670149,-0.018703072480600807,1849.6145595059097
mistral-7b,logiqa2,simple,all,0.6509850980192422,-0.04420516575434011,-0.0671028226482895,-0.01841938230378888,1764.8500768232402
mistral-7b,logiqa2,simple,all,0.6586174026206135,-0.04413809862064349,-0.06738032400919379,-0.018589977695416024,1680.6499343573296
mistral-7b,logiqa2,simple,all,0.6662497072219848,-0.044154017645896784,-0.0682223600537715,-0.01859257805753163,1597.8974297353332
mistral-7b,logiqa2,simple,all,0.6738820118233562,-0.044260750687884355,-0.06843179176970314,-0.018364013382159435,1517.2388971155399
mistral-7b,logiqa2,simple,all,0.6815143164247275,-0.04446401323818847,-0.06930818386395064,-0.017701492333690085,1439.114365059675
mistral-7b,logiqa2,simple,all,0.6891466210260988,-0.04476695083652788,-0.07007254670005023,-0.016958529381115976,1363.7930059278794
mistral-7b,logiqa2,simple,all,0.69677892562747,-0.04516964005918138,-0.0712901527662623,-0.016744529999864022,1291.4082923299839
mistral-7b,logiqa2,simple,all,0.7044112302288412,-0.04566852339242122,-0.07167765767232923,-0.016745299762600058,1221.9898180954383
mistral-7b,logiqa2,simple,all,0.7120435348302125,-0.04625574964117569,-0.07308666010720292,-0.016953553254872775,1155.4903609440707
mistral-7b,logiqa2,simple,all,0.7196758394315839,-0.04691839149619778,-0.07445780812583247,-0.017017578267569004,1091.8078869438946
mistral-7b,logiqa2,simple,all,0.7273081440329552,-0.047637517394843655,-0.07549721032674113,-0.01690649658328334,1030.8028801366186
mistral-7b,logiqa2,simple,all,0.7349404486343265,-0.04838710848386362,-0.0776985687684942,-0.017261073624363663,972.3117381444068
mistral-7b,logiqa2,simple,all,0.7425727532356977,-0.04913283677201088,-0.07913149114790968,-0.01777084263536674,916.1571290725213
mistral-7b,logiqa2,simple,all,0.750205057837069,-0.04983076153161114,-0.08083520947192911,-0.017548567583223387,862.1562630523206
mistral-7b,logiqa2,simple,all,0.7578373624384402,-0.05042606163477288,-0.0816693806063375,-0.017075106578089087,810.1280688316613
mistral-7b,logiqa2,simple,all,0.7654696670398116,-0.05085200387295169,-0.08327221048954007,-0.01658678067141404,759.9003131647368
mistral-7b,logiqa2,simple,all,0.7731019716411829,-0.05102944841949616,-0.08543615815422213,-0.015716121616330708,711.31772731851
mistral-7b,logiqa2,simple,all,0.7807342762425542,-0.050867299632429114,-0.08667625501131872,-0.01368149961714477,664.2520972151407
mistral-7b,logiqa2,simple,all,0.7883665808439255,-0.05026439513230493,-0.08759145113739461,-0.011814550820848105,618.6148323714563
mistral-7b,logiqa2,simple,all,0.7959988854452967,-0.049113341114588246,-0.08907230433044966,-0.010820583390582943,574.3715242998767
mistral-7b,logiqa2,simple,all,0.803631190046668,-0.04730668374624269,-0.08978854984026194,-0.008228998968780874,531.5563409239194
mistral-7b,logiqa2,simple,all,0.8112634946480394,-0.04474549292723645,-0.0887191661473826,-0.004197330662924426,490.2820871685005
mistral-7b,logiqa2,simple,all,0.8188957992494106,-0.04134990008212218,-0.0868415076791132,0.0016227792847198822,450.74032795697656
mistral-7b,logiqa2,simple,all,0.8265281038507819,-0.03707043526348953,-0.08397572112483047,0.0080232606503513,413.18651243599146
mistral-7b,logiqa2,simple,all,0.8341604084521532,-0.03189833041225467,-0.08060141462145988,0.01413845786979183,377.9085605660313
mistral-7b,logiqa2,simple,all,0.8417927130535244,-0.02587257718763873,-0.07750334285727561,0.02185320880599401,345.1832674780046
mistral-7b,logiqa2,simple,all,0.8494250176548958,-0.01908173101252633,-0.0727847160751482,0.030539566017324552,315.2304860008348
mistral-7b,logiqa2,simple,all,0.8570573222562671,-0.01165935370602541,-0.06796941911837542,0.040082503239180375,288.17702059522804
mistral-7b,logiqa2,simple,all,0.8646896268576384,-0.003773402046375846,-0.06228359193978509,0.050635520403945686,264.03900151905884
mistral-7b,logiqa2,simple,all,0.8723219314590096,0.004388666182790581,-0.05734105754473339,0.062270388810966845,242.7248947932429
mistral-7b,logiqa2,simple,all,0.8799542360603809,0.012636326592821432,-0.05347406730419629,0.07384836144351004,224.0548469351689
mistral-7b,logiqa2,simple,all,0.8875865406617522,0.020791085058154843,-0.04719466688847788,0.08537656350941293,207.7886250812582
mistral-7b,logiqa2,simple,all,0.8952188452631235,0.028698028525578484,-0.04251112228512687,0.09778530328332673,193.6545389739507
mistral-7b,logiqa2,simple,all,0.9028511498644948,0.03623274918822202,-0.0381370949518588,0.10903420177759593,181.37410688784036
mistral-7b,logiqa2,simple,all,0.9104834544658661,0.04330369837312354,-0.032630159520644235,0.12055059742962891,170.68010571147911
mistral-7b,logiqa2,simple,errors,0.2999114739894867,-0.043755724382355796,-0.07719133947869007,-0.00996850132782997,562.8628754331265
mistral-7b,logiqa2,simple,errors,0.3076214230209589,-0.04383756940248498,-0.07669348134416244,-0.010434118936039665,582.0177015156918
mistral-7b,logiqa2,simple,errors,0.3153313720524311,-0.043950219528458255,-0.07668348223988636,-0.011030849997266041,605.6795149019632
mistral-7b,logiqa2,simple,errors,0.3230413210839033,-0.04410017479308462,-0.07664300551027961,-0.011576211928641738,634.8398764914625
mistral-7b,logiqa2,simple,errors,0.33075127011537553,-0.04429427379238499,-0.0765555599763262,-0.012087871662677548,670.60039424711
mistral-7b,logiqa2,simple,errors,0.33846121914684774,-0.04453923107943556,-0.07644689699067751,-0.013303306758238664,714.0718399143608
mistral-7b,logiqa2,simple,errors,0.34617116817831994,-0.044840968992607456,-0.07629195960618206,-0.014370449722978683,766.1535209862043
mistral-7b,logiqa2,simple,errors,0.35388111720979215,-0.04520376663170287,-0.0766153278909972,-0.01581438602151884,827.1281983433894
mistral-7b,logiqa2,simple,errors,0.36159106624126436,-0.045629315074640145,-0.07651982349563019,-0.01698534581980558,896.0345915072454
mistral-7b,logiqa2,simple,errors,0.36930101527273657,-0.04611584548488604,-0.0762671388757205,-0.01817544653025665,969.9075080809088
mistral-7b,logiqa2,simple,errors,0.3770109643042088,-0.04665755581752115,-0.07665914897868457,-0.01942385192098581,1043.2548918755808
mistral-7b,logiqa2,simple,errors,0.384720913335681,-0.04724456187038943,-0.07642512456085049,-0.020564904891104945,1108.4503145771644
mistral-7b,logiqa2,simple,errors,0.3924308623671532,-0.04786350932722415,-0.07668872910990233,-0.02050816730038884,1157.5950344703263
mistral-7b,logiqa2,simple,errors,0.40014081139862534,-0.04849881336594226,-0.07658356963290758,-0.02078862671125056,1185.3939103394669
mistral-7b,logiqa2,simple,errors,0.4078507604300976,-0.04913429993184042,-0.07834931973838347,-0.020972118046864347,1191.3221354587458
mistral-7b,logiqa2,simple,errors,0.41556070946156975,-0.04975489353893167,-0.07935737547263322,-0.021310811210087606,1179.506991262962
mistral-7b,logiqa2,simple,errors,0.423270658493042,-0.05034799235404093,-0.08038897319707464,-0.021920979023045885,1156.5770620557232
mistral-7b,logiqa2,simple,errors,0.43098060752451417,-0.05090429000992435,-0.08147751010315993,-0.02244628963383855,1129.1597219849025
mistral-7b,logiqa2,simple,errors,0.43869055655598643,-0.05141798232344887,-0.08223633838602706,-0.02306423840159739,1102.3558445523383
mistral-7b,logiqa2,simple,errors,0.4464005055874586,-0.051886455976388794,-0.08301793738873404,-0.0232642925920818,1079.3688213845605
mistral-7b,logiqa2,simple,errors,0.45411045461893085,-0.05230964389695557,-0.08396151489862762,-0.023436476792627448,1061.8096814624948
mistral-7b,logiqa2,simple,errors,0.461820403650403,-0.05268924237492468,-0.08441179052774589,-0.02401979706416546,1050.1954352208274
mistral-7b,logiqa2,simple,errors,0.46953035268187526,-0.053027943381772275,-0.08439979136168424,-0.024015921872051475,1044.3858687573588
mistral-7b,logiqa2,simple,errors,0.4772403017133474,-0.05332877548655291,-0.08479445080530539,-0.024187172920864503,1043.8861885241388
mistral-7b,logiqa2,simple,errors,0.4849502507448196,-0.05359459260635041,-0.08457517104917735,-0.024506016159642714,1048.027623411087
mistral-7b,logiqa2,simple,errors,0.49266019977629183,-0.05382771255132827,-0.08482278741067417,-0.024846977005160354,1056.0608643489568
mistral-7b,logiqa2,simple,errors,0.5003701488077641,-0.05402968758648748,-0.08534874740159043,-0.0247884593348234,1067.194697530794
mistral-7b,logiqa2,simple,errors,0.5080800978392362,-0.054201182703280434,-0.08505578718172871,-0.024901679359163802,1080.6036746391678
mistral-7b,logiqa2,simple,errors,0.5157900468707084,-0.054341938639983614,-0.08484324124301652,-0.025327586608828154,1095.4212390351456
mistral-7b,logiqa2,simple,errors,0.5234999959021807,-0.054450801554543675,-0.08496156011843224,-0.02579054968969289,1110.729850562294
mistral-7b,logiqa2,simple,errors,0.5312099449336529,-0.05452580676885196,-0.08518467930191291,-0.026011262182467226,1125.5568083172789
mistral-7b,logiqa2,simple,errors,0.5389198939651251,-0.054564308578965645,-0.08559663110965372,-0.02566495056422769,1138.8826325610924
mistral-7b,logiqa2,simple,errors,0.5466298429965972,-0.05456315104770172,-0.08552297818397457,-0.02599349632537543,1149.6669806769958
mistral-7b,logiqa2,simple,errors,0.5543397920280695,-0.05451887577901002,-0.08537180421328801,-0.026233967514056336,1156.894278665933
mistral-7b,logiqa2,simple,errors,0.5620497410595418,-0.05442796203708665,-0.0850405065302461,-0.026188407878458168,1159.6371333101235
mistral-7b,logiqa2,simple,errors,0.5697596900910139,-0.054287092525802154,-0.08467247989960057,-0.025789477210431948,1157.1304780371286
mistral-7b,logiqa2,simple,errors,0.5774696391224861,-0.05409343513218713,-0.08413236722547021,-0.025685918981488635,1148.844530813288
mistral-7b,logiqa2,simple,errors,0.5851795881539583,-0.053844927517074544,-0.08343744313553382,-0.025917573697997687,1134.541889628
mistral-7b,logiqa2,simple,errors,0.5928895371854306,-0.05354054823249579,-0.08322335773870641,-0.026035652687009338,1114.3051935526685
mistral-7b,logiqa2,simple,errors,0.6005994862169027,-0.05318055568900934,-0.0829130236007799,-0.0261772755455089,1088.5272469538052
mistral-7b,logiqa2,simple,errors,0.6083094352483749,-0.052766675326542015,-0.08231458682685028,-0.024811706113344864,1057.8639743148804
mistral-7b,logiqa2,simple,errors,0.6160193842798471,-0.05230221610219745,-0.08183897825935546,-0.024282497045580734,1023.1591690435042
mistral-7b,logiqa2,simple,errors,0.6237293333113194,-0.05179209995100945,-0.08140540559386449,-0.023418108060665157,985.3556900238876
mistral-7b,logiqa2,simple,errors,0.6314392823427916,-0.05124279191700837,-0.08160178357653383,-0.022385433562839667,945.4088560272502
mistral-7b,logiqa2,simple,errors,0.6391492313742637,-0.050662123591342166,-0.0816993470134602,-0.021896156575745437,904.2146178601893
mistral-7b,logiqa2,simple,errors,0.646859180405736,-0.050059007506542165,-0.08172350590571043,-0.021952568863786985,862.5595085524762
mistral-7b,logiqa2,simple,errors,0.6545691294372082,-0.0494430443216092,-0.0820763694691784,-0.020748783062458472,821.09362359521
mistral-7b,logiqa2,simple,errors,0.6622790784686804,-0.04882402719074644,-0.08234203813875954,-0.01883991312550031,780.323584658581
mistral-7b,logiqa2,simple,errors,0.6699890275001525,-0.04821134809669616,-0.08216376734367335,-0.017699847574201833,740.6201962129024
mistral-7b,logiqa2,simple,errors,0.6776989765316248,-0.04761330897948225,-0.08246778504030058,-0.016889316374032324,702.2350863439464
mistral-7b,logiqa2,simple,errors,0.685408925563097,-0.047036336473082196,-0.08237776517036582,-0.015405991925514288,665.3213956425067
mistral-7b,logiqa2,simple,errors,0.6931188745945691,-0.04648409371364462,-0.08264861830057278,-0.013280028222720454,629.9548782008264
mistral-7b,logiqa2,simple,errors,0.7008288236260414,-0.04595647723571175,-0.08303249879086062,-0.011180522746790477,596.1531190107543
mistral-7b,logiqa2,simple,errors,0.7085387726575136,-0.04544848322299242,-0.08343524560206078,-0.009861354602614466,563.8916853352132
mistral-7b,logiqa2,simple,errors,0.7162487216889858,-0.0449489278236728,-0.08322349545949413,-0.00868524672770947,533.1168260417915
mistral-7b,logiqa2,simple,errors,0.7239586707204579,-0.04443901427583676,-0.08400579698018543,-0.0065855285969618075,503.75483263957824
mistral-7b,logiqa2,simple,errors,0.7316686197519302,-0.043890759713020096,-0.08455064181804976,-0.005688421778393201,475.7184528344944
mistral-7b,logiqa2,simple,errors,0.7393785687834025,-0.04326533233488839,-0.08503287895697159,-0.0034012999870209827,448.91089419188677
mistral-7b,logiqa2,simple,errors,0.7470885178148746,-0.042511411309166615,-0.08535740225668348,-0.0011901376612208706,423.2280641733242
mistral-7b,logiqa2,simple,errors,0.7547984668463468,-0.041563772432801724,-0.0854074603403248,0.0017510979168772504,398.5598437002693
mistral-7b,logiqa2,simple,errors,0.762508415877819,-0.04034242278915661,-0.08531061407710273,0.004634503208435665,374.79143564927335
mistral-7b,logiqa2,simple,errors,0.7702183649092913,-0.038752747415327124,-0.08482875371896063,0.008035607791745909,351.8061542920467
mistral-7b,logiqa2,simple,errors,0.7779283139407634,-0.03668726149689448,-0.08428773585604482,0.010949105901599684,329.49129140796595
mistral-7b,logiqa2,simple,errors,0.7856382629722356,-0.0340296269288653,-0.08317109261737055,0.015018049509344066,307.74859193845646
mistral-7b,logiqa2,simple,errors,0.7933482120037079,-0.030661507611810527,-0.08130879087745331,0.020010811894066578,286.50991238547675
mistral-7b,logiqa2,simple,errors,0.80105816103518,-0.0264725061494828,-0.07822501587283442,0.025543597097132872,265.75640343850364
mistral-7b,logiqa2,simple,errors,0.8087681100666523,-0.02137278007455194,-0.0761007973993885,0.0325537000481396,245.5362633809854
mistral-7b,logiqa2,simple,errors,0.8164780590981244,-0.015307017534587028,-0.07168846685050301,0.04170261329224389,225.97321183339142
mistral-7b,logiqa2,simple,errors,0.8241880081295967,-0.008267475856038032,-0.06739387800014779,0.051027443610892426,207.25791198061052
mistral-7b,logiqa2,simple,errors,0.8318979571610688,-0.00030314764073897596,-0.06521854427662038,0.06408035017357662,189.6195641150401
mistral-7b,logiqa2,simple,errors,0.8396079061925411,0.008477735201375569,-0.0610659398255892,0.07420961582277091,173.2835066239763
mistral-7b,logiqa2,simple,errors,0.8473178552240133,0.017913479906607552,-0.05731466032324756,0.08680316632442507,158.42788169127496
mistral-7b,logiqa2,simple,errors,0.8550278042554855,0.027802636889929004,-0.052751240356378626,0.09933085433304115,145.15314056265487
mistral-7b,logiqa2,simple,errors,0.8627377532869577,0.037923173771652954,-0.04658189227649534,0.11688094335854195,133.4718677006673
mistral-7b,logiqa2,simple,errors,0.8704477023184299,0.04805329047490791,-0.041200975189988526,0.1338417472191715,123.31763255144367
mistral-7b,logiqa2,simple,errors,0.8781576513499021,0.05798993347661754,-0.03676840387369598,0.149817447738304,114.56562290717635
mistral-7b,logiqa2,simple,errors,0.8858676003813744,0.06756214598828823,-0.03489510843543047,0.1651709960396585,107.0566938939091
mistral-7b,logiqa2,simple,errors,0.8935775494128465,0.07663808495528295,-0.03327327115218859,0.17895768055663233,100.6187684343303
mistral-7b,logiqa2,simple,errors,0.9012874984443188,0.08512613777890655,-0.034113913024870025,0.19226278128010096,95.08275780588853
mistral-7b,logiqa2,simple,errors,0.9089974474757909,0.0929716033241119,-0.032053942256445325,0.20627541174578262,90.29267279758034
mistral-7b,logiqa2,simple,errors,0.9167073965072632,0.10015074794017155,-0.029831907077467634,0.21884198814070485,86.11091207348916
mistral-7b,logiqa2,simple,correct,0.29989399313926696,-0.026804122711026303,-0.06014124462764025,0.005545885264152406,547.3531358108933
mistral-7b,logiqa2,simple,correct,0.3073207537084818,-0.026993332657583767,-0.05958586770203546,0.0050150573268482315,567.0098420748113
mistral-7b,logiqa2,simple,correct,0.3147475142776966,-0.027228315104900314,-0.05917785040427884,0.004249489859957173,591.1729393692135
mistral-7b,logiqa2,simple,correct,0.32217427484691136,-0.027517223519302494,-0.05860240521131427,0.0036954793550278047,620.808981653482
mistral-7b,logiqa2,simple,correct,0.3296010354161262,-0.02786843356748898,-0.05796930456295112,0.0026745800146325,656.9914848173938
mistral-7b,logiqa2,simple,correct,0.337027795985341,-0.02828993814201761,-0.057574364233107085,0.0014728462616916897,700.811049555032
mistral-7b,logiqa2,simple,correct,0.3444545565545558,-0.02878851289525199,-0.05744110693496737,0.0004643746002483006,753.1809602046595
mistral-7b,logiqa2,simple,correct,0.35188131712377063,-0.029368691499327023,-0.05722020437345236,-0.0014574487714146753,814.4832971979745
mistral-7b,logiqa2,simple,correct,0.3593080776929854,-0.03003166300264831,-0.05667392282988846,-0.0024049588381199524,884.0216078771742
mistral-7b,logiqa2,simple,correct,0.3667348382622002,-0.030774283123600067,-0.05687484409294934,-0.00448734560436367,959.3460873930005
mistral-7b,logiqa2,simple,correct,0.37416159883141503,-0.031588445529068955,-0.05671270376273374,-0.005835737616202637,1035.7364255391128
mistral-7b,logiqa2,simple,correct,0.38158835940062985,-0.032461049053781034,-0.05696092845246009,-0.007021764964280717,1106.3864875721995
mistral-7b,logiqa2,simple,correct,0.3890151199698446,-0.03337469694434833,-0.05754779595614139,-0.007512840782170509,1163.8016379542032
mistral-7b,logiqa2,simple,correct,0.39644188053905943,-0.0343090870705952,-0.05871208011986728,-0.009264269166088307,1202.2114611598774
mistral-7b,logiqa2,simple,correct,0.40386864110827425,-0.035242856279627394,-0.060057583819225276,-0.010208673215455122,1219.7370758887057
mistral-7b,logiqa2,simple,correct,0.41129540167748907,-0.03615550926707866,-0.06148911224335597,-0.010058084459463424,1218.8608649201233
mistral-7b,logiqa2,simple,correct,0.4187221622467039,-0.03702905140945373,-0.06302046076839875,-0.010917338472069486,1204.9879666101397
mistral-7b,logiqa2,simple,correct,0.42614892281591865,-0.03784905628362572,-0.0641529888180486,-0.011826983707914617,1184.2643299936967
mistral-7b,logiqa2,simple,correct,0.4335756833851335,-0.03860507591554758,-0.06512326485299068,-0.012247353748879626,1161.9269630161111
mistral-7b,logiqa2,simple,correct,0.4410024439543483,-0.03929046933709117,-0.06582688450128273,-0.012074419060604715,1141.6314864244741
mistral-7b,logiqa2,simple,correct,0.4484292045235631,-0.03990182894292305,-0.06661006446207436,-0.012313674077057883,1125.5067763302202
mistral-7b,logiqa2,simple,correct,0.4558559650927779,-0.040438211220614854,-0.0673830243408379,-0.01294551375924829,1114.5213303030255
mistral-7b,logiqa2,simple,correct,0.4632827256619927,-0.04090034781114633,-0.06816257196524943,-0.013505132508409819,1108.880066855378
mistral-7b,logiqa2,simple,correct,0.47070948623120756,-0.04128995549921497,-0.06895426927452372,-0.014014906263763857,1108.3349595949564
mistral-7b,logiqa2,simple,correct,0.4781362468004223,-0.041609205572633215,-0.06958307793961983,-0.014624271486749123,1112.3909453816148
mistral-7b,logiqa2,simple,correct,0.48556300736963715,-0.04186036819369995,-0.0700506464153895,-0.014665398299525557,1120.4266834081334
mistral-7b,logiqa2,simple,correct,0.49298976793885196,-0.042045619600150776,-0.07016791682248523,-0.01417712416166015,1131.7566699420072
mistral-7b,logiqa2,simple,correct,0.5004165285080667,-0.042166986514918826,-0.07026751541672498,-0.014385089687949772,1145.6569665280301
mistral-7b,logiqa2,simple,correct,0.5078432890772816,-0.042226398354229186,-0.06989034138155734,-0.013562240426842904,1161.3706829013329
mistral-7b,logiqa2,simple,correct,0.5152700496464964,-0.04222581922222992,-0.06960243056094145,-0.013641647569068603,1178.104463186087
mistral-7b,logiqa2,simple,correct,0.5226968102157112,-0.042167435045373874,-0.06929682098348304,-0.013726158731519911,1195.0239882348944
mistral-7b,logiqa2,simple,correct,0.530123570784926,-0.042053874625543636,-0.06944730728281605,-0.013667459018290376,1211.2544700567103
mistral-7b,logiqa2,simple,correct,0.5375503313541408,-0.04188844600405635,-0.06940894454105372,-0.01325093992484969,1225.8906237110732
mistral-7b,logiqa2,simple,correct,0.5449770919233556,-0.04167537114345885,-0.06928387053651204,-0.013211922102381677,1238.019055405494
mistral-7b,logiqa2,simple,correct,0.5524038524925704,-0.0414200027707133,-0.06915024492837747,-0.012627716469374313,1246.753969718481
mistral-7b,logiqa2,simple,correct,0.5598306130617852,-0.04112900771282652,-0.06892044541701592,-0.012069602170508169,1251.2844275628856
mistral-7b,logiqa2,simple,correct,0.567257373631,-0.040810501698074785,-0.06854719995014934,-0.011646925196166058,1250.928332451235
mistral-7b,logiqa2,simple,correct,0.5746841342002148,-0.04047412187506766,-0.06858756383036449,-0.01138028425319802,1245.1855627784748
mistral-7b,logiqa2,simple,correct,0.5821108947694296,-0.0401310255995793,-0.06828494249239757,-0.010778914444674331,1233.78114232575
mistral-7b,logiqa2,simple,correct,0.5895376553386444,-0.03979380756757435,-0.06848794776228075,-0.010217586668102125,1216.689881073114
mistral-7b,logiqa2,simple,correct,0.5969644159078593,-0.0394763321208458,-0.06875711045281199,-0.009735298202555477,1194.136788519135
mistral-7b,logiqa2,simple,correct,0.6043911764770741,-0.0391934832562343,-0.06843720451463652,-0.009153748267787,1166.5721750350876
mistral-7b,logiqa2,simple,correct,0.6118179370462888,-0.03896084102669183,-0.06851119280114436,-0.008655229652633527,1134.6253903181548
mistral-7b,logiqa2,simple,correct,0.6192446976155037,-0.038794298945203684,-0.06841854521449736,-0.007934863302298695,1099.0450664851974
mistral-7b,logiqa2,simple,correct,0.6266714581847185,-0.03870964192134982,-0.06889810770832523,-0.007090826451788355,1060.6354492275038
mistral-7b,logiqa2,simple,correct,0.6340982187539332,-0.03872210745325361,-0.06944244976635369,-0.00729235780324689,1020.1976938723292
mistral-7b,logiqa2,simple,correct,0.6415249793231481,-0.03884595372253918,-0.0697209687296872,-0.007564960074750642,978.4824905357243
mistral-7b,logiqa2,simple,correct,0.6489517398923629,-0.03909405663772149,-0.06961296888139448,-0.007182645871028255,936.15711808845
mistral-7b,logiqa2,simple,correct,0.6563785004615776,-0.03947755381656852,-0.07045578623149021,-0.007823007124710218,893.7870142338029
mistral-7b,logiqa2,simple,correct,0.6638052610307925,-0.040005547382729496,-0.07220295250746066,-0.007810304062355223,851.8298165292837
mistral-7b,logiqa2,simple,correct,0.6712320216000074,-0.040684869910873916,-0.07404421583084364,-0.00796586514615149,810.6387554975354
mistral-7b,logiqa2,simple,correct,0.6786587821692222,-0.04151990965045818,-0.07578083846749084,-0.008682358014376591,770.4721103898389
mistral-7b,logiqa2,simple,correct,0.6860855427384369,-0.0425124830606558,-0.07632786878691261,-0.009312668941350286,731.5058602544709
mistral-7b,logiqa2,simple,correct,0.6935123033076518,-0.04366173537751489,-0.07905006621734187,-0.009500671240618305,693.8473622439913
mistral-7b,logiqa2,simple,correct,0.7009390638768666,-0.04496404395000979,-0.08133745705993901,-0.010386298739821748,657.5486271502491
mistral-7b,logiqa2,simple,correct,0.7083658244460813,-0.046412894837936744,-0.08403239301412539,-0.010580394563118978,622.6183988145901
mistral-7b,logiqa2,simple,correct,0.7157925850152962,-0.04799870101785403,-0.08616772456222654,-0.01110817356040465,589.032722222847
mistral-7b,logiqa2,simple,correct,0.723219345584511,-0.04970853090949606,-0.0898834897167205,-0.011836323807678573,556.744002401264
mistral-7b,logiqa2,simple,correct,0.7306461061537257,-0.05152571943500002,-0.09211479222390044,-0.012490533147174309,525.6887380305574
mistral-7b,logiqa2,simple,correct,0.7380728667229406,-0.05342934142789821,-0.09466233956366706,-0.012362884899019027,495.7941933282415
mistral-7b,logiqa2,simple,correct,0.7454996272921555,-0.05539354034640992,-0.09823075443241201,-0.011346086157618892,466.9842789134688
mistral-7b,logiqa2,simple,correct,0.7529263878613702,-0.05738672580661417,-0.10222371021685331,-0.01152119198905919,439.184868171471
mistral-7b,logiqa2,simple,correct,0.760353148430585,-0.05937068359174839,-0.10450298059796119,-0.011305066511653089,412.3286925793458
mistral-7b,logiqa2,simple,correct,0.7677799089997999,-0.06129968338999504,-0.10796417111645108,-0.011214420084574794,386.3598450153804
mistral-7b,logiqa2,simple,correct,0.7752066695690146,-0.06311972308216601,-0.11253714509886098,-0.011337084272189012,361.23778281118473
mistral-7b,logiqa2,simple,correct,0.7826334301382294,-0.06476811133462781,-0.11746920068315375,-0.01123467817105081,336.94057898935495
mistral-7b,logiqa2,simple,correct,0.7900601907074443,-0.06617365439104904,-0.12174360721454322,-0.011497893307046135,313.4670510404711
mistral-7b,logiqa2,simple,correct,0.797486951276659,-0.06725776199208978,-0.1256156377022782,-0.011750278855770756,290.83734462892016
mistral-7b,logiqa2,simple,correct,0.8049137118458738,-0.06793679539117567,-0.1284174710271074,-0.011435107027197076,269.09160893456044
mistral-7b,logiqa2,simple,correct,0.8123404724150887,-0.0681259140601707,-0.13040223007613405,-0.010076535951109059,248.28659437582922
mistral-7b,logiqa2,simple,correct,0.8197672329843035,-0.06774450445116903,-0.13301318119616312,-0.008081232310360212,228.4903108650383
mistral-7b,logiqa2,simple,correct,0.8271939935535182,-0.06672297932643739,-0.13373572200010714,-0.004261390623044676,209.77523035262826
mistral-7b,logiqa2,simple,correct,0.8346207541227331,-0.06501034483253665,-0.13348566273686321,-0.001948087115653012,192.21079414281414
mistral-7b,logiqa2,simple,correct,0.8420475146919479,-0.06258152742595866,-0.13226950407030327,-0.0013543283159528868,175.85610448719652
mistral-7b,logiqa2,simple,correct,0.8494742752611626,-0.05944317065099774,-0.12990114803500694,0.0038896983228710416,160.75361925336736
mistral-7b,logiqa2,simple,correct,0.8569010358303775,-0.05563660382017773,-0.12835467337520018,0.008935767842812244,146.92447989018717
mistral-7b,logiqa2,simple,correct,0.8643277963995923,-0.051237045010336664,-0.12664358469292772,0.017565372029574946,134.36586673271592
mistral-7b,logiqa2,simple,correct,0.8717545569688072,-0.04634879545065121,-0.1233090113982264,0.026542438957041045,123.05054082636198
mistral-7b,logiqa2,simple,correct,0.8791813175380219,-0.04109702829004317,-0.12292849005543213,0.034458905822323964,112.92849806010159
mistral-7b,logiqa2,simple,correct,0.8866080781072367,-0.0356175004238059,-0.11978383305235922,0.04383654964578196,103.93041955372536
mistral-7b,logiqa2,simple,correct,0.8940348386764516,-0.030045882205227515,-0.11872509818123542,0.052731534924531726,95.97237899512717
mistral-7b,openbookqa,complex,all,0.29976196885108947,-0.11079954947881727,-0.16484177002147543,-0.061627865738175816,325.25907612521354
mistral-7b,openbookqa,complex,all,0.3056282383948564,-0.10986194095616297,-0.1637395480546803,-0.06113814925979825,333.4601160142522
mistral-7b,openbookqa,complex,all,0.31149450793862343,-0.10881786920952022,-0.16237159697819428,-0.060322744074170494,343.12079517413207
mistral-7b,openbookqa,complex,all,0.3173607774823904,-0.10765858981058056,-0.16066712373457587,-0.05859445705208489,354.48787594520303
mistral-7b,openbookqa,complex,all,0.32322704702615734,-0.10637605067927089,-0.1591445413927769,-0.057763995910889036,367.8354201583183
mistral-7b,openbookqa,complex,all,0.32909331656992435,-0.10496346047509726,-0.15738222590456394,-0.056765699093364444,383.45686462154305
mistral-7b,openbookqa,complex,all,0.3349595861136913,-0.10341597135042228,-0.15494974020061034,-0.0556793376624803,401.6478842888984
mistral-7b,openbookqa,complex,all,0.34082585565745827,-0.10173145063816362,-0.15246620822116033,-0.053766840455147846,422.6749042458435
mistral-7b,openbookqa,complex,all,0.3466921252012253,-0.09991129006907594,-0.15050821965963923,-0.05195205691554089,446.722971324121
mistral-7b,openbookqa,complex,all,0.35255839474499223,-0.09796117139968537,-0.14912027013054022,-0.04967051787309538,473.81712544951733
mistral-7b,openbookqa,complex,all,0.35842466428875924,-0.09589167946028193,-0.14737090320063762,-0.04797968607751861,503.7158684084714
mistral-7b,openbookqa,complex,all,0.3642909338325262,-0.09371863616740288,-0.14408139225360878,-0.04581910734027253,535.7872722436877
mistral-7b,openbookqa,complex,all,0.37015720337629315,-0.0914630320964101,-0.14089951791244854,-0.0433644586700312,568.90009316073
mistral-7b,openbookqa,complex,all,0.37602347292006016,-0.08915046421353781,-0.13775910600678906,-0.041113736413138015,601.3897613703108
mistral-7b,openbookqa,complex,all,0.3818897424638271,-0.08681005164588101,-0.13365138042997768,-0.03900907738908001,631.1741579819625
mistral-7b,openbookqa,complex,all,0.38775601200759413,-0.08447288824718177,-0.1312271074213728,-0.037060166518647096,656.0657005344301
mistral-7b,openbookqa,complex,all,0.3936222815513611,-0.08217018274837098,-0.1280303466754548,-0.0342715898923012,674.2360430235207
mistral-7b,openbookqa,complex,all,0.39948855109512804,-0.07993130945435072,-0.1250429302392921,-0.031113395028562838,684.6744154928774
mistral-7b,openbookqa,complex,all,0.40535482063889505,-0.0777820218494889,-0.12304846350791415,-0.029337169868324492,687.4347785171179
mistral-7b,openbookqa,complex,all,0.411221090182662,-0.07574305682923703,-0.12180836739556088,-0.027711254272530003,683.5575142645856
mistral-7b,openbookqa,complex,all,0.41708735972642896,-0.07382928438748038,-0.12067505204415081,-0.026085749393221943,674.7239557941627
mistral-7b,openbookqa,complex,all,0.422953629270196,-0.07204945742178864,-0.11959541519547899,-0.025132715319957023,662.8213031301339
mistral-7b,openbookqa,complex,all,0.42881989881396293,-0.07040651654951385,-0.11775058390111223,-0.023710624209039355,649.5870350054155
mistral-7b,openbookqa,complex,all,0.4346861683577299,-0.06889832934693634,-0.11577308018693104,-0.02256455943169741,636.4100567433921
mistral-7b,openbookqa,complex,all,0.4405524379014969,-0.06751870491695965,-0.11362921835616491,-0.02195844268961391,624.2769499847975
mistral-7b,openbookqa,complex,all,0.44641870744526385,-0.06625852301863087,-0.11206480240134092,-0.020851250406361946,613.8104055132536
mistral-7b,openbookqa,complex,all,0.4522849769890308,-0.06510684263405202,-0.11141397891338056,-0.020140668599382242,605.3470831496222
mistral-7b,openbookqa,complex,all,0.4581512465327978,-0.06405189453994792,-0.10997930413646323,-0.019023135432780197,599.0199060914483
mistral-7b,openbookqa,complex,all,0.4640175160765648,-0.06308190412074781,-0.10873668723496116,-0.017670904914383674,594.8278486904056
mistral-7b,openbookqa,complex,all,0.46988378562033173,-0.06218572614932743,-0.10691728003081948,-0.01644958218740519,592.6882638068508
mistral-7b,openbookqa,complex,all,0.47575005516409874,-0.061353298802810444,-0.10586172307024622,-0.015808859918240957,592.4728290439903
mistral-7b,openbookqa,complex,all,0.4816163247078657,-0.06057593945365679,-0.1050371573457314,-0.015181898224493492,594.0303573272095
mistral-7b,openbookqa,complex,all,0.48748259425163265,-0.05984651148468301,-0.10504262929099288,-0.014654980605774578,597.1999233573737
mistral-7b,openbookqa,complex,all,0.49334886379539966,-0.05915949198695949,-0.10437737127635632,-0.013343018547158634,601.8172017437162
mistral-7b,openbookqa,complex,all,0.4992151333391666,-0.058510967104508205,-0.10354707836111535,-0.012147262112390759,607.7162019408182
mistral-7b,openbookqa,complex,all,0.5050814028829336,-0.057898576899371265,-0.10350117527765454,-0.011236203255827167,614.727969848483
mistral-7b,openbookqa,complex,all,0.5109476724267006,-0.05732142624917496,-0.10265311215510294,-0.010410094395000456,622.6773788499581
mistral-7b,openbookqa,complex,all,0.5168139419704676,-0.056779973261784196,-0.102279006233977,-0.0099178357624841,631.3788522407353
mistral-7b,openbookqa,complex,all,0.5226802115142345,-0.05627590241553784,-0.10173072454199655,-0.010099177376267334,640.6317171173577
mistral-7b,openbookqa,complex,all,0.5285464810580015,-0.05581198627303956,-0.10142445001679565,-0.009529168149744369,650.2158530219683
mistral-7b,openbookqa,complex,all,0.5344127506017685,-0.0553919371904032,-0.10083624610191998,-0.009667409199788098,659.8883304342031
mistral-7b,openbookqa,complex,all,0.5402790201455354,-0.05502024890007959,-0.10053566499676973,-0.009868052581725444,669.3817928600212
mistral-7b,openbookqa,complex,all,0.5461452896893024,-0.054702027104161687,-0.09972936024208102,-0.009697916726293103,678.4053715627754
mistral-7b,openbookqa,complex,all,0.5520115592330694,-0.054442808188649626,-0.09920848348058059,-0.009643986935665429,686.6488750396331
mistral-7b,openbookqa,complex,all,0.5578778287768364,-0.05424836576474054,-0.09874957899958954,-0.009406868936525523,693.7908053899195
mistral-7b,openbookqa,complex,all,0.5637440983206033,-0.054124505856230735,-0.09886292550499141,-0.009429920207092716,699.510374137517
mistral-7b,openbookqa,complex,all,0.5696103678643704,-0.054076853055518785,-0.0988241366003474,-0.009218021552439394,703.5031128070202
mistral-7b,openbookqa,complex,all,0.5754766374081373,-0.05411063170569312,-0.09957401726946541,-0.009575299153102148,705.4989548566491
mistral-7b,openbookqa,complex,all,0.5813429069519043,-0.05423044793871773,-0.09927835651533261,-0.00990864494322777,705.2809393293742
mistral-7b,openbookqa,complex,all,0.5872091764956713,-0.05444007998657343,-0.09937531503918752,-0.00949799370340263,702.7021490339747
mistral-7b,openbookqa,complex,all,0.5930754460394383,-0.054742285348152626,-0.09905662425980147,-0.009566405055340076,697.6983530033934
mistral-7b,openbookqa,complex,all,0.5989417155832052,-0.05513863392046449,-0.09945153502887931,-0.010022809482823547,690.2942095625709
mistral-7b,openbookqa,complex,all,0.6048079851269722,-0.05562937591970963,-0.10065923274306565,-0.010476363835737065,680.6017922144918
mistral-7b,openbookqa,complex,all,0.6106742546707391,-0.05621335224324518,-0.10161496713917419,-0.01090612079690305,668.8114427495447
mistral-7b,openbookqa,complex,all,0.6165405242145061,-0.056887952887259036,-0.10305199798533979,-0.011183973714738626,655.1762257101069
mistral-7b,openbookqa,complex,all,0.6224067937582731,-0.05764912629021023,-0.10419364215431653,-0.011335112483625816,639.9922289953249
mistral-7b,openbookqa,complex,all,0.6282730633020401,-0.058491439283633255,-0.10548162972594734,-0.01194073037103017,623.5774019585355
mistral-7b,openbookqa,complex,all,0.634139332845807,-0.059408184042467206,-0.10681729742248393,-0.012748242461176345,606.2514941315815
mistral-7b,openbookqa,complex,all,0.640005602389574,-0.06039152540580158,-0.10900818342802869,-0.01230645663066086,588.3190737970433
mistral-7b,openbookqa,complex,all,0.645871871933341,-0.06143267952286068,-0.11061796266266621,-0.012474169845812434,570.0567859285969
mistral-7b,openbookqa,complex,all,0.651738141477108,-0.0625221132196236,-0.11115341222306525,-0.012942951099523255,551.7051831561732
mistral-7b,openbookqa,complex,all,0.657604411020875,-0.06364975290793869,-0.11299642912497583,-0.012925945913420252,533.4648002017201
mistral-7b,openbookqa,complex,all,0.663470680564642,-0.06480519226553876,-0.11581503078277079,-0.013212240359387365,515.4957208927567
mistral-7b,openbookqa,complex,all,0.669336950108409,-0.06597788917330352,-0.11769630668633865,-0.013631171364897405,497.9197063321292
mistral-7b,openbookqa,complex,all,0.6752032196521759,-0.06715734428613639,-0.11942952265987422,-0.01421183599862742,480.8239615540065
mistral-7b,openbookqa,complex,all,0.6810694891959428,-0.06833325586950752,-0.12068059403437248,-0.01491412928135345,464.2657461507982
mistral-7b,openbookqa,complex,all,0.6869357587397098,-0.0694956478861613,-0.12307722544906717,-0.015615582007417724,448.2772170816779
mistral-7b,openbookqa,complex,all,0.6928020282834768,-0.07063497053244809,-0.12495089134439048,-0.015930027183589168,432.8700811213911
mistral-7b,openbookqa,complex,all,0.6986682978272438,-0.07174217432594664,-0.12670292709568054,-0.01581903016291156,418.03980124469183
mistral-7b,openbookqa,complex,all,0.7045345673710108,-0.07280876032910724,-0.1291442931881781,-0.016598792773391192,403.76923276093976
mistral-7b,openbookqa,complex,all,0.7104008369147777,-0.07382681011749649,-0.1308294803452096,-0.016940368523909483,390.03165931351214
mistral-7b,openbookqa,complex,all,0.7162671064585447,-0.07478899968034819,-0.13219588895998502,-0.018111118066350018,376.79326025455435
mistral-7b,openbookqa,complex,all,0.7221333760023116,-0.07568860162856295,-0.13348692955156563,-0.018911616544540714,364.0150763167948
mistral-7b,openbookqa,complex,all,0.7279996455460787,-0.07651947995558511,-0.13468961228751006,-0.018807748989941683,351.65455716635756
mistral-7b,openbookqa,complex,all,0.7338659150898457,-0.07727608123106038,-0.1366601464834238,-0.019408127688676488,339.6667786772576
mistral-7b,openbookqa,complex,all,0.7397321846336127,-0.07795342558272986,-0.13895389487352935,-0.01834816406588034,328.0054146000729
mistral-7b,openbookqa,complex,all,0.7455984541773796,-0.07854710020401492,-0.14070896923008708,-0.01836106004471634,316.62354027979933
mistral-7b,openbookqa,complex,all,0.7514647237211466,-0.0790532574635796,-0.14256842928390187,-0.017976809670393515,305.4743375443133
mistral-7b,openbookqa,complex,all,0.7573309932649135,-0.07946861902381307,-0.14445002126187612,-0.016528999104746502,294.5117611504292
mistral-7b,openbookqa,complex,all,0.7631972628086805,-0.07979048671886327,-0.1467872931100256,-0.01617718958285522,283.6912187455429
mistral-7b,openbookqa,complex,all,0.7690635323524475,-0.08001676030983187,-0.14880751916011134,-0.01416688913422957,272.97030803972444
mistral-7b,openbookqa,complex,errors,0.2997538077831268,-0.1557246847396721,-0.24231290542532055,-0.06811954536200332,95.41707922060559
mistral-7b,openbookqa,complex,errors,0.30570648263394834,-0.15369429280028013,-0.23966390498738538,-0.06767594305556537,97.73583718983927
mistral-7b,openbookqa,complex,errors,0.3116591574847698,-0.15144407950177197,-0.23699914064889507,-0.06722092730689139,100.43597366957451
mistral-7b,openbookqa,complex,errors,0.3176118323355913,-0.148959458650616,-0.23250240894721705,-0.06497763969265126,103.5747642011929
mistral-7b,openbookqa,complex,errors,0.3235645071864128,-0.14622812199422022,-0.23003460506526655,-0.06270674856784085,107.21324909743277
mistral-7b,openbookqa,complex,errors,0.3295171820372343,-0.14324124424057225,-0.2243891887227335,-0.06112067593815712,111.413071984249
mistral-7b,openbookqa,complex,errors,0.33546985688805575,-0.13999487529767685,-0.22107270646535804,-0.05925199709025662,116.2308171269656
mistral-7b,openbookqa,complex,errors,0.34142253173887727,-0.13649145463579715,-0.2167530201993439,-0.05731586370460541,121.70876091788718
mistral-7b,openbookqa,complex,errors,0.3473752065896988,-0.13274133350515532,-0.21094390841218122,-0.05664840410768332,127.86092743851597
mistral-7b,openbookqa,complex,errors,0.35332788144052024,-0.12876413697566197,-0.20537732870592143,-0.055970697211042766,134.65383115021422
mistral-7b,openbookqa,complex,errors,0.35928055629134176,-0.12458975011209196,-0.20123687671736454,-0.053444722259223955,141.98281457605069
mistral-7b,openbookqa,complex,errors,0.3652332311421632,-0.12025868674446588,-0.19648456549885573,-0.04815517585931757,149.6479778341846
mistral-7b,openbookqa,complex,errors,0.37118590599298473,-0.11582161324026441,-0.19018556277452403,-0.04551110945053063,157.33831503419142
mistral-7b,openbookqa,complex,errors,0.37713858084380625,-0.11133786809206403,-0.18607529345968085,-0.04176515081058236,164.6371300420388
mistral-7b,openbookqa,complex,errors,0.3830912556946277,-0.10687294457281164,-0.17952693541696932,-0.0377441581081714,171.0619141663846
mistral-7b,openbookqa,complex,errors,0.3890439305454492,-0.10249507375109812,-0.17629180650281698,-0.034205972403313356,176.14244780659294
mistral-7b,openbookqa,complex,errors,0.3949966053962707,-0.09827122461701694,-0.17282357368354462,-0.02890003018269755,179.52133851533546
mistral-7b,openbookqa,complex,errors,0.4009492802470922,-0.09426297991280697,-0.16891272975698723,-0.026021907832715453,181.04157470034932
mistral-7b,openbookqa,complex,errors,0.4069019550979137,-0.09052280584082582,-0.16716547166459708,-0.021824452131459917,180.78308574666048
mistral-7b,openbookqa,complex,errors,0.4128546299487352,-0.0870911867902467,-0.16432832350128662,-0.017576320896917044,179.0324288665482
mistral-7b,openbookqa,complex,errors,0.4188073047995567,-0.08399495030679248,-0.16256928896440287,-0.01321669816913351,176.20260613615878
mistral-7b,openbookqa,complex,errors,0.42475997965037815,-0.08124690123520964,-0.15999412431407814,-0.0095532339035888,172.73962079396745
mistral-7b,openbookqa,complex,errors,0.43071265450119967,-0.07884667216374665,-0.15979118413747978,-0.005120410278493669,169.04822376578153
mistral-7b,openbookqa,complex,errors,0.4366653293520212,-0.07678253083939993,-0.1591493290749912,-0.001758744020015785,165.45095812512005
mistral-7b,openbookqa,complex,errors,0.44261800420284264,-0.07503379449062011,-0.15935712814801542,0.0012955036490418838,162.17758406530479
mistral-7b,openbookqa,complex,errors,0.44857067905366416,-0.07357349008594505,-0.16016090230679692,0.00281892823326127,159.3740076565874
mistral-7b,openbookqa,complex,errors,0.4545233539044856,-0.07237095125037982,-0.15975111922536642,0.0037542304029156656,157.1197870402501
mistral-7b,openbookqa,complex,errors,0.46047602875530713,-0.07139412926213932,-0.15943537581355596,0.005229855723324262,155.44676617198184
mistral-7b,openbookqa,complex,errors,0.46642870360612865,-0.0706114901930297,-0.16021871323761314,0.006848066491507705,154.35506495281572
mistral-7b,openbookqa,complex,errors,0.4723813784569501,-0.06999345321872875,-0.15962236550659387,0.007904609142115951,153.82520285216555
mistral-7b,openbookqa,complex,errors,0.4783340533077716,-0.06951338634118877,-0.15882202474565396,0.009215013397189033,153.82648439862956
mistral-7b,openbookqa,complex,errors,0.4842867281585931,-0.06914821329908273,-0.1577194643575055,0.009296904100520876,154.3223049919505
mistral-7b,openbookqa,complex,errors,0.4902394030094146,-0.06887870254299785,-0.15778436882865907,0.009412461474086847,155.27312510121638
mistral-7b,openbookqa,complex,errors,0.4961920778602361,-0.06868951133461242,-0.155883632229966,0.009026216407616788,156.6377657332384
mistral-7b,openbookqa,complex,errors,0.5021447527110576,-0.06856905097476693,-0.1548801312820105,0.008693067698014664,158.37353631265415
mistral-7b,openbookqa,complex,errors,0.508097427561879,-0.06850922758784946,-0.15399851719435093,0.007939086305263162,160.43557997634275
mistral-7b,openbookqa,complex,errors,0.5140501024127005,-0.06850510015844756,-0.1526756055658515,0.007322758945981584,162.7757322652013
mistral-7b,openbookqa,complex,errors,0.5200027772635221,-0.06855448573442713,-0.15218841738223465,0.006455119919676182,165.34113985527964
mistral-7b,openbookqa,complex,errors,0.5259554521143436,-0.0686575319938421,-0.15159453578324997,0.006087641931987203,168.07287061771225
mistral-7b,openbookqa,complex,errors,0.5319081269651651,-0.06881627015795332,-0.15092339167984722,0.00479551350309268,170.90475496922588
mistral-7b,openbookqa,complex,errors,0.5378608018159865,-0.06903415653489342,-0.15030605128037378,0.005226718813358741,173.76271751715583
mistral-7b,openbookqa,complex,errors,0.543813476666808,-0.06931560857290524,-0.14968561732294441,0.0036594790174294743,176.56486966588344
mistral-7b,openbookqa,complex,errors,0.5497661515176295,-0.06966554082895904,-0.14902283858964824,0.002193360173944452,179.22261684806844
mistral-7b,openbookqa,complex,errors,0.555718826368451,-0.07008890727616318,-0.14716048882103405,0.0011216095091657215,181.64296670908527
mistral-7b,openbookqa,complex,errors,0.5616715012192726,-0.07059025837874641,-0.14725289425054905,-0.0007855275989733622,183.73209155557691
mistral-7b,openbookqa,complex,errors,0.567624176070094,-0.07117332380322779,-0.14493600534501686,-0.0011932070900986093,185.40000010660484
mistral-7b,openbookqa,complex,errors,0.5735768509209155,-0.07184063392362176,-0.14465097630528084,-0.003545004068237615,186.565935109817
mistral-7b,openbookqa,complex,errors,0.579529525771737,-0.07259319483756958,-0.14526508451463488,-0.0060290576383870385,187.16388679957012
mistral-7b,openbookqa,complex,errors,0.5854822006225584,-0.0734302319245622,-0.14408427737033616,-0.007780483761763712,187.1474668849551
mistral-7b,openbookqa,complex,errors,0.59143487547338,-0.07434901567295772,-0.14607012608016576,-0.010400781801490368,186.4933874785196
mistral-7b,openbookqa,complex,errors,0.5973875503242014,-0.07534478042265687,-0.14590323103283162,-0.011538087236800873,185.2029631184752
mistral-7b,openbookqa,complex,errors,0.603340225175023,-0.07641074193255404,-0.14741177696979899,-0.012618270857403958,183.3013755609663
mistral-7b,openbookqa,complex,errors,0.6092929000258445,-0.07753821369322031,-0.14774245863148402,-0.011624693624576585,180.83483070508288
mistral-7b,openbookqa,complex,errors,0.6152455748766659,-0.07871681532194666,-0.14896893555059854,-0.011361872504216924,177.86608918625018
mistral-7b,openbookqa,complex,errors,0.6211982497274875,-0.07993476000801226,-0.15125744105679284,-0.011002212245444086,174.46907573792726
mistral-7b,openbookqa,complex,errors,0.6271509245783089,-0.08117920264450817,-0.15294965787036813,-0.011377979532375359,170.72332407051792
mistral-7b,openbookqa,complex,errors,0.6331035994291304,-0.08243662667914847,-0.15288905491099872,-0.012494841651270332,166.70890806421517
mistral-7b,openbookqa,complex,errors,0.6390562742799519,-0.08369324627146778,-0.15518236528080143,-0.013379588240722945,162.50230335743967
mistral-7b,openbookqa,complex,errors,0.6450089491307733,-0.08493540115948356,-0.15575041887455904,-0.014145335757402504,158.17338695202307
mistral-7b,openbookqa,complex,errors,0.650961623981595,-0.08614992448616422,-0.15717545371976502,-0.01425444107464749,153.78357535888202
mistral-7b,openbookqa,complex,errors,0.6569142988324164,-0.08732446821914638,-0.15820044573526704,-0.014067133712249286,149.38495740122758
mistral-7b,openbookqa,complex,errors,0.6628669736832379,-0.08844777606320935,-0.16098573245677555,-0.0145270317565472,145.02020313236514
mistral-7b,openbookqa,complex,errors,0.6688196485340594,-0.08950989922919554,-0.16184279299984608,-0.014700791332461148,140.72301416962696
mistral-7b,openbookqa,complex,errors,0.6747723233848808,-0.0905023554801285,-0.1642741495581456,-0.013804478939227025,136.5189037396609
mistral-7b,openbookqa,complex,errors,0.6807249982357024,-0.09141823607658692,-0.16598291811249333,-0.01320363911782917,132.4261374943379
mistral-7b,openbookqa,complex,errors,0.6866776730865238,-0.09225226833084958,-0.1682192471044563,-0.013318446491484484,128.45671374157655
mistral-7b,openbookqa,complex,errors,0.6926303479373453,-0.09300084337931054,-0.17058110117637523,-0.013752451738720781,124.61730487400845
mistral-7b,openbookqa,complex,errors,0.6985830227881669,-0.0936620195711095,-0.17180573249325545,-0.01186208319817459,120.91011616680056
mistral-7b,openbookqa,complex,errors,0.7045356976389883,-0.0942355117237722,-0.17394664017641778,-0.009874193463282362,117.33364290724774
mistral-7b,openbookqa,complex,errors,0.7104883724898099,-0.09472267563857731,-0.17635394537876586,-0.00925532228847589,113.88332310925293
mistral-7b,openbookqa,complex,errors,0.7164410473406313,-0.09512649592926323,-0.17867058691633772,-0.009403345127495842,110.55209273727016
mistral-7b,openbookqa,complex,errors,0.7223937221914528,-0.09545158360148125,-0.18081712843908204,-0.009378839727868748,107.33085535996767
mistral-7b,openbookqa,complex,errors,0.7283463970422743,-0.09570418808719779,-0.18257368117682246,-0.009397731677424016,104.20888011696702
mistral-7b,openbookqa,complex,errors,0.7342990718930957,-0.09589222669801153,-0.1842682486512031,-0.009184905036396747,101.1741420411009
mistral-7b,openbookqa,complex,errors,0.7402517467439174,-0.09602533277605117,-0.18715346619984427,-0.007885996155818949,98.2136179732949
mistral-7b,openbookqa,complex,errors,0.7462044215947388,-0.09611492221218276,-0.18948708928170924,-0.006941835435066678,95.313550075377
mistral-7b,openbookqa,complex,errors,0.7521570964455603,-0.0961742764596758,-0.19107498387756217,-0.0056645239060195,92.45968762535499
mistral-7b,openbookqa,complex,errors,0.7581097712963818,-0.09621863866855783,-0.19214825202040084,-0.00498307230649918,89.63751659562158
mistral-7b,openbookqa,complex,errors,0.7640624461472032,-0.09626531806377162,-0.1931585741257307,-0.0037641966425365006,86.83248564393719
mistral-7b,openbookqa,complex,errors,0.7700151209980248,-0.09633379615168321,-0.19403547589987458,-0.0025978966383481874,84.03023674804182
mistral-7b,openbookqa,complex,errors,0.7759677958488462,-0.09644582673694545,-0.1937183261205109,0.0006052873792745196,81.21684891797545
mistral-7b,openbookqa,complex,correct,0.2998055201768875,-0.09217685316119348,-0.15194411803328062,-0.03247198461364501,229.8795806540324
mistral-7b,openbookqa,complex,correct,0.3055924270823598,-0.09169004556207949,-0.1509246665972514,-0.03208302480543903,235.7178603707916
mistral-7b,openbookqa,complex,correct,0.3113793339878321,-0.09114642218279215,-0.1504754996189617,-0.03208041262645114,242.6161343669989
mistral-7b,openbookqa,complex,correct,0.3171662408933043,-0.09054020831488299,-0.14927128396263287,-0.03258050398618622,250.75898095611797
mistral-7b,openbookqa,complex,correct,0.3229531477987766,-0.08986564346689326,-0.1473013353332366,-0.03233033641006962,260.3538448080626
mistral-7b,openbookqa,complex,correct,0.3287400547042489,-0.08911723913025668,-0.1452137976228966,-0.03300695244765085,271.6266389447816
mistral-7b,openbookqa,complex,correct,0.3345269616097212,-0.08829011083540468,-0.14293332364497255,-0.03312219598061553,284.81108159859264
mistral-7b,openbookqa,complex,correct,0.3403138685151934,-0.08738038007719318,-0.14117770581094347,-0.03301312294151041,300.12797735204776
mistral-7b,openbookqa,complex,correct,0.3461007754206657,-0.08638562889629017,-0.1408022742707419,-0.03286914677711042,317.7495557221828
mistral-7b,openbookqa,complex,correct,0.351887682326138,-0.08530537366685119,-0.13949729065217042,-0.03303123096060926,337.7437854323854
mistral-7b,openbookqa,complex,correct,0.3576745892316103,-0.0841415071834383,-0.13598870763294685,-0.03294098127057137,359.9960220178437
mistral-7b,openbookqa,complex,correct,0.36346149613708256,-0.08289864350784379,-0.134466311997438,-0.03360290510575479,384.1131263425685
mistral-7b,openbookqa,complex,correct,0.3692484030425548,-0.08158429369071848,-0.132624837623018,-0.03293058396745431,409.330808396827
mistral-7b,openbookqa,complex,correct,0.3750353099480271,-0.08020880791641592,-0.12906152946979593,-0.032163994024594626,434.46685027429953
mistral-7b,openbookqa,complex,correct,0.3808222168534994,-0.07878504408623457,-0.12763832028902442,-0.03152844885247664,457.97926189659864
mistral-7b,openbookqa,complex,correct,0.38660912375897166,-0.07732776296009426,-0.12482741626584014,-0.030614590774986464,478.17550350172263
mistral-7b,openbookqa,complex,correct,0.39239603066444395,-0.07585279843459457,-0.12354841468210499,-0.029609610173843722,493.55674585918854
mistral-7b,openbookqa,complex,correct,0.3981829375699162,-0.07437609633865172,-0.12245172082641485,-0.028905793022358597,503.1882508185416
mistral-7b,openbookqa,complex,correct,0.4039698444753885,-0.07291274333330754,-0.12161808744347007,-0.02746715471634883,506.93370403037454
mistral-7b,openbookqa,complex,correct,0.40975675138086076,-0.07147611025550676,-0.11941673136418442,-0.0259882067045118,505.44298427897706
mistral-7b,openbookqa,complex,correct,0.415543658286333,-0.07007721056653161,-0.1182220955945142,-0.025206054953129227,499.91493824838733
mistral-7b,openbookqa,complex,correct,0.42133056519180534,-0.06872433180925568,-0.11711580130919626,-0.023332227606371547,491.764595713161
mistral-7b,openbookqa,complex,correct,0.4271174720972776,-0.06742294869532946,-0.11642813525579285,-0.02207665220299895,482.33394081662976
mistral-7b,openbookqa,complex,correct,0.43290437900274986,-0.06617588338004482,-0.11608572232703934,-0.021320594307127957,472.71910232257727
mistral-7b,openbookqa,complex,correct,0.43869128590822215,-0.06498365027227995,-0.11543877792477442,-0.019715661261051,463.71356253345573
mistral-7b,openbookqa,complex,correct,0.4444781928136944,-0.06384491204298304,-0.11497558690881085,-0.018997414681602407,455.82886846195316
mistral-7b,openbookqa,complex,correct,0.45026509971916673,-0.06275697783198074,-0.11388553788956454,-0.017999013301045006,449.35089618109697
mistral-7b,openbookqa,complex,correct,0.45605200662463896,-0.061716288640115156,-0.11186826659822828,-0.016452487005336667,444.4025852049129
mistral-7b,openbookqa,complex,correct,0.46183891353011125,-0.06071885275133224,-0.11076446555300314,-0.015734095733091893,440.9984412334531
mistral-7b,openbookqa,complex,correct,0.46762582043558354,-0.05976061122247684,-0.10969896214003835,-0.014663092407168187,439.08604244296754
mistral-7b,openbookqa,complex,correct,0.4734127273410558,-0.058837727341750794,-0.10860142598247892,-0.013654605727597418,438.5749496659833
mistral-7b,openbookqa,complex,correct,0.47919963424652806,-0.05794680353586087,-0.10836514756090047,-0.012914677199889013,439.35537812794615
mistral-7b,openbookqa,complex,correct,0.48498654115200035,-0.05708503472510759,-0.1074986815947558,-0.011927598146732039,441.3092773991
mistral-7b,openbookqa,complex,correct,0.49077344805747264,-0.05625030941301578,-0.10599676066242672,-0.010438216514559095,444.31608182692463
mistral-7b,openbookqa,complex,correct,0.4965603549629449,-0.0554412698445302,-0.1045011536163809,-0.010268260595441557,448.2548491310059
mistral-7b,openbookqa,complex,correct,0.5023472618684172,-0.0546573412701555,-0.10441176042515596,-0.009778435187052474,453.00401619990964
mistral-7b,openbookqa,complex,correct,0.5081341687738894,-0.053898738402742806,-0.1032350346663076,-0.009657641239539414,458.43963435326094
mistral-7b,openbookqa,complex,correct,0.5139210756793617,-0.053166455020352894,-0.10292824363573627,-0.009073775828642976,464.43270345875953
mistral-7b,openbookqa,complex,correct,0.519707982584834,-0.05246224064133338,-0.10165767932743476,-0.008610843956443672,470.846085808146
mistral-7b,openbookqa,complex,correct,0.5254948894903063,-0.05178856643324348,-0.10182403823611373,-0.00870148133469598,477.53142268299916
mistral-7b,openbookqa,complex,correct,0.5312817963957785,-0.05114858108860563,-0.1020473846164804,-0.007730938688549805,484.3264754755324
mistral-7b,openbookqa,complex,correct,0.5370687033012509,-0.0505460563342058,-0.10176925241775794,-0.006724421768278344,491.05334482823514
mistral-7b,openbookqa,complex,correct,0.5428556102067231,-0.04998532104163147,-0.10176178859935259,-0.00672627628238717,497.51805799629824
mistral-7b,openbookqa,complex,correct,0.5486425171121954,-0.04947118257178265,-0.10143768427719253,-0.006030905084061803,503.5120237775151
mistral-7b,openbookqa,complex,correct,0.5544294240176677,-0.049008834008940405,-0.10124279981725254,-0.004751167541253417,508.81579879494916
mistral-7b,openbookqa,complex,correct,0.5602163309231399,-0.048603746309623004,-0.10137416699727259,-0.0037284633879551966,513.2054527284541
mistral-7b,openbookqa,complex,correct,0.5660032378286122,-0.048261545086395644,-0.10142389298282108,-0.0028522124259322368,516.4615396802851
mistral-7b,openbookqa,complex,correct,0.5717901447340845,-0.04798787272727434,-0.1018477717004561,-0.0024543506029227153,518.3802824033488
mistral-7b,openbookqa,complex,correct,0.5775770516395569,-0.04778823775197011,-0.10292577535535363,-0.0024288427958901846,518.7861021824785
mistral-7b,openbookqa,complex,correct,0.583363958545029,-0.0476678546312712,-0.10300539183959036,-0.0015433343527179904,517.5441738016094
mistral-7b,openbookqa,complex,correct,0.5891508654505013,-0.04763147861963408,-0.10406816605692208,-0.0012213085915128243,514.5713801570869
mistral-7b,openbookqa,complex,correct,0.5949377723559737,-0.04768324132479078,-0.10456438061922607,0.0002377522497081948,509.84401035767894
mistral-7b,openbookqa,complex,correct,0.6007246792614459,-0.04782649360423978,-0.10505028474596219,0.0009772100065853669,503.40086177663414
mistral-7b,openbookqa,complex,correct,0.6065115861669181,-0.04806366279077616,-0.10558725587512495,0.0014307858974904704,495.34104784766964
mistral-7b,openbookqa,complex,correct,0.6122984930723905,-0.0483961310969593,-0.10679613689185927,0.0018985103034982402,485.81664957168243
mistral-7b,openbookqa,complex,correct,0.6180853999778627,-0.048824141278819025,-0.10779339275639395,0.0019699048722926367,475.0211767639763
mistral-7b,openbookqa,complex,correct,0.623872306883335,-0.04934673427371976,-0.10805941180947513,0.0014888707919348675,463.1754183672119
mistral-7b,openbookqa,complex,correct,0.6296592137888073,-0.04996172166733053,-0.10831815281065928,0.0018329167900132714,450.5125227132398
mistral-7b,openbookqa,complex,correct,0.6354461206942795,-0.050665693662505694,-0.10879640168346068,0.00193351400586215,437.26403379149457
mistral-7b,openbookqa,complex,correct,0.6412330275997518,-0.05145406094018655,-0.11083470638274201,0.0016958480920184185,423.64820069653223
mistral-7b,openbookqa,complex,correct,0.6470199345052241,-0.05232112665807462,-0.11325845414239698,0.0018604373328138999,409.86131923047935
mistral-7b,openbookqa,complex,correct,0.6528068414106964,-0.053260183047282965,-0.11513734115673357,0.001340741937541134,396.0723067214789
mistral-7b,openbookqa,complex,correct,0.6585937483161686,-0.05426362581021913,-0.11604585371960599,0.0013733161480839228,382.42026345290856
mistral-7b,openbookqa,complex,correct,0.6643806552216409,-0.05532307889134709,-0.11791558739944566,0.0020327759588950065,369.01448867923466
mistral-7b,openbookqa,complex,correct,0.6701675621271133,-0.05642952220131116,-0.12004798829208443,0.0015864994830657208,355.9362957674196
mistral-7b,openbookqa,complex,correct,0.6759544690325855,-0.05757341546335443,-0.12234469554459505,0.0015442276384868092,343.24197594098723
mistral-7b,openbookqa,complex,correct,0.6817413759380577,-0.058744812399696006,-0.12457389161506283,0.0018960688162361716,330.96634719460354
mistral-7b,openbookqa,complex,correct,0.6875282828435301,-0.05993346083100645,-0.12653304507448557,0.002228843952242321,319.1264507433711
mistral-7b,openbookqa,complex,correct,0.6933151897490023,-0.06112888576233564,-0.12905573909941284,0.0030519979269504564,307.7250891747292
mistral-7b,openbookqa,complex,correct,0.6991020966544745,-0.06232045402561986,-0.13194369237767237,0.0032515566229928457,296.7540181586536
mistral-7b,openbookqa,complex,correct,0.7048890035599469,-0.06349742042371843,-0.13521383717581964,0.003088011997832638,286.1966977654933
mistral-7b,openbookqa,complex,correct,0.7106759104654191,-0.06464895649292869,-0.1376241533460975,0.0025724809630428506,276.0305782862012
mistral-7b,openbookqa,complex,correct,0.7164628173708913,-0.06576416392778793,-0.14165637086829239,0.0019724738511199867,266.2289414569599
mistral-7b,openbookqa,complex,correct,0.7222497242763637,-0.06683207538524222,-0.1442759805573277,0.0032211997002675533,256.7623456029845
mistral-7b,openbookqa,complex,correct,0.728036631181836,-0.06784164582233004,-0.14583687887223307,0.00460163345601092,247.59973723729857
mistral-7b,openbookqa,complex,correct,0.7338235380873083,-0.0687817377564785,-0.14740261592981826,0.005910247701809289,238.70929638192263
mistral-7b,openbookqa,complex,correct,0.7396104449927805,-0.06964110391216331,-0.15055017589994762,0.007203297953195389,230.0590817614588
mistral-7b,openbookqa,complex,correct,0.7453973518982528,-0.07040837067431129,-0.15198749903857697,0.008691597035274537,221.61753756007144
mistral-7b,openbookqa,complex,correct,0.7511842588037251,-0.07107202564458791,-0.1559068331164254,0.010125075754326933,213.35391728253876
mistral-7b,openbookqa,complex,correct,0.7569711657091973,-0.0716204124201944,-0.15784650304478295,0.011282807212077493,205.23867333701116
mistral-7b,openbookqa,complex,correct,0.7627580726146697,-0.07204173550411884,-0.1612822902038577,0.0128139979595603,197.2438535814919
mistral-7b,openbookqa,simple,all,0.2997631937265396,-0.09529811715814489,-0.1453083319509504,-0.043903914614957705,325.2782068980104
mistral-7b,openbookqa,simple,all,0.3056293384358287,-0.09468595539505993,-0.1447410959947136,-0.043005251685222075,333.4843610402216
mistral-7b,openbookqa,simple,all,0.3114954831451177,-0.0940089639615172,-0.1440689772473936,-0.043169060303963315,343.1516067038375
mistral-7b,openbookqa,simple,all,0.3173616278544068,-0.09326322300743549,-0.14365474335579534,-0.04298105932524665,354.52713440068294
mistral-7b,openbookqa,simple,all,0.3232277725636959,-0.09244564891563828,-0.1433258232502055,-0.04306937826737377,367.88555908948194
mistral-7b,openbookqa,simple,all,0.329093917272985,-0.09155439053710514,-0.14217247407878217,-0.042444848603754214,383.5210263106756
mistral-7b,openbookqa,simple,all,0.334960061982274,-0.09058927876038779,-0.1411098696279692,-0.041701396837925744,401.7301069226769
mistral-7b,openbookqa,simple,all,0.3408262066915631,-0.08955230304667086,-0.13997597001543827,-0.04098962713773928,422.78033455256457
mistral-7b,openbookqa,simple,all,0.3466923514008522,-0.08844807153014117,-0.13764992737884707,-0.04012570742816407,446.8580829496907
mistral-7b,openbookqa,simple,all,0.35255849611014123,-0.08728419377870242,-0.13631541997803767,-0.03834802823384826,473.9899005398499
mistral-7b,openbookqa,simple,all,0.3584246408194303,-0.08607151165724529,-0.1340901656847757,-0.036552354483945025,503.93586764842547
mistral-7b,openbookqa,simple,all,0.3642907855287194,-0.08482409977186285,-0.1319043611656681,-0.03532772921358408,536.0654840973685
mistral-7b,openbookqa,simple,all,0.37015693023800844,-0.08355896870943061,-0.1308659889353254,-0.03326137862724928,569.2484375414072
mistral-7b,openbookqa,simple,all,0.37602307494729753,-0.08229543553156679,-0.12985378445295867,-0.032426744642119844,601.8201637310157
mistral-7b,openbookqa,simple,all,0.3818892196565866,-0.08105417554031649,-0.12879656933219816,-0.03101830113515034,631.6972424069864
mistral-7b,openbookqa,simple,all,0.3877553643658757,-0.07985602912629641,-0.12770568211086888,-0.03139245223279312,656.6893616150671
mistral-7b,openbookqa,simple,all,0.3936215090751648,-0.07872069321361519,-0.12593231591213494,-0.03009022919218598,674.9643385742769
mistral-7b,openbookqa,simple,all,0.39948765378445383,-0.07766546181146668,-0.12420442617160614,-0.029340375966056664,685.5072110472605
mistral-7b,openbookqa,simple,all,0.4053537984937429,-0.07670418181464395,-0.12228525039845276,-0.029504036645664845,688.368301335021
mistral-7b,openbookqa,simple,all,0.411219943203032,-0.07584655550272419,-0.12088514983643575,-0.02797864179594713,684.5855872330675
mistral-7b,openbookqa,simple,all,0.41708608791232105,-0.07509785891606605,-0.119862242865517,-0.026861127939637304,675.8394404130687
mistral-7b,openbookqa,simple,all,0.42295223262161014,-0.07445907276139974,-0.11865873109832976,-0.02638859781344437,664.0173137639948
mistral-7b,openbookqa,simple,all,0.4288183773308992,-0.07392735884128522,-0.11814666387659621,-0.025573667349677757,650.8577004488159
mistral-7b,openbookqa,simple,all,0.43468452204018826,-0.07349677418785601,-0.11780471004698267,-0.02541261407657994,637.7508239599542
mistral-7b,openbookqa,simple,all,0.44055066674947735,-0.07315910210220106,-0.11772884649152429,-0.024478120238766648,625.6845468015997
mistral-7b,openbookqa,simple,all,0.44641681145876644,-0.07290469053099241,-0.1176403445409715,-0.025055820186639714,615.2826035516644
mistral-7b,openbookqa,simple,all,0.45228295616805547,-0.07272321481036635,-0.11718196584796141,-0.025744002111122464,606.8823739450429
mistral-7b,openbookqa,simple,all,0.4581491008773446,-0.07260431388606187,-0.1175160159791065,-0.026283145423976913,600.6171621692505
mistral-7b,openbookqa,simple,all,0.46401524558663365,-0.07253807883427354,-0.11732749256173244,-0.0268389462343727,596.4860074499435
mistral-7b,openbookqa,simple,all,0.46988139029592274,-0.07251539535809401,-0.11793579232343332,-0.027317206673953594,594.406050491224
mistral-7b,openbookqa,simple,all,0.47574753500521183,-0.07252815655709423,-0.11850692100344815,-0.02720644441976272,594.2485240603272
mistral-7b,openbookqa,simple,all,0.48161367971450086,-0.07256936945222439,-0.11901922773969398,-0.027349878237748638,595.8616093273746
mistral-7b,openbookqa,simple,all,0.48747982442378995,-0.07263318032921873,-0.11920505810214851,-0.02856110487347742,599.0836098852091
mistral-7b,openbookqa,simple,all,0.49334596913307904,-0.07271484196910474,-0.11875641441915119,-0.029395595377147105,603.749341912374
mistral-7b,openbookqa,simple,all,0.4992121138423681,-0.07281064199738833,-0.11833637852119443,-0.029922127641908526,609.6919292312386
mistral-7b,openbookqa,simple,all,0.5050782585516571,-0.07291780715864378,-0.1177529887590947,-0.030519764200403386,616.741576776376
mistral-7b,openbookqa,simple,all,0.5109444032609463,-0.0730343940953156,-0.11780930874882388,-0.03051524485205335,624.7224480426966
mistral-7b,openbookqa,simple,all,0.5168105479702353,-0.07315917359141925,-0.11729173455172032,-0.031228202621004668,633.4484893460102
mistral-7b,openbookqa,simple,all,0.5226766926795244,-0.07329151239266173,-0.11624768968584759,-0.031832920271072755,642.718898626374
mistral-7b,openbookqa,simple,all,0.5285428373888135,-0.07343125464275954,-0.1160236053641244,-0.03240268194075044,652.3138950247528
mistral-7b,openbookqa,simple,all,0.5344089820981026,-0.07357860361369839,-0.11621904756482283,-0.033164939678392166,661.9914710975114
mistral-7b,openbookqa,simple,all,0.5402751268073916,-0.07373400365861728,-0.11629145707501896,-0.033875275389249414,671.4858612106589
mistral-7b,openbookqa,simple,all,0.5461412715166807,-0.07389802207868107,-0.11635248088886883,-0.03400995242436915,680.5084885974131
mistral-7b,openbookqa,simple,all,0.5520074162259698,-0.0740712307732615,-0.11568953462604432,-0.03431656705348042,688.7521033066461
mistral-7b,openbookqa,simple,all,0.5578735609352589,-0.07425408804387205,-0.11604625594318137,-0.03468961402967079,695.8986361847361
mistral-7b,openbookqa,simple,all,0.5637397056445479,-0.07444682165392895,-0.11573154135897226,-0.03430364897847857,701.6309265240816
mistral-7b,openbookqa,simple,all,0.569605850353837,-0.07464931510946436,-0.11636690774408556,-0.03384393752339635,705.6479263746371
mistral-7b,openbookqa,simple,all,0.5754719950631261,-0.07486100001126128,-0.11700155710814021,-0.03354090357313929,707.6822968115748
mistral-7b,openbookqa,simple,all,0.5813381397724151,-0.07508075811791252,-0.1171900029500307,-0.03386416757800597,707.5186176506508
mistral-7b,openbookqa,simple,all,0.5872042844817043,-0.07530683733023134,-0.11666281278978372,-0.0347583722280653,705.0099175064182
mistral-7b,openbookqa,simple,all,0.5930704291909933,-0.07553678604701403,-0.11717006247188644,-0.03512088998324572,700.0900899938939
mistral-7b,openbookqa,simple,all,0.5989365739002823,-0.07576741016188576,-0.11812256381400167,-0.034956896257904733,692.7801228166261
mistral-7b,openbookqa,simple,all,0.6048027186095715,-0.07599475632443385,-0.11822615144331247,-0.03405891967981476,683.1869221479909
mistral-7b,openbookqa,simple,all,0.6106688633188605,-0.07621412398639014,-0.1179608910245932,-0.0338628863254488,671.4946957212195
mistral-7b,openbookqa,simple,all,0.6165350080281495,-0.07642010726982591,-0.11863967112599345,-0.033383605892456,657.9500751154562
mistral-7b,openbookqa,simple,all,0.6224011527374387,-0.0766066659647968,-0.11976642837784342,-0.03300324995213897,642.8431013418993
mistral-7b,openbookqa,simple,all,0.6282672974467277,-0.07676722317010647,-0.12042304629883606,-0.03242709760063592,626.4866501678206
mistral-7b,openbookqa,simple,all,0.6341334421560167,-0.07689478543473884,-0.12127339778025938,-0.032292283487310225,609.196778829015
mistral-7b,openbookqa,simple,all,0.6399995868653059,-0.07698207992981305,-0.12213120104446322,-0.031882550715526495,591.2759391003912
mistral-7b,openbookqa,simple,all,0.6458657315745949,-0.07702170233060235,-0.12242650770053816,-0.03192559348789205,573.0002273528336
mistral-7b,openbookqa,simple,all,0.651731876283884,-0.07700626879881647,-0.12293852683678311,-0.0316677177744632,554.6110485246911
mistral-7b,openbookqa,simple,all,0.6575980209931731,-0.07692856573402614,-0.12425001689694566,-0.03108161030237068,536.3109224528768
mistral-7b,openbookqa,simple,all,0.6634641657024622,-0.07678169174346391,-0.12511020422003852,-0.03017284302333714,518.2627389416641
mistral-7b,openbookqa,simple,all,0.6693303104117512,-0.07655918743749365,-0.1256516754585351,-0.02954544387494714,500.59157661458516
mistral-7b,openbookqa,simple,all,0.6751964551210403,-0.07625515003648069,-0.12571296956927386,-0.027533967506591886,483.38819434610605
mistral-7b,openbookqa,simple,all,0.6810625998303295,-0.07586433120953805,-0.1259798471237203,-0.027041956785941523,466.7134175570638
mistral-7b,openbookqa,simple,all,0.6869287445396184,-0.07538221790970083,-0.12596312016892675,-0.02649809580089485,450.6028126134687
mistral-7b,openbookqa,simple,all,0.6927948892489075,-0.07480509711024969,-0.12592564956403032,-0.02541628577419233,435.0712237887332
mistral-7b,openbookqa,simple,all,0.6986610339581967,-0.07413010621193994,-0.1260947885244572,-0.023966255099740562,420.1169095281946
mistral-7b,openbookqa,simple,all,0.7045271786674857,-0.07335527145131719,-0.12519604353533745,-0.022675928870199938,405.72514439343763
mistral-7b,openbookqa,simple,all,0.7103933233767747,-0.07247953690221283,-0.12564487228484866,-0.021006416466002004,391.8712472697505
mistral-7b,openbookqa,simple,all,0.7162594680860639,-0.0715027866576579,-0.12550077653267572,-0.01885751059132927,378.52305874571545
mistral-7b,openbookqa,simple,all,0.7221256127953529,-0.07042586255435061,-0.1254427460884164,-0.01695831808305963,365.642927387334
mistral-7b,openbookqa,simple,all,0.727991757504642,-0.06925057940817035,-0.1250316875277249,-0.015038623791194486,353.1892828150802
mistral-7b,openbookqa,simple,all,0.7338579022139311,-0.06797973921629834,-0.12453980912348557,-0.01299090493038344,341.1178792044336
mistral-7b,openbookqa,simple,all,0.7397240469232201,-0.06661714519160629,-0.12391578349398406,-0.01056651441294309,329.3827909675867
mistral-7b,openbookqa,simple,all,0.7455901916325092,-0.06516761586124206,-0.12259864598567048,-0.009090520725393616,317.9372364977654
mistral-7b,openbookqa,simple,all,0.7514563363417983,-0.06363699880806613,-0.12214621225263626,-0.007070703414404413,306.7342983212698
mistral-7b,openbookqa,simple,all,0.7573224810510873,-0.062032182977707635,-0.12163319177264048,-0.004210110654754457,295.7276001553885
mistral-7b,openbookqa,simple,all,0.7631886257603764,-0.06036110782797871,-0.1207426192990846,-0.001289897235419376,284.8719937513051
mistral-7b,openbookqa,simple,all,0.7690547704696655,-0.05863276697223974,-0.11960422781542936,0.0018021635686660668,274.12430089072717
mistral-7b,openbookqa,simple,errors,0.2997544103860855,-0.14978552701188724,-0.24813586151696893,-0.05877322585404668,95.42920177790864
mistral-7b,openbookqa,simple,errors,0.3057049863561988,-0.14850821222289662,-0.2458301112661841,-0.05834972249133062,97.750473872768
mistral-7b,openbookqa,simple,errors,0.3116555623263121,-0.14709438453618714,-0.24357795405808325,-0.057966907368772976,100.45380422946806
mistral-7b,openbookqa,simple,errors,0.31760613829642537,-0.14553659527678728,-0.24184416496172795,-0.05659332904759273,103.59668260220946
mistral-7b,openbookqa,simple,errors,0.32355671426653865,-0.14382934652129212,-0.23959130059069772,-0.05581867655375418,107.2404350937636
mistral-7b,openbookqa,simple,errors,0.32950729023665193,-0.14196991578484552,-0.23640060553240916,-0.05533546610594853,111.44708521784989
mistral-7b,openbookqa,simple,errors,0.3354578662067652,-0.13995927921447202,-0.23250638671527268,-0.05445660319524564,116.27371807202064
mistral-7b,openbookqa,simple,errors,0.3414084421768785,-0.13780307846842357,-0.22800274652666003,-0.053747372137484976,121.76326057016617
mistral-7b,openbookqa,simple,errors,0.3473590181469917,-0.1355125434634864,-0.22460369501331026,-0.05259320032417844,127.93056109775839
mistral-7b,openbookqa,simple,errors,0.353309594117105,-0.13310524923718856,-0.22091595923348403,-0.052243973436219546,134.74313805699165
mistral-7b,openbookqa,simple,errors,0.3592601700872183,-0.13060555823691844,-0.21627661558382338,-0.05066360622954602,142.09748174173944
mistral-7b,openbookqa,simple,errors,0.36521074605733156,-0.12804459026389667,-0.210928204832274,-0.04991000130664079,149.79487370381185
mistral-7b,openbookqa,simple,errors,0.37116132202744484,-0.12545958262266305,-0.20745294118680577,-0.049391040132107294,157.52530699839832
mistral-7b,openbookqa,simple,errors,0.3771118979975581,-0.12289256089321479,-0.2021783522152049,-0.04921059571794882,164.87257629941442
mistral-7b,openbookqa,simple,errors,0.3830624739676714,-0.1203883356869612,-0.1981554328530284,-0.04793723896192015,171.35378486816188
mistral-7b,openbookqa,simple,errors,0.3890130499377847,-0.1179919596392302,-0.19323395399774085,-0.049772906499357894,176.49718433451514
mistral-7b,openbookqa,simple,errors,0.39496362590789796,-0.11574589590975845,-0.1906549389826851,-0.048540422114657845,179.9427534724029
mistral-7b,openbookqa,simple,errors,0.40091420187801124,-0.11368723209287733,-0.1889529779277095,-0.047251408183138104,181.53019360645354
mistral-7b,openbookqa,simple,errors,0.40686477784812447,-0.11184529360292807,-0.18792726882232294,-0.0443961701979276,181.3362098162227
mistral-7b,openbookqa,simple,errors,0.41281535381823775,-0.1102399565106524,-0.18687947087887694,-0.04186856871447485,179.64489100807583
mistral-7b,openbookqa,simple,errors,0.41876592978835103,-0.10888084244376124,-0.18411856796297568,-0.039730211503374406,176.86790252338525
mistral-7b,openbookqa,simple,errors,0.4247165057584643,-0.10776742831611832,-0.1829627650580707,-0.03786985007753874,173.45101420321856
mistral-7b,openbookqa,simple,errors,0.4306670817285776,-0.10688996045103778,-0.1811649443332041,-0.039537945748792665,169.79953777996292
mistral-7b,openbookqa,simple,errors,0.4366176576986909,-0.10623095931444071,-0.18181923680741646,-0.038599385990301674,166.23697862665279
mistral-7b,openbookqa,simple,errors,0.44256823366880416,-0.10576705455791327,-0.18237029047644684,-0.03727703158306369,162.99413047672533
mistral-7b,openbookqa,simple,errors,0.44851880963891744,-0.10547089880851433,-0.1824204618047029,-0.0374183891844776,160.2177925218814
mistral-7b,openbookqa,simple,errors,0.4544693856090307,-0.10531295736922605,-0.18261576798059087,-0.03734410432614487,157.98817424687132
mistral-7b,openbookqa,simple,errors,0.460419961579144,-0.10526303902317967,-0.18216101483686964,-0.03765356118804302,156.3375044904271
mistral-7b,openbookqa,simple,errors,0.4663705375492573,-0.10529150178531815,-0.1818718003971264,-0.03751849164178741,155.2660402561096
mistral-7b,openbookqa,simple,errors,0.47232111351937056,-0.10537012424934589,-0.18197243677073327,-0.038275034080610865,154.75422905964774
mistral-7b,openbookqa,simple,errors,0.47827168948948384,-0.10547267265500912,-0.18141965406216337,-0.0385747533804141,154.77114027486374
mistral-7b,openbookqa,simple,errors,0.4842222654595971,-0.10557521596664556,-0.1809163972216525,-0.038855039748533715,155.27981857683392
mistral-7b,openbookqa,simple,errors,0.4901728414297104,-0.10565624931830232,-0.18057693590694324,-0.03913460268298471,156.24030671779138
mistral-7b,openbookqa,simple,errors,0.4961234173998237,-0.10569668447778717,-0.18018507169900047,-0.040210573536387524,157.61099193207198
mistral-7b,openbookqa,simple,errors,0.502073993369937,-0.10567975859332335,-0.17866501664303985,-0.04093676088868853,159.34878920624962
mistral-7b,openbookqa,simple,errors,0.5080245693400502,-0.1055909025755092,-0.17778191705209198,-0.041570903737370025,161.4085480586063
mistral-7b,openbookqa,simple,errors,0.5139751453101635,-0.10541760013299865,-0.17567073372650543,-0.042264306601332256,163.74197901240444
mistral-7b,openbookqa,simple,errors,0.5199257212802768,-0.10514925890001249,-0.17490442299041495,-0.04266347693121796,166.29634417538767
mistral-7b,openbookqa,simple,errors,0.5258762972503901,-0.10477710677580286,-0.1724071477063611,-0.042835421859420915,169.0131375738553
mistral-7b,openbookqa,simple,errors,0.5318268732205034,-0.10429411963505483,-0.1724309769188758,-0.042388987754324745,171.8269853931162
mistral-7b,openbookqa,simple,errors,0.5377774491906167,-0.1036949808524008,-0.1711348239453181,-0.0427264712466039,174.66501104471146
mistral-7b,openbookqa,simple,errors,0.5437280251607299,-0.10297606844420429,-0.1693580779338408,-0.043472633208087474,177.44691851767655
mistral-7b,openbookqa,simple,errors,0.5496786011308431,-0.10213546193136785,-0.1677408154176921,-0.04387581849490782,180.08603033432422
mistral-7b,openbookqa,simple,errors,0.5556291771009565,-0.10117295821427606,-0.16550643125563114,-0.04184737231330592,182.49145403111172
mistral-7b,openbookqa,simple,errors,0.5615797530710698,-0.100090083862982,-0.16415140538690376,-0.04027141261812749,184.57142953338658
mistral-7b,openbookqa,simple,errors,0.567530329041183,-0.09889009037331509,-0.16348169563269274,-0.0387232927520403,186.23772914312428
mistral-7b,openbookqa,simple,errors,0.5734809050112962,-0.09757791926485325,-0.1626446975227823,-0.0381797328704939,187.41076385593965
mistral-7b,openbookqa,simple,errors,0.5794314809814095,-0.09616012551525323,-0.16174430627082137,-0.03796291421792141,188.02484011435897
mistral-7b,openbookqa,simple,errors,0.5853820569515228,-0.09464475076277278,-0.1611569043080559,-0.03452953138162741,188.03287157228021
mistral-7b,openbookqa,simple,errors,0.5913326329216361,-0.0930411418443968,-0.15950482674382307,-0.032770483553798184,187.4098389876765
mistral-7b,openbookqa,simple,errors,0.5972832088917494,-0.0913597152709107,-0.15871236701332478,-0.03211335538138103,186.1544369295648
mistral-7b,openbookqa,simple,errors,0.6032337848618626,-0.08961167369619107,-0.15583331556450833,-0.03048287833128669,184.2886295497912
mistral-7b,openbookqa,simple,errors,0.6091843608319759,-0.08780868570908529,-0.15393493813969533,-0.02647017969291986,181.8551919312346
mistral-7b,openbookqa,simple,errors,0.6151349368020892,-0.08596254471084594,-0.1527152214882281,-0.024276234998801282,178.91364493306503
mistral-7b,openbookqa,simple,errors,0.6210855127722025,-0.08408482565251868,-0.1533841869021515,-0.01900144742568314,175.53521527601015
mistral-7b,openbookqa,simple,errors,0.6270360887423158,-0.08218655958293508,-0.15244220542594952,-0.015973552408096746,171.7975235801222
mistral-7b,openbookqa,simple,errors,0.632986664712429,-0.08027794514341599,-0.15222818591017148,-0.011791317942971865,167.7796269673256
mistral-7b,openbookqa,simple,errors,0.6389372406825423,-0.07836811347294818,-0.15258236617918883,-0.007251787481884598,163.55786596258739
mistral-7b,openbookqa,simple,errors,0.6448878166526555,-0.0764649588527123,-0.1521454159667805,-0.004508467795458886,159.20275070803228
mistral-7b,openbookqa,simple,errors,0.6508383926227688,-0.07457504240071393,-0.15232880329252058,-0.0015695739069916572,154.77692468223196
mistral-7b,openbookqa,simple,errors,0.656788968592882,-0.07270357087975592,-0.15225838616615173,0.0016145704454039113,150.33409951935272
mistral-7b,openbookqa,simple,errors,0.6627395445629953,-0.0708544478195929,-0.15213477855644386,0.005276231913860506,145.91877270940006
mistral-7b,openbookqa,simple,errors,0.6686901205331086,-0.06903039015936417,-0.15198205969647466,0.007815901934121126,141.56651367233894
mistral-7b,openbookqa,simple,errors,0.6746406965032219,-0.06723310078483302,-0.1517710801589128,0.011451450698316894,137.30461671184335
mistral-7b,openbookqa,simple,errors,0.6805912724733352,-0.06546348576295773,-0.15150154868116,0.015509326923755206,133.15295410108124
mistral-7b,openbookqa,simple,errors,0.6865418484434485,-0.06372190468543742,-0.15115339721570423,0.01819695675289145,129.12490471440447
mistral-7b,openbookqa,simple,errors,0.6924924244135617,-0.06200844311792517,-0.14862214601996476,0.019809764733009754,125.2282737752309
mistral-7b,openbookqa,simple,errors,0.698443000383675,-0.06032319743745954,-0.14827945527516082,0.026764434689560867,121.46615260454995
mistral-7b,openbookqa,simple,errors,0.7043935763537883,-0.05866656403497311,-0.14867152695447575,0.029624359839042814,117.83769225543745
mistral-7b,openbookqa,simple,errors,0.7103441523239016,-0.05703952669341282,-0.14896876237529882,0.03447693744036689,114.3387821497242
mistral-7b,openbookqa,simple,errors,0.7162947282940149,-0.0554439377041713,-0.14974167913105194,0.03724233942324708,110.96263575684249
mistral-7b,openbookqa,simple,errors,0.7222453042641281,-0.053882789792685244,-0.15019188904600736,0.04171213482820613,107.70029163647986
mistral-7b,openbookqa,simple,errors,0.7281958802342414,-0.052360477082863,-0.14991585650037784,0.04315106416172545,104.54104128743606
mistral-7b,openbookqa,simple,errors,0.7341464562043547,-0.05088304408269816,-0.1499559347279155,0.04549359131644934,101.47279635812237
mistral-7b,openbookqa,simple,errors,0.740097032174468,-0.049458422000098916,-0.15037671843534117,0.047688286041819704,98.48240770027107
mistral-7b,openbookqa,simple,errors,0.7460476081445813,-0.04809665160358367,-0.15036828759015028,0.05090015553466181,95.5559480393088
mistral-7b,openbookqa,simple,errors,0.7519981841146945,-0.04681009134700249,-0.14809319415333713,0.05411549980784214,92.67896906089328
mistral-7b,openbookqa,simple,errors,0.7579487600848078,-0.04561360860884104,-0.14583330354742863,0.056303318012453536,89.83674273494982
mistral-7b,openbookqa,simple,errors,0.7638993360549211,-0.04452475068764828,-0.14501322935721664,0.05809345215785322,87.01449592753757
mistral-7b,openbookqa,simple,errors,0.7698499120250344,-0.04356389068322463,-0.14313560744188636,0.06139377660039179,84.19764697521202
mistral-7b,openbookqa,simple,errors,0.7758004879951477,-0.0427543416240087,-0.1433611411663343,0.06501104422435161,81.37205307216645
mistral-7b,openbookqa,simple,correct,0.299806666970253,-0.07271167155460576,-0.13271805446076898,-0.012392329570072283,229.88631139940645
mistral-7b,openbookqa,simple,correct,0.30559174374490977,-0.0723766583796503,-0.13251812846540212,-0.012952429568554236,235.72446100836146
mistral-7b,openbookqa,simple,correct,0.31137682051956656,-0.07201054418065667,-0.13168395605453237,-0.013433360282873187,242.6224241419074
mistral-7b,openbookqa,simple,correct,0.3171618972942233,-0.0716117574455271,-0.13018511387204346,-0.012202934143157838,250.76475664975737
mistral-7b,openbookqa,simple,correct,0.32294697406888007,-0.07117915009948225,-0.1294351383605391,-0.012696212371540064,260.35890240578135
mistral-7b,openbookqa,simple,correct,0.32873205084353685,-0.0707121772241648,-0.12874201444550337,-0.012905693198016582,271.63081887207187
mistral-7b,openbookqa,simple,correct,0.33451712761819363,-0.07021109815403193,-0.12753751267415356,-0.014173480899987467,284.8143534609157
mistral-7b,openbookqa,simple,correct,0.3403022043928504,-0.06967718619663582,-0.12599372409526727,-0.013776302115017881,300.1305874224084
mistral-7b,openbookqa,simple,correct,0.3460872811675072,-0.06911292671423984,-0.1252897380026416,-0.014708373080218454,317.75226743654895
mistral-7b,openbookqa,simple,correct,0.3518723579421639,-0.06852217584298076,-0.12280330857763733,-0.015381553354361482,337.74824430398303
mistral-7b,openbookqa,simple,correct,0.3576574347168207,-0.06791024670238303,-0.12212428261834266,-0.015137278126640778,360.00525967905645
mistral-7b,openbookqa,simple,correct,0.3634425114914775,-0.06728388915055343,-0.12063429699330132,-0.015227736346323593,384.13216479788707
mistral-7b,openbookqa,simple,correct,0.3692275882661343,-0.06665113551078532,-0.1202632694290507,-0.015395442266086058,409.3672176924685
mistral-7b,openbookqa,simple,correct,0.375012665040791,-0.06602099965400958,-0.11933230440744186,-0.016276578831955938,434.5309639265683
mistral-7b,openbookqa,simple,correct,0.3807977418154478,-0.06540303946752302,-0.11794611648396028,-0.01682787566902851,458.08365307866245
mistral-7b,openbookqa,simple,correct,0.38658281859010457,-0.06480681913879079,-0.11765939656062094,-0.01577504654038921,478.33344043880965
mistral-7b,openbookqa,simple,correct,0.39236789536476135,-0.06424133131633121,-0.11635603061664267,-0.014882827614422622,493.7797966501595
mistral-7b,openbookqa,simple,correct,0.39815297213941814,-0.0637144528631315,-0.11511990057169869,-0.014945796204899296,503.48382317161156
mistral-7b,openbookqa,simple,correct,0.4039380489140749,-0.0632325064573566,-0.1153278776643632,-0.015327589245425093,507.30358509511746
mistral-7b,openbookqa,simple,correct,0.4097231256887317,-0.0627999830452716,-0.11663613711716223,-0.014696780365382347,505.883520537697
mistral-7b,openbookqa,simple,correct,0.41550820246338843,-0.06241945152887013,-0.11658820471656767,-0.014388207080993294,500.41863107605064
mistral-7b,openbookqa,simple,correct,0.4212932792380452,-0.062091649976523694,-0.11704949599120644,-0.013394483213325956,492.3222685210959
mistral-7b,openbookqa,simple,correct,0.427078356012702,-0.06181572539465788,-0.1173527712033782,-0.01295546175310893,482.93663294742385
mistral-7b,openbookqa,simple,correct,0.4328634327873587,-0.061589572462425204,-0.117074336903421,-0.01269031231411096,473.3592578933614
mistral-7b,openbookqa,simple,correct,0.4386485095620155,-0.061410217338395454,-0.11721085292414643,-0.01235427043364896,464.38550485250164
mistral-7b,openbookqa,simple,correct,0.4444335863366723,-0.06127419873228576,-0.11594016952711714,-0.013339529260247594,456.5287688402649
mistral-7b,openbookqa,simple,correct,0.4502186631113291,-0.061177910822341974,-0.11476242964479444,-0.013045735508396522,450.0764748283449
mistral-7b,openbookqa,simple,correct,0.45600373988598586,-0.061117886936097925,-0.1156601290510092,-0.013842312181351221,445.15272017831285
mistral-7b,openbookqa,simple,correct,0.46178881666064264,-0.06109101585625682,-0.11605975162674435,-0.013364029383900997,441.7727861053901
mistral-7b,openbookqa,simple,correct,0.4675738934352994,-0.061094692328686126,-0.11570406659579249,-0.012765854002029254,439.8846972786541
mistral-7b,openbookqa,simple,correct,0.4733589702099562,-0.06112690936394839,-0.11599293303585888,-0.012843472125774243,439.398197493217
mistral-7b,openbookqa,simple,correct,0.47914404698461294,-0.06118630267183169,-0.11645580429248185,-0.01233871138059791,440.2034842181924
mistral-7b,openbookqa,simple,correct,0.4849291237592697,-0.061272157903257095,-0.11716093300772401,-0.012542978381186835,442.1823441888943
mistral-7b,openbookqa,simple,correct,0.4907142005339265,-0.061384390204474615,-0.1175317209992907,-0.012842459860047561,445.21395300941947
mistral-7b,openbookqa,simple,correct,0.49649927730858323,-0.06152350367725469,-0.1177887799090161,-0.013224687944403384,449.17705927426783
mistral-7b,openbookqa,simple,correct,0.50228435408324,-0.06169053623241534,-0.1171327319776621,-0.013685675591061422,453.94978556435564
mistral-7b,openbookqa,simple,correct,0.5080694308578968,-0.061886993363741934,-0.11767505718164249,-0.014583932949402408,459.4079115045022
mistral-7b,openbookqa,simple,correct,0.5138545076325536,-0.06211477273758949,-0.11731030922390134,-0.015451008911223163,465.4222602188955
mistral-7b,openbookqa,simple,correct,0.5196395844072104,-0.06237608026687049,-0.11746482354433486,-0.015982876095555102,471.85566950661
mistral-7b,openbookqa,simple,correct,0.5254246611818671,-0.0626733375320499,-0.11730242961364729,-0.01628907610390282,478.55996893173705
mistral-7b,openbookqa,simple,correct,0.5312097379565239,-0.06300908001138998,-0.11800659911261285,-0.016974491156152436,485.3733801263267
mistral-7b,openbookqa,simple,correct,0.5369948147311807,-0.06338584556093595,-0.11827178807720087,-0.01784958311091987,492.11878580869046
mistral-7b,openbookqa,simple,correct,0.5427798915058375,-0.06380605290997114,-0.11851851605286681,-0.01835994052954936,498.6033462207744
mistral-7b,openbookqa,simple,correct,0.5485649682804943,-0.0642718705735343,-0.11861572130453092,-0.019135373028317925,504.6199480005279
mistral-7b,openbookqa,simple,correct,0.5543500450551511,-0.06478507748466701,-0.117987693554301,-0.020286004233675745,509.95091414245064
mistral-7b,openbookqa,simple,correct,0.5601351218298078,-0.06534691775428617,-0.1176627914181678,-0.020404675974528563,514.3742503223764
mistral-7b,openbookqa,simple,correct,0.5659201986044645,-0.06595795319309161,-0.11884455806427778,-0.020212044519337048,517.6724302427583
mistral-7b,openbookqa,simple,correct,0.5717052753791213,-0.06661791846960043,-0.11870312167710766,-0.020764761588385937,519.6433352925768
mistral-7b,openbookqa,simple,correct,0.5774903521537781,-0.06732558489898427,-0.12089982604980995,-0.021498939371645764,520.1125066725696
mistral-7b,openbookqa,simple,correct,0.5832754289284349,-0.06807863970980664,-0.1217586460160318,-0.021440894568523942,518.9454312858873
mistral-7b,openbookqa,simple,correct,0.5890605057030917,-0.06887358806840534,-0.12263123205796135,-0.021719074951352654,516.0582882424084
mistral-7b,openbookqa,simple,correct,0.5948455824777483,-0.06970568501964847,-0.12278868840856504,-0.021590663280961077,511.425550742506
mistral-7b,openbookqa,simple,correct,0.6006306592524051,-0.07056890373580374,-0.12342377712828091,-0.02183490331414983,505.0831387421761
mistral-7b,openbookqa,simple,correct,0.6064157360270619,-0.07145594502477552,-0.12428513611916103,-0.022423811460055128,497.1264307774451
mistral-7b,openbookqa,simple,correct,0.6122008128017187,-0.07235829098952415,-0.12590032474073223,-0.023367346816026705,487.7032463331222
mistral-7b,openbookqa,simple,correct,0.6179858895763755,-0.0732663031947325,-0.12800674492559788,-0.023869933521047732,477.00271048514446
mistral-7b,openbookqa,simple,correct,0.6237709663510322,-0.07416936290658412,-0.1302639699356676,-0.024417590259980627,465.2415122867436
mistral-7b,openbookqa,simple,correct,0.629556043125689,-0.07505604820336134,-0.13200003549137285,-0.025087601788724455,452.6493339896087
mistral-7b,openbookqa,simple,correct,0.6353411199003458,-0.07591434030204203,-0.133867856254142,-0.025689182682617818,439.45513212160427
mistral-7b,openbookqa,simple,correct,0.6411261966750026,-0.07673184957629017,-0.13631951622517854,-0.02538243100748438,425.87556859940497
mistral-7b,openbookqa,simple,correct,0.6469112734496594,-0.07749605065325019,-0.1391791415120192,-0.0249792414208673,412.10635685267977
mistral-7b,openbookqa,simple,correct,0.6526963502243162,-0.078194515771039,-0.14026678337158388,-0.02464123643333407,398.31674789801036
mistral-7b,openbookqa,simple,correct,0.6584814269989729,-0.07881513624490023,-0.14120146873375322,-0.02345919852806192,384.646942033321
mistral-7b,openbookqa,simple,correct,0.6642665037736297,-0.07934632331156738,-0.14304865549354617,-0.023719542286064932,371.20792629487977
mistral-7b,openbookqa,simple,correct,0.6700515805482865,-0.07977718160114415,-0.1446008227486174,-0.022762626563987084,358.08310861286583
mistral-7b,openbookqa,simple,correct,0.6758366573229433,-0.08009765078015427,-0.1461247004190987,-0.022904787281856166,345.33111631009905
mistral-7b,openbookqa,simple,correct,0.6816217340976001,-0.08029861326733846,-0.1471021459398539,-0.022664841929459827,332.9892055154193
mistral-7b,openbookqa,simple,correct,0.6874068108722567,-0.08037196812136746,-0.1479869060553474,-0.021686972818457974,321.0768472392936
mistral-7b,openbookqa,simple,correct,0.6931918876469135,-0.08031067306504128,-0.1486512656453477,-0.02188103856612824,309.59918311201767
mistral-7b,openbookqa,simple,correct,0.6989769644215703,-0.08010875803652028,-0.1486822094784247,-0.02171647750606879,298.5501588740928
mistral-7b,openbookqa,simple,correct,0.7047620411962271,-0.07976131460262378,-0.14937417615194776,-0.020492677265629203,287.9152368235892
mistral-7b,openbookqa,simple,correct,0.7105471179708839,-0.07926446604652314,-0.14965588518001413,-0.018569698363674045,277.6736572065955
mistral-7b,openbookqa,simple,correct,0.7163321947455406,-0.07861532300823676,-0.150311344555668,-0.016332747252850794,267.80026505442095
mistral-7b,openbookqa,simple,correct,0.7221172715201973,-0.07781192929241927,-0.15181342855685526,-0.014219123178384974,258.2669473478471
mistral-7b,openbookqa,simple,correct,0.7279023482948541,-0.0768532019549173,-0.1519127485996073,-0.012683844166428941,249.04374022758992
mistral-7b,openbookqa,simple,correct,0.7336874250695109,-0.07573886912579261,-0.15102466434435405,-0.010515798118447557,240.09967147206498
mistral-7b,openbookqa,simple,correct,0.7394725018441677,-0.07446940829928506,-0.14982176473593956,-0.008311494855635902,231.40340303580197
mistral-7b,openbookqa,simple,correct,0.7452575786188245,-0.0730459870823747,-0.14827869227844986,-0.005581746843341561,222.92373460023526
mistral-7b,openbookqa,simple,correct,0.7510426553934813,-0.07147040768836886,-0.146709407797698,-0.0011469055016982803,214.63002351167097
mistral-7b,openbookqa,simple,correct,0.756827732168138,-0.06974505582003364,-0.14491924395139869,0.001145628945303888,206.49257012069995
mistral-7b,openbookqa,simple,correct,0.7626128089427948,-0.06787285402511221,-0.14484985255375868,0.003088028802424084,198.48301073830396
phi4-mini,aqua,complex,all,0.2999965810775757,-0.03628659922356958,-0.11342365499671789,0.039214003810872686,152.55802567494055
phi4-mini,aqua,complex,all,0.3084519283473492,-0.03642869476646825,-0.11300224039867991,0.03802582646971848,156.35765916420337
phi4-mini,aqua,complex,all,0.3169072756171227,-0.03660021054633705,-0.1121336404454468,0.03696243102468214,161.29242350510538
phi4-mini,aqua,complex,all,0.32536262288689616,-0.036804172530685554,-0.11101790073833523,0.03643472884805777,167.68092887337988
phi4-mini,aqua,complex,all,0.33381797015666964,-0.03704221964307062,-0.11165529508896581,0.03646768820044815,175.9050563665967
phi4-mini,aqua,complex,all,0.3422733174264431,-0.03731355479793033,-0.1111776676540936,0.034848470725671925,186.38964950825027
phi4-mini,aqua,complex,all,0.3507286646962166,-0.037613654445464786,-0.11156774539757258,0.03312132034953657,199.5349471028731
phi4-mini,aqua,complex,all,0.3591840119659901,-0.03793290109525377,-0.11025474929909258,0.03185373653216112,215.55669182114613
phi4-mini,aqua,complex,all,0.3676393592357636,-0.03825546720386075,-0.11045725984593362,0.03088434141080978,234.17920995735673
phi4-mini,aqua,complex,all,0.37609470650553706,-0.0385589279592771,-0.11069676184034792,0.029502390289288808,254.17896263028086
phi4-mini,aqua,complex,all,0.38455005377531054,-0.03881510597825678,-0.11086904446356773,0.028911133093535487,272.98690360601233
phi4-mini,aqua,complex,all,0.393005401045084,-0.03899243395029939,-0.11094010424837773,0.027227736806445222,286.9119116382347
phi4-mini,aqua,complex,all,0.4014607483148575,-0.03905963657783761,-0.1108757138546057,0.02565769963027371,292.5309616312807
phi4-mini,aqua,complex,all,0.409916095584631,-0.038989949306942884,-0.11214922364198576,0.02760085268139166,288.67631877326244
phi4-mini,aqua,complex,all,0.4183714428544045,-0.038764737270394464,-0.11316277157675021,0.02810273901259895,277.20526309786186
phi4-mini,aqua,complex,all,0.42682679012417796,-0.03837552245193761,-0.11203933653047743,0.030116989948773775,261.7273162569229
phi4-mini,aqua,complex,all,0.43528213739395144,-0.037824035797156944,-0.11246446519853036,0.03439547062677594,245.680249699124
phi4-mini,aqua,complex,all,0.4437374846637249,-0.03712064005799672,-0.11171534627608977,0.034996384247010126,231.30482959618664
phi4-mini,aqua,complex,all,0.4521928319334984,-0.0362819314726515,-0.11186843927795632,0.03818055032224956,219.64462122035127
phi4-mini,aqua,complex,all,0.4606481792032719,-0.03532836778633305,-0.11121135019319058,0.04008149820808978,210.96319220961
phi4-mini,aqua,complex,all,0.4691035264730454,-0.03428250046099456,-0.10995733270510329,0.04277414834241389,205.14111753387866
phi4-mini,aqua,complex,all,0.47755887374281886,-0.033168032205077524,-0.10947215022920018,0.045425799241894084,201.92795149071716
phi4-mini,aqua,complex,all,0.48601422101259234,-0.032009640693614796,-0.10904567298931049,0.047857403970111116,201.0709038299268
phi4-mini,aqua,complex,all,0.4944695682823658,-0.030833356018289428,-0.10846566915878537,0.049886234037876794,202.3682812442618
phi4-mini,aqua,complex,all,0.5029249155521394,-0.029667225691028774,-0.10574850110232582,0.05152396940597428,205.68271285253041
phi4-mini,aqua,complex,all,0.5113802628219128,-0.028541997086545392,-0.10349176553479851,0.05276708810456912,210.93273728238788
phi4-mini,aqua,complex,all,0.5198356100916863,-0.027491555661653184,-0.10276488270054014,0.053590847774354036,218.06985675955062
phi4-mini,aqua,complex,all,0.5282909573614598,-0.02655286455351616,-0.10253704348220091,0.05318219517890291,227.041412632347
phi4-mini,aqua,complex,all,0.5367463046312333,-0.02576516596282605,-0.10145677993671902,0.053312653775473715,237.73660315780833
phi4-mini,aqua,complex,all,0.5452016519010068,-0.025168251760926318,-0.0997938258412916,0.052615497719921966,249.91420685955055
phi4-mini,aqua,complex,all,0.5536569991707803,-0.024799720837981324,-0.09988323053289215,0.0521894781901101,263.1184988061299
phi4-mini,aqua,complex,all,0.5621123464405537,-0.024691335270976666,-0.09888469190846903,0.0507652148102008,276.6069379436496
phi4-mini,aqua,complex,all,0.5705676937103272,-0.02486485729325955,-0.09738738656411103,0.048485137984065375,289.33631478849213
phi4-mini,aqua,complex,all,0.5790230409801007,-0.02532803541302991,-0.09606052397056805,0.04714854759752116,300.06561045359035
phi4-mini,aqua,complex,all,0.5874783882498742,-0.026071601975960913,-0.09631321439964596,0.04482885108286874,307.60243522629105
phi4-mini,aqua,complex,all,0.5959337355196477,-0.02706812261297049,-0.0970861923456303,0.043789559774977796,311.13171611517384
phi4-mini,aqua,complex,all,0.6043890827894212,-0.028273231180949376,-0.09665209645530783,0.04248393522731371,310.4728963838056
phi4-mini,aqua,complex,all,0.6128444300591946,-0.029629242620847186,-0.09734962656460905,0.04180129707310599,306.11693141623294
phi4-mini,aqua,complex,all,0.6212997773289681,-0.031070538671549467,-0.09841930091099231,0.03991066334655957,299.02517843787064
phi4-mini,aqua,complex,all,0.6297551245987416,-0.032529696336828756,-0.09992622802587332,0.037548659662065886,290.3163299294937
phi4-mini,aqua,complex,all,0.6382104718685151,-0.03394323442172011,-0.10113502359175376,0.03614435476239844,280.9986751043516
phi4-mini,aqua,complex,all,0.6466658191382886,-0.035256094132999356,-0.10183699163108509,0.03525317742536696,271.82853757315945
phi4-mini,aqua,complex,all,0.6551211664080621,-0.03642441017647041,-0.10268864182333201,0.03514049091349308,263.2863106393721
phi4-mini,aqua,complex,all,0.6635765136778355,-0.03741658254869444,-0.10434862836144118,0.03483352215164202,255.62048617257602
phi4-mini,aqua,complex,all,0.672031860947609,-0.03821298471220645,-0.10698397358054945,0.03551201631172146,248.91333400990894
phi4-mini,aqua,complex,all,0.6804872082173825,-0.03880478947053662,-0.10856016939637586,0.03435825066217859,243.14133855853234
phi4-mini,aqua,complex,all,0.688942555487156,-0.039192385460493064,-0.10771381899083658,0.03284877119290482,238.22044561595834
phi4-mini,aqua,complex,all,0.6973979027569295,-0.03938375694898606,-0.10991992282383797,0.03342966457569542,234.03564871047465
phi4-mini,aqua,complex,all,0.705853250026703,-0.03939306858091497,-0.11089141471169407,0.03268333084032936,230.458102243136
phi4-mini,aqua,complex,all,0.7143085972964764,-0.03923957558038224,-0.11031097068862243,0.03443061568944411,227.35353766370955
phi4-mini,aqua,complex,all,0.7227639445662499,-0.03894688674808444,-0.11065212073738388,0.034904163274754325,224.58518165746622
phi4-mini,aqua,complex,all,0.7312192918360234,-0.03854254425215068,-0.11209290471514867,0.03401725498553343,222.01358694325896
phi4-mini,aqua,complex,all,0.7396746391057969,-0.03805784418037154,-0.11130331611546623,0.03441567760957854,219.4951538681947
phi4-mini,aqua,complex,all,0.7481299863755704,-0.037527796296381755,-0.11049526891223926,0.036564936073879624,216.88072594590864
phi4-mini,aqua,complex,all,0.7565853336453439,-0.03699110275064539,-0.11037264891642608,0.03694314928440928,214.01544331315964
phi4-mini,aqua,complex,all,0.7650406809151173,-0.0364900187156442,-0.10989231682641334,0.0387822780921212,210.7409349578845
phi4-mini,aqua,complex,all,0.7734960281848908,-0.03606994156669341,-0.10985176661649258,0.03969782611817845,206.90078332282175
phi4-mini,aqua,complex,all,0.7819513754546643,-0.03577856176718732,-0.11137919037278123,0.041728977128010714,202.34983563714968
phi4-mini,aqua,complex,all,0.7904067227244378,-0.03566440495596263,-0.11353525511350336,0.04206103464533199,196.9672112697895
phi4-mini,aqua,complex,all,0.7988620699942113,-0.03577461264447272,-0.11642540764693862,0.044277656652270084,190.67171628659668
phi4-mini,aqua,complex,all,0.8073174172639848,-0.03615186454044904,-0.11893376711256981,0.04346140688736973,183.43701153654342
phi4-mini,aqua,complex,all,0.8157727645337582,-0.03683045663361332,-0.12256537563467321,0.0440889335958746,175.3027860986048
phi4-mini,aqua,complex,all,0.8242281118035317,-0.03783172885341601,-0.1255824597800379,0.0435880021198185,166.37806178086873
phi4-mini,aqua,complex,all,0.8326834590733052,-0.03915928143243892,-0.12894182918735156,0.04349761665615634,156.83412184793013
phi4-mini,aqua,complex,all,0.8411388063430787,-0.0407946968238912,-0.13264608306008696,0.04080819876334141,146.8872866602087
phi4-mini,aqua,complex,all,0.8495941536128522,-0.04269471924684506,-0.1350156169543785,0.040357810874255995,136.7748655506552
phi4-mini,aqua,complex,all,0.8580495008826257,-0.04479092390422282,-0.13933135307936612,0.04247383809792348,126.72967944308374
phi4-mini,aqua,complex,all,0.8665048481523991,-0.046992713689064956,-0.143869482053962,0.045602573274840054,116.95858582681001
phi4-mini,aqua,complex,all,0.8749601954221726,-0.04919394950623271,-0.1491909726339414,0.04546864452168001,107.62854515431704
phi4-mini,aqua,complex,all,0.8834155426919461,-0.051282713138217355,-0.1543098177989912,0.04512913957035293,98.86102214949109
phi4-mini,aqua,complex,all,0.8918708899617196,-0.05315283520188727,-0.1594021614301507,0.04897154747066325,90.73322174628912
phi4-mini,aqua,complex,all,0.9003262372314931,-0.05471520876000651,-0.16439128316558144,0.05240935942800105,83.2835876895617
phi4-mini,aqua,complex,all,0.9087815845012666,-0.055906821581077355,-0.16868652762942005,0.05233349554278883,76.51911967576011
phi4-mini,aqua,complex,all,0.91723693177104,-0.05669595250140151,-0.17045485071593916,0.054434988126469616,70.4228475103954
phi4-mini,aqua,complex,all,0.9256922790408135,-0.05708291368546449,-0.1714604770974837,0.05592750166069186,64.96063727113555
phi4-mini,aqua,complex,all,0.934147626310587,-0.05709673772668542,-0.17546025883699476,0.057857105936177926,60.08705710920421
phi4-mini,aqua,complex,all,0.9426029735803605,-0.05678896981967839,-0.17562837218094157,0.060895077814832756,55.750267777664455
phi4-mini,aqua,complex,all,0.951058320850134,-0.05622604870460454,-0.17494067876818384,0.06705961308326469,51.895957716307905
phi4-mini,aqua,complex,all,0.9595136681199075,-0.055481660382595575,-0.17887904260183068,0.07086502799745575,48.47035026723757
phi4-mini,aqua,complex,all,0.9679690153896809,-0.0546300758718872,-0.18131776424091584,0.0728825526683312,45.42233533690919
phi4-mini,aqua,complex,all,0.9764243626594543,-0.05374102329410725,-0.18534634573903852,0.0740844958891949,42.7048207800534
phi4-mini,aqua,complex,errors,0.29999699056148527,-0.07009725170618923,-0.1956732629619309,0.05548088979922078,62.37086570917758
phi4-mini,aqua,complex,errors,0.3082749890014529,-0.0704159232885022,-0.19342237188618727,0.053133099409197505,63.65854125562944
phi4-mini,aqua,complex,errors,0.3165529874414205,-0.07081861769209175,-0.19198557565058005,0.05060112358857839,65.31970762276198
phi4-mini,aqua,complex,errors,0.32483098588138815,-0.07132395266375988,-0.1908089173551573,0.048852877203430255,67.45592695753756
phi4-mini,aqua,complex,errors,0.33310898432135577,-0.0719525465479371,-0.1896966882615403,0.04482962111852744,70.18869530932339
phi4-mini,aqua,complex,errors,0.3413869827613234,-0.07272593618449599,-0.186852107469188,0.04287524333032508,73.65438518063118
phi4-mini,aqua,complex,errors,0.3496649812012911,-0.07366465722825054,-0.18632705019078205,0.03669926089817984,77.98681164031304
phi4-mini,aqua,complex,errors,0.3579429796412587,-0.07478532973553433,-0.18279501526576564,0.03034524405089027,83.27534039257209
phi4-mini,aqua,complex,errors,0.36622097808122633,-0.07609679622308088,-0.18017337745338952,0.024043664991166853,89.48185656532031
phi4-mini,aqua,complex,errors,0.37449897652119396,-0.07759573295203873,-0.18199586486968736,0.01725556551914358,96.30662542478856
phi4-mini,aqua,complex,errors,0.3827769749611616,-0.0792626467603208,-0.18227485117547826,0.015880440554338522,103.03631426679934
phi4-mini,aqua,complex,errors,0.3910549734011292,-0.08105958450618893,-0.1756234618558663,0.009465486265165673,108.50732089096634
phi4-mini,aqua,complex,errors,0.39933297184109684,-0.08293090067375201,-0.17513289580033148,0.008267132012529382,111.39571341139896
phi4-mini,aqua,complex,errors,0.40761097028106447,-0.08480778249105525,-0.17773731998718342,0.005060144486024725,110.86028137691392
phi4-mini,aqua,complex,errors,0.4158889687210321,-0.08661598635356124,-0.1787826582429268,0.005218595093995664,107.08755965041154
phi4-mini,aqua,complex,errors,0.4241669671609998,-0.08828493231154204,-0.18174229145245951,0.006846697287936661,101.1842552115416
phi4-mini,aqua,complex,errors,0.43244496560096735,-0.08975568168612001,-0.1858012758292183,0.008029463060515244,94.5290353977021
phi4-mini,aqua,complex,errors,0.44072296404093503,-0.09098578706721541,-0.19324481299067037,0.01038751476977242,88.19946952926774
phi4-mini,aqua,complex,errors,0.4490009624809026,-0.09195026956490698,-0.19914040735915878,0.013793314933804323,82.79520550255197
phi4-mini,aqua,complex,errors,0.4572789609208703,-0.09263931055498233,-0.2013715994803221,0.015646549999898337,78.53560947756783
phi4-mini,aqua,complex,errors,0.4655569593608379,-0.09305402371232292,-0.20400445224818275,0.0156795966197536,75.42207481343661
phi4-mini,aqua,complex,errors,0.47383495780080553,-0.09320174564693978,-0.2082163677908503,0.017493576099151746,73.362122849927
phi4-mini,aqua,complex,errors,0.48211295624077316,-0.09309189057394492,-0.20960209100781918,0.019018874082795335,72.24037168165981
phi4-mini,aqua,complex,errors,0.4903909546807408,-0.09273289943508708,-0.20906997335170915,0.019900162464377123,71.95165461905306
phi4-mini,aqua,complex,errors,0.4986689531207084,-0.09213040734633896,-0.20723380635541305,0.02023042602681204,72.41264725925568
phi4-mini,aqua,complex,errors,0.506946951560676,-0.09128652694365995,-0.20399203109455039,0.020560620212179713,73.56237713079653
phi4-mini,aqua,complex,errors,0.5152249500006437,-0.09020006755319478,-0.20016804955949585,0.019494534732745403,75.35673470506636
phi4-mini,aqua,complex,errors,0.5235029484406113,-0.08886751448568711,-0.19576472516863602,0.019254206799868098,77.75881901212723
phi4-mini,aqua,complex,errors,0.531780946880579,-0.08728461825204449,-0.19327416187297253,0.02097563970325903,80.72523918908153
phi4-mini,aqua,complex,errors,0.5400589453205465,-0.08544844890822206,-0.18770564569361847,0.020439349261197656,84.1880474655179
phi4-mini,aqua,complex,errors,0.5483369437605142,-0.08335973570863858,-0.1815151658579436,0.018996582157637238,88.03296838297351
phi4-mini,aqua,complex,errors,0.5566149422004818,-0.0810252366375484,-0.1761918862542444,0.018625521024251735,92.07750135898893
phi4-mini,aqua,complex,errors,0.5648929406404495,-0.07845978731165473,-0.17108767972919145,0.019048542606208453,96.05734655071207
phi4-mini,aqua,complex,errors,0.5731709390804172,-0.07568760627676283,-0.16554602837868795,0.02129840276772416,99.63444167853466
phi4-mini,aqua,complex,errors,0.5814489375203847,-0.07274243866911996,-0.15978500473077256,0.023271500519342205,102.43928039350793
phi4-mini,aqua,complex,errors,0.5897269359603523,-0.06966624908989107,-0.15550244852870854,0.0204844293408552,104.1475560252415
phi4-mini,aqua,complex,errors,0.59800493440032,-0.06650643546406027,-0.15203504443795623,0.021912082526083437,104.5676766929436
phi4-mini,aqua,complex,errors,0.6062829328402877,-0.0633118754257996,-0.14812209762474504,0.025235990760630978,103.69797478894519
phi4-mini,aqua,complex,errors,0.6145609312802554,-0.06012842685621598,-0.1456292900283834,0.031747773314483106,101.72179026688531
phi4-mini,aqua,complex,errors,0.6228389297202229,-0.0569946644345691,-0.14607838073666662,0.03488902605900323,98.94386742569081
phi4-mini,aqua,complex,errors,0.6311169281601905,-0.05393857477906189,-0.14390450509186284,0.040459755117873614,95.70340207416375
phi4-mini,aqua,complex,errors,0.6393949266001582,-0.05097567534756743,-0.14338594110270642,0.04447084271168703,92.30247758965831
phi4-mini,aqua,complex,errors,0.6476729250401259,-0.04810866858374038,-0.14157346189637643,0.04755391131851636,88.96859871103585
phi4-mini,aqua,complex,errors,0.6559509234800934,-0.0453284203347362,-0.14278583118794208,0.05181112635430156,85.84844407780027
phi4-mini,aqua,complex,errors,0.664228921920061,-0.04261585253740737,-0.14327742161142756,0.058239004098159325,83.02004731633446
phi4-mini,aqua,complex,errors,0.6725069203600287,-0.03994429087057013,-0.14241222790784638,0.06262823383517181,80.51127619480032
phi4-mini,aqua,complex,errors,0.6807849187999964,-0.037281877670753756,-0.141487713808404,0.06459536038609871,78.3172592679773
phi4-mini,aqua,complex,errors,0.6890629172399639,-0.03459379200473997,-0.13954310327085417,0.06694032777404721,76.41379678267518
phi4-mini,aqua,complex,errors,0.6973409156799315,-0.03184415939029281,-0.13946671477616962,0.06919614123446888,74.76640179303608
phi4-mini,aqua,complex,errors,0.7056189141198992,-0.02899764991139448,-0.13765413460701065,0.0745606974516504,73.3357250372807
phi4-mini,aqua,complex,errors,0.7138969125598669,-0.02602084299732919,-0.13538818038108028,0.07925918299228407,72.08037125105601
phi4-mini,aqua,complex,errors,0.7221749109998346,-0.02288348187082409,-0.1325870266612456,0.08010075756238445,70.9580097284662
phi4-mini,aqua,complex,errors,0.7304529094398021,-0.019559758813872993,-0.13100282267725172,0.08505293100636419,69.92548767364973
phi4-mini,aqua,complex,errors,0.7387309078797697,-0.016029772326481437,-0.12794826196423506,0.09075284674736767,68.93848542432792
phi4-mini,aqua,complex,errors,0.7470089063197374,-0.012281284175411552,-0.12525921017903285,0.09519405369643855,67.9511391704173
phi4-mini,aqua,complex,errors,0.7552869047597051,-0.008311879002448116,-0.12269471972789048,0.09865560003082159,66.91599094070912
phi4-mini,aqua,complex,errors,0.7635649031996726,-0.0041315877551627534,-0.11852008760274363,0.10449492729724401,65.78457928344108
phi4-mini,aqua,complex,errors,0.7718429016396402,0.0002340291610561653,-0.11967936414551657,0.1107483220813446,64.50891808730695
phi4-mini,aqua,complex,errors,0.7801209000796079,0.004740443082334165,-0.1175860991688657,0.11762300867136886,63.04398393113927
phi4-mini,aqua,complex,errors,0.7883988985195756,0.009320612035057692,-0.1214284759166808,0.12414150308064839,61.35111731175542
phi4-mini,aqua,complex,errors,0.7966768969595432,0.01388177520224831,-0.11564788001850744,0.13246105962949378,59.401953764239536
phi4-mini,aqua,complex,errors,0.8049548953995107,0.018303272008416274,-0.11136096600732164,0.14089797402645307,57.18221435538235
phi4-mini,aqua,complex,errors,0.8132328938394784,0.022436319034165216,-0.11384555329590412,0.1478154052924505,54.694534480011924
phi4-mini,aqua,complex,errors,0.8215108922794461,0.026106861496641303,-0.1100219774085883,0.1544007445441854,51.9596225092152
phi4-mini,aqua,complex,errors,0.8297888907194138,0.029122616742086903,-0.1101687010022183,0.1617126409260668,49.01543368471845
phi4-mini,aqua,complex,errors,0.8380668891593814,0.03128509799017625,-0.10991079404262877,0.1705668179733044,45.914559364811254
phi4-mini,aqua,complex,errors,0.8463448875993489,0.03240662495583968,-0.11506012283390829,0.17517705698782426,42.72038866850688
phi4-mini,aqua,complex,errors,0.8546228860393166,0.032331090057009744,-0.11673301333975081,0.17783344588954367,39.50260265984443
phi4-mini,aqua,complex,errors,0.8629008844792843,0.03095577261492197,-0.12717667759329687,0.17988324854071422,36.33229385028376
phi4-mini,aqua,complex,errors,0.8711788829192519,0.02825025504825806,-0.13304133787253875,0.18188914161288627,33.27680518805158
phi4-mini,aqua,complex,errors,0.8794568813592194,0.024268109923521974,-0.1439483971677245,0.18928526093203937,30.394544035269526
phi4-mini,aqua,complex,errors,0.8877348797991871,0.019147955493457748,-0.15917660172838494,0.19016011963129487,27.73046146606682
phi4-mini,aqua,complex,errors,0.8960128782391548,0.013102689030200997,-0.1700750425072196,0.1897474885086467,25.31315767087868
phi4-mini,aqua,complex,errors,0.9042908766791224,0.006398546365166064,-0.1831797445344082,0.18960861775206037,23.15431685076192
phi4-mini,aqua,complex,errors,0.9125688751190899,-0.0006719328868039625,-0.18989560562604116,0.18295977246583647,21.250476857951668
phi4-mini,aqua,complex,errors,0.9208468735590576,-0.00781782412494816,-0.1971702266223517,0.17964175614334907,19.586443232187836
phi4-mini,aqua,complex,errors,0.9291248719990253,-0.014773869969879935,-0.20399829933021033,0.17155159760479233,18.139345176690146
phi4-mini,aqua,complex,errors,0.937402870438993,-0.02131756890622299,-0.21079175129567915,0.16382783320371921,16.88245392758442
phi4-mini,aqua,complex,errors,0.9456808688789606,-0.0272782714467546,-0.21347698188252645,0.1522199868921218,15.788240550746696
phi4-mini,aqua,complex,errors,0.9539588673189281,-0.03253900934466652,-0.2172537815833291,0.14250201085095607,14.830509716749335
phi4-mini,aqua,complex,errors,0.9622368657588958,-0.03703283138553012,-0.2223978784058143,0.13045196462678543,13.985685119097678
phi4-mini,aqua,complex,correct,0.2999966204166412,-0.012646405945922326,-0.1039606502706375,0.07279300621266875,90.19170672183247
phi4-mini,aqua,complex,correct,0.3084755829721689,-0.012738308326711438,-0.10231673081865239,0.07193016580593958,92.68310898041433
phi4-mini,aqua,complex,correct,0.3169545455276966,-0.012840408171767882,-0.10022324993697745,0.07070307178862137,95.9242868878325
phi4-mini,aqua,complex,correct,0.3254335080832243,-0.012949270075015262,-0.09828343830674964,0.06950572015805095,100.12770549370246
phi4-mini,aqua,complex,correct,0.33391247063875196,-0.01305852071838013,-0.09680300617621933,0.06850000958152083,105.54809781468724
phi4-mini,aqua,complex,correct,0.34239143319427967,-0.013157856299342805,-0.09667508803719857,0.06592872664673223,112.46761313777083
phi4-mini,aqua,complex,correct,0.35087039574980733,-0.013232137401912529,-0.09519508773142024,0.0642477710424389,121.14714455600017
phi4-mini,aqua,complex,correct,0.35934935830533504,-0.013260880824447069,-0.09182773098894743,0.06093400204052328,131.71230580712006
phi4-mini,aqua,complex,correct,0.3678283208608627,-0.013218555930788363,-0.09066996472820868,0.05800455789617082,143.93885381895598
phi4-mini,aqua,complex,correct,0.3763072834163904,-0.01307607161636326,-0.08991481541514391,0.05523429825148565,156.9482071074842
phi4-mini,aqua,complex,correct,0.3847862459719181,-0.012803604792846195,-0.08780623534030378,0.05314813443531909,168.9827171375699
phi4-mini,aqua,complex,correct,0.3932652085274458,-0.012374461178793485,-0.08721100132578191,0.05238506296372279,177.65448793177006
phi4-mini,aqua,complex,correct,0.40174417108297344,-0.011769133363451036,-0.089900390255478,0.05367813043633862,180.94723842957458
phi4-mini,aqua,complex,correct,0.41022313363850116,-0.010978435726313839,-0.08863758074426505,0.05787793940739674,178.42368943436028
phi4-mini,aqua,complex,correct,0.41870209619402887,-0.010004806082161396,-0.08817261358313083,0.060073113207652795,171.47444601235824
phi4-mini,aqua,complex,correct,0.42718105874955653,-0.008861532630163154,-0.08985072896510016,0.0639562494856883,162.3652834129333
phi4-mini,aqua,complex,correct,0.4356600213050842,-0.007570434322210677,-0.09218507047291817,0.06852800621771525,153.10233778982945
phi4-mini,aqua,complex,correct,0.4441389838606119,-0.006158977627313126,-0.09419425149017147,0.07292831945403455,144.93185154467776
phi4-mini,aqua,complex,correct,0.4526179464161396,-0.004657784812201989,-0.0940188947285579,0.07672997587543545,138.41040667984083
phi4-mini,aqua,complex,correct,0.4610969089716673,-0.003099119211013788,-0.09382628295474066,0.07916164934569053,133.66649155125495
phi4-mini,aqua,complex,correct,0.46957587152719493,-0.0015164899835215164,-0.09415911845026201,0.08154940367704686,130.62638850834153
phi4-mini,aqua,complex,correct,0.47805483408272265,5.4804577829534145e-05,-0.09386210632353298,0.08517705437369406,129.1523079293444
phi4-mini,aqua,complex,correct,0.48653379663825036,0.0015765317228153804,-0.09332357379179132,0.08860243510697419,129.11166804235725
phi4-mini,aqua,complex,correct,0.495012759193778,0.003006149941562368,-0.09243272658723782,0.09179285053875846,130.4054252929225
phi4-mini,aqua,complex,correct,0.5034917217493058,0.004295568068066388,-0.09210510488777972,0.09385455565061325,132.97445876807782
phi4-mini,aqua,complex,correct,0.5119706843048334,0.0053903920466712415,-0.09067163352470697,0.0968269397129511,136.79359080545834
phi4-mini,aqua,complex,correct,0.5204496468603611,0.0062300226200742055,-0.09032636597807259,0.09759393856750691,141.8563733302687
phi4-mini,aqua,complex,correct,0.5289286094158888,0.00674897598843535,-0.08794859560742108,0.09639967490873198,148.14988407655906
phi4-mini,aqua,complex,correct,0.5374075719714164,0.006879766207610191,-0.08609727812633906,0.09444407871514522,155.61703514958717
phi4-mini,aqua,complex,correct,0.5458865345269441,0.006557556803854558,-0.08587536028852749,0.09155068395150756,164.1050471228489
phi4-mini,aqua,complex,correct,0.5543654970824718,0.0057265089565105695,-0.0854360476560617,0.08956712086080644,173.30486977501585
phi4-mini,aqua,complex,correct,0.5628444596379996,0.004347311664926145,-0.08365566091795351,0.08566621240857202,182.69947834161175
phi4-mini,aqua,complex,correct,0.5713234221935273,0.0024048409644395257,-0.08599138747668579,0.08170374584759367,191.55653167433317
phi4-mini,aqua,complex,correct,0.579802384749055,-8.557167302720539e-05,-0.0856798055307047,0.07883855172186768,199.00860603487106
phi4-mini,aqua,complex,correct,0.5882813473045826,-0.0030749367738512855,-0.08800622634947193,0.07497707638638983,204.23764633068637
phi4-mini,aqua,complex,correct,0.5967603098601103,-0.0064817818956282485,-0.09115269063339808,0.0706066056279046,206.7114661204074
phi4-mini,aqua,complex,correct,0.6052392724156379,-0.010198109569641485,-0.09225682352517657,0.067252184657965,206.35492955050663
phi4-mini,aqua,complex,correct,0.6137182349711656,-0.014099340586078275,-0.0950706803279503,0.0628915811451191,203.55390071394473
phi4-mini,aqua,complex,correct,0.6221971975266933,-0.018056393997534247,-0.09748267146425858,0.057800268443115935,198.99481283357
phi4-mini,aqua,complex,correct,0.630676160082221,-0.021947580189451157,-0.10316447255643035,0.054231404110902603,193.4415599476592
phi4-mini,aqua,complex,correct,0.6391551226377488,-0.025668246708377383,-0.10819209444093132,0.051723763086949114,187.55907763581337
phi4-mini,aqua,complex,correct,0.6476340851932765,-0.02913694169965493,-0.11221278778784467,0.047467733324730595,181.8299447084213
phi4-mini,aqua,complex,correct,0.6561130477488041,-0.03229786230846157,-0.11608827529589347,0.046090564506475945,176.5492987141964
phi4-mini,aqua,complex,correct,0.6645920103043318,-0.035120167567966695,-0.11875171867588703,0.044453156793966005,171.86081185073047
phi4-mini,aqua,complex,correct,0.6730709728598594,-0.03759516558473595,-0.12182795524687168,0.04258823697646159,167.8028991728327
phi4-mini,aqua,complex,correct,0.6815499354153871,-0.03973243937313725,-0.12302227313355237,0.04270638277937727,164.34887142836823
phi4-mini,aqua,complex,correct,0.6900288979709148,-0.04155578037461922,-0.12385496556441332,0.041747006237564756,161.43590211070034
phi4-mini,aqua,complex,correct,0.6985078605264425,-0.04309950237324562,-0.1259949681536503,0.041682705078444134,158.98338051818484
phi4-mini,aqua,complex,correct,0.7069868230819703,-0.044405421585469305,-0.12621395213834433,0.04090126186967005,156.90315705044927
phi4-mini,aqua,complex,correct,0.715465785637498,-0.04552056646191316,-0.12864728086983188,0.03947802848295553,155.10429655110576
phi4-mini,aqua,complex,correct,0.7239447481930257,-0.04649553477749369,-0.13254101783201397,0.03856875880707674,153.49444900882276
phi4-mini,aqua,complex,correct,0.7324237107485533,-0.047383333463104624,-0.13307817579635264,0.03904356622113389,151.9793862940124
phi4-mini,aqua,complex,correct,0.740902673304081,-0.048238498227293106,-0.13278996001805518,0.03757116520835412,150.4618354328528
phi4-mini,aqua,complex,correct,0.7493816358596086,-0.04911627718266176,-0.132455041263978,0.03762046432249288,148.8404942776639
phi4-mini,aqua,complex,correct,0.7578605984151363,-0.05007166337321601,-0.134793712247192,0.037076820306409936,147.01000788766683
phi4-mini,aqua,complex,correct,0.766339560970664,-0.051158070260145794,-0.13680761224570653,0.03761857427357109,144.86264330558333
phi4-mini,aqua,complex,correct,0.7748185235261917,-0.052425463449701525,-0.1423721229187914,0.03715230560068607,142.29232722993697
phi4-mini,aqua,complex,correct,0.7832974860817195,-0.05391779863590967,-0.1468628725101797,0.03659710146849782,139.20147907466614
phi4-mini,aqua,complex,correct,0.7917764486372472,-0.055669681930062644,-0.15094011482926412,0.034598631408628525,135.5105542012905
phi4-mini,aqua,complex,correct,0.8002554111927748,-0.05770227899880951,-0.15288098433813235,0.03159912255885327,131.16935203674632
phi4-mini,aqua,complex,correct,0.8087343737483025,-0.0600186665214242,-0.15921883268618567,0.02995981303537502,126.16806507552536
phi4-mini,aqua,complex,correct,0.8172133363038302,-0.06259904696626767,-0.16277940801474364,0.03285456007899112,120.54513689264347
phi4-mini,aqua,complex,correct,0.8256922988593578,-0.06539651893340537,-0.1695965953502506,0.0352593924116936,114.38885154294354
phi4-mini,aqua,complex,correct,0.8341712614148855,-0.06833436110081564,-0.17443211274415008,0.036792563777216125,107.83067951289338
phi4-mini,aqua,complex,correct,0.8426502239704132,-0.07130595887073632,-0.18222798805168092,0.033697631453680675,101.03069499771354
phi4-mini,aqua,complex,correct,0.8511291865259409,-0.07417845796455208,-0.1905195176072686,0.035487324578145775,94.15802559546083
phi4-mini,aqua,complex,correct,0.8596081490814687,-0.07680085067271844,-0.19903516417964526,0.03447015680712143,87.37104190481075
phi4-mini,aqua,complex,correct,0.8680871116369963,-0.07901643839311345,-0.20676237304354,0.034063415255146105,80.80194114635633
phi4-mini,aqua,complex,correct,0.876566074192524,-0.08067856007720202,-0.21142712955678553,0.03635299900105512,74.5485926958302
phi4-mini,aqua,complex,correct,0.8850450367480517,-0.08166739872654716,-0.21486432666221614,0.03751791154415261,68.67394200531147
phi4-mini,aqua,complex,correct,0.8935239993035794,-0.08190496724838213,-0.21644400641135433,0.040771731891923305,63.21108261465778
phi4-mini,aqua,complex,correct,0.902002961859107,-0.08136538416918292,-0.21890080185883615,0.04431448582143257,58.17104942641671
phi4-mini,aqua,complex,correct,0.9104819244146347,-0.08007840013167221,-0.21727136216520415,0.052420919507328426,53.55055788062225
phi4-mini,aqua,complex,correct,0.9189608869701624,-0.07812560821607029,-0.22222616581586258,0.05814453002657798,49.33791899283356
phi4-mini,aqua,complex,correct,0.9274398495256901,-0.07563037626354976,-0.22420109707272212,0.06911451904540679,45.516605522942555
phi4-mini,aqua,complex,correct,0.9359188120812177,-0.0727437466127863,-0.22533893371927244,0.08041386442150346,42.06690772042111
phi4-mini,aqua,complex,correct,0.9443977746367455,-0.06962902846460477,-0.22412553333574287,0.0871990329766459,38.96653586554101
phi4-mini,aqua,complex,correct,0.9528767371922732,-0.06644754685042122,-0.23131100387880657,0.09963642565867863,36.19094613196319
phi4-mini,aqua,complex,correct,0.9613556997478009,-0.06334725299096754,-0.22985853395344305,0.10723896759108835,33.713827391355544
phi4-mini,aqua,complex,correct,0.9698346623033285,-0.06045498169001939,-0.2374641727865145,0.11687624614513573,31.50784371199471
phi4-mini,aqua,complex,correct,0.9783136248588562,-0.0578723420318547,-0.24350060571981177,0.12589782788046133,29.545521135741254
phi4-mini,aqua,simple,all,0.2999965614080429,-0.00882671964406521,-0.08429446086187678,0.060626754718729144,150.38285067284636
phi4-mini,aqua,simple,all,0.3084530715271831,-0.009259411054780387,-0.08352247134844286,0.0592979643297914,154.1303610500805
phi4-mini,aqua,simple,all,0.3169095816463232,-0.009799195724708104,-0.08371877820824129,0.05765175777557413,158.99775983459577
phi4-mini,aqua,simple,all,0.3253660917654634,-0.010466078723272208,-0.0828132694869084,0.05711912343318538,165.29951350215987
phi4-mini,aqua,simple,all,0.3338226018846035,-0.011280088444809157,-0.08293284758129382,0.05532840369827413,173.4126006479396
phi4-mini,aqua,simple,all,0.34227911200374367,-0.012258931137823479,-0.08317763785252734,0.053874187247577504,183.75650685883687
phi4-mini,aqua,simple,all,0.3507356221228838,-0.013414581680321138,-0.08398204010592089,0.05127505348179455,196.72657616814794
phi4-mini,aqua,simple,all,0.35919213224202395,-0.014748938525753095,-0.08359083474436463,0.0497225825337572,212.53621207658256
phi4-mini,aqua,simple,all,0.3676486423611641,-0.016249121457532878,-0.08428002501144138,0.047873424703147566,230.91389297106826
phi4-mini,aqua,simple,all,0.37610515248030424,-0.017883559941233047,-0.08524129219911218,0.045323879836404415,250.65254447311497
phi4-mini,aqua,simple,all,0.3845616625994444,-0.019600458213137585,-0.08615279933968732,0.04320174056381999,269.2171183752467
phi4-mini,aqua,simple,all,0.3930181727185845,-0.021330138194935854,-0.08839793036481473,0.04094527846416968,282.965738859765
phi4-mini,aqua,simple,all,0.4014746828377247,-0.02299184854815985,-0.08952379183260245,0.03904906902050087,288.52266970910654
phi4-mini,aqua,simple,all,0.40993119295686486,-0.024504031057368626,-0.0911035163090842,0.03741120853461422,284.7390359738992
phi4-mini,aqua,simple,all,0.418387703076005,-0.025795494512052736,-0.0941968656378956,0.03780603671576925,273.44986516513194
phi4-mini,aqua,simple,all,0.42684421319514515,-0.026814407017581157,-0.0958484052169392,0.0382210154274942,258.2162263183769
phi4-mini,aqua,simple,all,0.43530072331428526,-0.027532887409357668,-0.09709457790350581,0.03965877239611651,242.42772199880048
phi4-mini,aqua,simple,all,0.44375723343342544,-0.027946740762310157,-0.09817970186069999,0.03942508658360496,228.293036474246
phi4-mini,aqua,simple,all,0.4522137435525656,-0.028071519555967678,-0.09896378163527081,0.04016142826649857,216.84095345696235
phi4-mini,aqua,simple,all,0.4606702536717058,-0.027936857525900013,-0.09858070870928684,0.04028195483249213,208.3320691272286
phi4-mini,aqua,simple,all,0.4691267637908459,-0.027580855684643014,-0.09831791330143617,0.04199984743319861,202.65014459664965
phi4-mini,aqua,simple,all,0.477583273909986,-0.027045617664501725,-0.09859148702895906,0.044247447040638106,199.55039787316704
phi4-mini,aqua,simple,all,0.4860397840291262,-0.0263743041576397,-0.09936344965099125,0.04608624015622527,198.78629721700196
phi4-mini,aqua,simple,all,0.49449629414826635,-0.02560956604127942,-0.100698691703765,0.04823205411486476,200.16223335350443
phi4-mini,aqua,simple,all,0.5029528042674065,-0.024792965578577738,-0.10164715842738697,0.04889048197228207,203.54654211519838
phi4-mini,aqua,simple,all,0.5114093143865466,-0.02396493308111085,-0.10225381110423076,0.049705438100583234,208.86311886777875
phi4-mini,aqua,simple,all,0.5198658245056867,-0.023164843129173843,-0.1030163920416962,0.0511109482770534,216.06853033720145
phi4-mini,aqua,simple,all,0.5283223346248269,-0.022430869625619746,-0.102681344270373,0.052070305882841804,225.1148425632977
phi4-mini,aqua,simple,all,0.5367788447439671,-0.021799369344178605,-0.10232701877363957,0.05443137812744421,235.89538100926373
phi4-mini,aqua,simple,all,0.5452353548631073,-0.021303652434613077,-0.10135617454233624,0.05553803906665157,248.1719333562359
phi4-mini,aqua,simple,all,0.5536918649822473,-0.02097213887707245,-0.10152818987953705,0.05633785945421152,261.4899685840178
phi4-mini,aqua,simple,all,0.5621483751013875,-0.02082607754254596,-0.10080506259937515,0.05663867491099525,275.1057964873349
phi4-mini,aqua,simple,all,0.5706048852205277,-0.020877199935766224,-0.10028115246050333,0.056032574980220955,287.97295813880805
phi4-mini,aqua,simple,all,0.5790613953396678,-0.021125840796166865,-0.10070843677057097,0.05637139419410422,298.84655270959456
phi4-mini,aqua,simple,all,0.587517905458808,-0.021560105560474167,-0.10119666950921624,0.05598398793642674,306.531891297172
phi4-mini,aqua,simple,all,0.5959744155779481,-0.022156534187008647,-0.10111754075127313,0.05556510124191269,310.2144666070929
phi4-mini,aqua,simple,all,0.6044309256970882,-0.022882395359106505,-0.10031190635130886,0.054046081944048315,309.7159859208826
phi4-mini,aqua,simple,all,0.6128874358162284,-0.023699327658140347,-0.09942741375464854,0.05338243102905067,305.5284133813797
phi4-mini,aqua,simple,all,0.6213439459353686,-0.024567676441190293,-0.09956205972002315,0.05347962807114477,298.6106752006603
phi4-mini,aqua,simple,all,0.6298004560545087,-0.025450703506088353,-0.0990752450027368,0.05307910229911812,290.07589600354993
phi4-mini,aqua,simple,all,0.6382569661736488,-0.026317932086260255,-0.10028779230823491,0.052293167357065545,280.9257843733155
phi4-mini,aqua,simple,all,0.646713476292789,-0.027147177072164436,-0.09995428997006446,0.05061161945092191,271.91123387242936
phi4-mini,aqua,simple,all,0.6551699864119291,-0.02792516825653941,-0.10047799529195223,0.05056916739096041,263.50945867552247
phi4-mini,aqua,simple,all,0.6636264965310693,-0.028646971486342702,-0.10257726845924488,0.047449319766688126,255.96803955574134
phi4-mini,aqua,simple,all,0.6720830066502095,-0.02931457578550442,-0.10321022816021048,0.04389532152305937,249.37002740431538
phi4-mini,aqua,simple,all,0.6805395167693495,-0.029935040977235528,-0.10287970382082014,0.04419194854822844,243.6936698164983
phi4-mini,aqua,simple,all,0.6889960268884897,-0.03051853285020489,-0.10293278164786389,0.04325159153691744,238.85705937553902
phi4-mini,aqua,simple,all,0.6974525370076299,-0.031076465590779173,-0.10318751551026088,0.041332500668126944,234.74730343658547
phi4-mini,aqua,simple,all,0.7059090471267699,-0.031619866099810066,-0.10346833550204411,0.04025617946941217,231.2373837059771
phi4-mini,aqua,simple,all,0.7143655572459102,-0.03215799439363059,-0.10361542875467575,0.03926091997999967,228.19443444617397
phi4-mini,aqua,simple,all,0.7228220673650503,-0.03269720467160215,-0.10369904068492228,0.03711132036213592,225.4825921748549
phi4-mini,aqua,simple,all,0.7312785774841905,-0.03324000953284377,-0.10307829533743573,0.03564608344109017,222.96279306278225
phi4-mini,aqua,simple,all,0.7397350876033306,-0.03378430864529281,-0.10281412367787666,0.035256818492164506,220.49127556247225
phi4-mini,aqua,simple,all,0.7481915977224707,-0.034322756654603465,-0.10340942130781737,0.034437806229000625,217.91816416021373
phi4-mini,aqua,simple,all,0.756648107841611,-0.03484226878280832,-0.10427521525038194,0.0326331923526529,215.08732397956825
phi4-mini,aqua,simple,all,0.765104617960751,-0.0353236936512717,-0.10494907705526395,0.03222646196918921,211.8385854513418
phi4-mini,aqua,simple,all,0.7735611280798912,-0.03574171947155519,-0.10473589593525859,0.03234309209076203,208.01330166960156
phi4-mini,aqua,simple,all,0.7820176381990314,-0.03606511949063707,-0.10581476626886165,0.031521387391061306,203.46384629683584
phi4-mini,aqua,simple,all,0.7904741483181714,-0.03625748089354883,-0.10608408066390831,0.031041746993473267,198.0669263649979
phi4-mini,aqua,simple,all,0.7989306584373117,-0.03627858969770521,-0.10582034889103324,0.03248844727939468,191.73941804412107
phi4-mini,aqua,simple,all,0.8073871685564518,-0.03608664843832115,-0.10509798861532768,0.03264282993137845,184.45402012533668
phi4-mini,aqua,simple,all,0.815843678675592,-0.035641463866590284,-0.10482756960497888,0.03443245243589932,176.25086972257466
phi4-mini,aqua,simple,all,0.8243001887947321,-0.03490863591359052,-0.10586966370806206,0.03444253100431534,167.24110402676595
phi4-mini,aqua,simple,all,0.8327566989138722,-0.033864589592037274,-0.10482417439226369,0.03618397063144706,157.5997381719526
phi4-mini,aqua,simple,all,0.8412132090330124,-0.032502020665408124,-0.10281253255418284,0.03925624790709997,147.5480419107968
phi4-mini,aqua,simple,all,0.8496697191521525,-0.03083501334254783,-0.1027061452966814,0.04284563699808041,137.32882326653439
phi4-mini,aqua,simple,all,0.8581262292712928,-0.028902822395141033,-0.10225256865574885,0.04669372041276869,127.18018831174454
phi4-mini,aqua,simple,all,0.8665827393904328,-0.02677122096801389,-0.10246314336757388,0.05076909292279503,117.3134059773481
phi4-mini,aqua,simple,all,0.8750392495095729,-0.02453052329168724,-0.10131781249138104,0.056009563175191394,107.89855790977407
phi4-mini,aqua,simple,all,0.8834957596287132,-0.022289946961516514,-0.10344948569523818,0.0611484567661793,99.05881118638787
phi4-mini,aqua,simple,all,0.8919522697478532,-0.020168788855620026,-0.1081887614101254,0.06928529308851043,90.87177158797215
phi4-mini,aqua,simple,all,0.9004087798669935,-0.01828571056913956,-0.10717438033842942,0.0732477576662306,83.37525705588983
phi4-mini,aqua,simple,all,0.9088652899861336,-0.01674796055459073,-0.11113780275357693,0.07810221176080616,76.57495302075358
phi4-mini,aqua,simple,all,0.9173218001052736,-0.015642384625036955,-0.11445552160824833,0.08380418775274147,70.45221315761162
phi4-mini,aqua,simple,all,0.9257783102244139,-0.015029583055184955,-0.11965128782961854,0.08967924189535599,64.97113372277933
phi4-mini,aqua,simple,all,0.934234820343554,-0.014941761886937412,-0.12165048839654202,0.09500424733846767,60.084609014075866
phi4-mini,aqua,simple,all,0.9426913304626943,-0.015383999964435712,-0.12893567065328757,0.09908234416933592,55.73933360112381
phi4-mini,aqua,simple,all,0.9511478405818343,-0.016338064851940382,-0.13389606608194632,0.1017523995652703,51.879784609606865
phi4-mini,aqua,simple,all,0.9596043507009744,-0.017767669348419383,-0.13817656955330773,0.1053020139307895,48.451230497759695
phi4-mini,aqua,simple,all,0.9680608608201147,-0.01962412865068085,-0.14361209318270657,0.10433732536948324,45.401837140087345
phi4-mini,aqua,simple,all,0.9765173709392548,-0.021851635575693803,-0.1492398466255577,0.10670557299536097,42.68398129307783
phi4-mini,aqua,simple,errors,0.29999699056148527,-0.05516245820308892,-0.1801373435599305,0.0727154808531091,61.28336141686809
phi4-mini,aqua,simple,errors,0.3082749890014529,-0.05587248881532382,-0.1795783524928759,0.07045367029621512,62.545371863587185
phi4-mini,aqua,simple,errors,0.3165529874414205,-0.05676876492435571,-0.17933478755816185,0.06758186819296541,64.173482302965
phi4-mini,aqua,simple,errors,0.32483098588138815,-0.057892216693874614,-0.17902223956768493,0.06386132148344634,66.26727993957752
phi4-mini,aqua,simple,errors,0.33310898432135577,-0.05928803102382424,-0.17862338760388363,0.059424895444343,68.94593222317886
phi4-mini,aqua,simple,errors,0.3413869827613234,-0.06100320772645448,-0.17765853245781835,0.05535481799980045,72.34327119035613
phi4-mini,aqua,simple,errors,0.3496649812012911,-0.0630822690106908,-0.17654943456545105,0.050970067534780894,76.59078309619173
phi4-mini,aqua,simple,errors,0.3579429796412587,-0.06556079099305254,-0.17555270568738965,0.04607254963955079,81.7766780369074
phi4-mini,aqua,simple,errors,0.36622097808122633,-0.06845688495546208,-0.17412404322270306,0.03895024885296512,87.86467803167706
phi4-mini,aqua,simple,errors,0.37449897652119396,-0.07176158610067812,-0.17472564865686432,0.032615887813667074,94.56263027020944
phi4-mini,aqua,simple,errors,0.3827769749611616,-0.0754301905268129,-0.17350668251384388,0.02421996973317882,101.17320021438967
phi4-mini,aqua,simple,errors,0.3910549734011292,-0.07937748162255472,-0.17368632688003427,0.016242945761352108,106.55668114305318
phi4-mini,aqua,simple,errors,0.39933297184109684,-0.08347979858982617,-0.17683061742255768,0.010249526723382214,109.41337206478859
phi4-mini,aqua,simple,errors,0.40761097028106447,-0.08758543700665934,-0.18200591679785927,0.003997658220406945,108.91364663621687
phi4-mini,aqua,simple,errors,0.4158889687210321,-0.0915320950718622,-0.18405006475041105,0.00016524394423142967,105.23529709419113
phi4-mini,aqua,simple,errors,0.4241669671609998,-0.09516719519432885,-0.19027875535439712,-0.0010516366832186382,99.46192638683453
phi4-mini,aqua,simple,errors,0.43244496560096735,-0.09836557391235605,-0.1964761709496628,-0.001511758599247276,92.94794284003179
phi4-mini,aqua,simple,errors,0.44072296404093503,-0.10104011349012121,-0.204831477731099,-0.0014248428805915306,86.75429164098158
phi4-mini,aqua,simple,errors,0.4490009624809026,-0.10314372959326486,-0.209511262106387,-0.005720810762995913,81.47291804490894
phi4-mini,aqua,simple,errors,0.4572789609208703,-0.10466408632900405,-0.2125955397467258,-0.005286473331448613,77.32186686066937
phi4-mini,aqua,simple,errors,0.4655569593608379,-0.10561410975283016,-0.21594786897266355,-0.0034224334221940656,74.30472263316614
phi4-mini,aqua,simple,errors,0.47383495780080553,-0.10602149267006244,-0.21774306209882113,-0.0034714234438994684,72.33277703551671
phi4-mini,aqua,simple,errors,0.48211295624077316,-0.10591947765599884,-0.21983602844878172,-0.0031405070034115296,71.29498218419
phi4-mini,aqua,simple,errors,0.4903909546807408,-0.10534004149334122,-0.2175930557424107,-0.0023191116613613823,71.09063058142617
phi4-mini,aqua,simple,errors,0.4986689531207084,-0.10430969430708362,-0.21596507085268854,-0.0012664041031318983,71.64082326028961
phi4-mini,aqua,simple,errors,0.506946951560676,-0.10284760647772682,-0.21254116690292865,-0.00013543579851745403,72.88889909183727
phi4-mini,aqua,simple,errors,0.5152249500006437,-0.10096561372823337,-0.2076661708604521,-0.00021588319025168495,74.79480422414949
phi4-mini,aqua,simple,errors,0.5235029484406113,-0.09866967875273776,-0.2028126361677457,-0.0003257341424512745,77.32512037259576
phi4-mini,aqua,simple,errors,0.531780946880579,-0.0959624749150242,-0.19680903072667547,0.0031363038636225524,80.4387750117667
phi4-mini,aqua,simple,errors,0.5400589453205465,-0.09284681662464667,-0.1901038963989154,0.005349753802899041,84.06806265481497
phi4-mini,aqua,simple,errors,0.5483369437605142,-0.08932964816489514,-0.18310254955011696,0.008641123153677129,88.09574678172969
phi4-mini,aqua,simple,errors,0.5566149422004818,-0.0854262119225699,-0.17898292272193936,0.009079320468632126,92.33222725665763
phi4-mini,aqua,simple,errors,0.5648929406404495,-0.08116387817548648,-0.17515595739756284,0.012899996850781251,96.50202231153209
phi4-mini,aqua,simple,errors,0.5731709390804172,-0.07658499631245944,-0.17266870344659316,0.016027232215491852,100.25378701621885
phi4-mini,aqua,simple,errors,0.5814489375203847,-0.07174810812365366,-0.16495440910237735,0.019757712107104107,103.20675425574755
phi4-mini,aqua,simple,errors,0.5897269359603523,-0.06672702446787313,-0.15974349511489094,0.025363091854024123,105.03210298521294
phi4-mini,aqua,simple,errors,0.59800493440032,-0.0616076283966772,-0.15620583441046818,0.03027410716092391,105.5427387187984
phi4-mini,aqua,simple,errors,0.6062829328402877,-0.05648276037517987,-0.15591102032632412,0.037920665141119456,104.74815547007854
phi4-mini,aqua,simple,errors,0.6145609312802554,-0.05144600976025262,-0.15533485756030607,0.0446756366884965,102.84384060120159
phi4-mini,aqua,simple,errors,0.6228389297202229,-0.046585504824825485,-0.15415438166211368,0.04938603411736685,100.14253851028755
phi4-mini,aqua,simple,errors,0.6311169281601905,-0.04197875372016715,-0.15064280799448768,0.05554599442395541,96.98555409087973
phi4-mini,aqua,simple,errors,0.6393949266001582,-0.03768926143068126,-0.14845721106817694,0.06377644677328444,93.67261117508396
phi4-mini,aqua,simple,errors,0.6476729250401259,-0.03376516856970784,-0.14758724037500864,0.0708962762541528,90.42695910076418
phi4-mini,aqua,simple,errors,0.6559509234800934,-0.030239702075085705,-0.14411865750870015,0.07572299831681654,87.39117515790876
phi4-mini,aqua,simple,errors,0.664228921920061,-0.027132926291176144,-0.1426568766468902,0.0816672334615728,84.64033968591082
phi4-mini,aqua,simple,errors,0.6725069203600287,-0.024454178743119684,-0.1413403467051079,0.08522999109292784,82.20067949771344
phi4-mini,aqua,simple,errors,0.6807849187999964,-0.022204633600144432,-0.14309729297334567,0.08814934760951194,80.0667412031862
phi4-mini,aqua,simple,errors,0.6890629172399639,-0.020379585395172626,-0.14106512573998783,0.0929392573996339,78.21443595929085
phi4-mini,aqua,simple,errors,0.6973409156799315,-0.018970216228362143,-0.13755720581245037,0.09656269374229433,76.60975202506091
phi4-mini,aqua,simple,errors,0.7056189141198992,-0.01796475555877326,-0.13879944180720505,0.09996798785444523,75.2139335971629
phi4-mini,aqua,simple,errors,0.7138969125598669,-0.017349043943360034,-0.13754891569193112,0.10079559633935954,73.98612766295238
phi4-mini,aqua,simple,errors,0.7221749109998346,-0.017106571511334753,-0.13845918097818682,0.10393267979276745,72.88437938941699
phi4-mini,aqua,simple,errors,0.7304529094398021,-0.017218089293935233,-0.13966592759399407,0.10302800917833341,71.86566248598429
phi4-mini,aqua,simple,errors,0.7387309078797697,-0.017660900005449596,-0.14071362602099818,0.10484781127762345,70.88546813336805
phi4-mini,aqua,simple,errors,0.7470089063197374,-0.018407936190777123,-0.14021637980960044,0.10634164668879693,69.89737148623601
phi4-mini,aqua,simple,errors,0.7552869047597051,-0.019426736530978858,-0.13943349177809225,0.10423571555992646,68.85293893839713
phi4-mini,aqua,simple,errors,0.7635649031996726,-0.020678441178120656,-0.1410973970228867,0.10368925501710366,67.70230389318989
phi4-mini,aqua,simple,errors,0.7718429016396402,-0.022116947098827576,-0.14224213721268328,0.10227136776449262,66.39568337824163
phi4-mini,aqua,simple,errors,0.7801209000796079,-0.02368839442858414,-0.14446308609253392,0.09801355408128726,64.8859876219927
phi4-mini,aqua,simple,errors,0.7883988985195756,-0.025331190884692427,-0.14499564431111078,0.09276399164618372,63.13245677600074
phi4-mini,aqua,simple,errors,0.7966768969595432,-0.026976814077531774,-0.14832205545153868,0.08707538628232024,61.10495022959993
phi4-mini,aqua,simple,errors,0.8049548953995107,-0.028551644481548368,-0.15196254685418686,0.08548317592131316,58.78818877262399
phi4-mini,aqua,simple,errors,0.8132328938394784,-0.029980049858469412,-0.15484671055104224,0.0831321367211499,56.18504896740002
phi4-mini,aqua,simple,errors,0.8215108922794461,-0.031188833819702357,-0.15539931251252445,0.08321010639521792,53.31808004620953
phi4-mini,aqua,simple,errors,0.8297888907194138,-0.03211294823027786,-0.15679862410162435,0.08463923753768955,50.228800314332574
phi4-mini,aqua,simple,errors,0.8380668891593814,-0.03270204296786651,-0.15882968764951436,0.08866642350802954,46.97488704096126
phi4-mini,aqua,simple,errors,0.8463448875993489,-0.03292702454458842,-0.1657215971538754,0.09373685429520699,43.6258135968376
phi4-mini,aqua,simple,errors,0.8546228860393166,-0.03278542184017365,-0.16708906760920986,0.09908470237139146,40.25758453827365
phi4-mini,aqua,simple,errors,0.8629008844792843,-0.03230418003588929,-0.17084017118868708,0.11101517799738797,36.947023931780734
phi4-mini,aqua,simple,errors,0.8711788829192519,-0.03153869987984552,-0.17682084464490402,0.11958940940410925,33.76590104224798
phi4-mini,aqua,simple,errors,0.8794568813592194,-0.03056759452208043,-0.1845693537751736,0.12873106959250963,30.775310765216723
phi4-mini,aqua,simple,errors,0.8877348797991871,-0.029483643558182646,-0.1909388339867482,0.13972356547390788,28.021079486777005
phi4-mini,aqua,simple,errors,0.8960128782391548,-0.028382465511869518,-0.19897908220659413,0.1511228561470933,25.531127084522737
phi4-mini,aqua,simple,errors,0.9042908766791224,-0.02735109594313152,-0.20924912545838495,0.16024067631662503,23.315365465203133
phi4-mini,aqua,simple,errors,0.9125688751190899,-0.026458660826117055,-0.21317441545762963,0.16750365600547137,21.367981947660905
phi4-mini,aqua,simple,errors,0.9208468735590576,-0.025750676430267114,-0.21941287615722205,0.1726585396377528,19.671290800391983
phi4-mini,aqua,simple,errors,0.9291248719990253,-0.025247478224409405,-0.22403690577803068,0.17721048853255722,18.20008866864938
phi4-mini,aqua,simple,errors,0.937402870438993,-0.024946289572959576,-0.2261685305766998,0.1785096365175027,16.925632431578567
phi4-mini,aqua,simple,errors,0.9456808688789606,-0.024825798452459597,-0.22732798996436193,0.17835212562992547,15.818748799394381
phi4-mini,aqua,simple,errors,0.9539588673189281,-0.024851919017227365,-0.2288552849354386,0.17522062344246192,14.851953017279133
phi4-mini,aqua,simple,errors,0.9622368657588958,-0.024983587681611293,-0.22747883719029913,0.17356388328545175,14.00068652870599
phi4-mini,aqua,simple,correct,0.29999660074710843,0.02339986988479902,-0.0629200039355619,0.10507518101590572,89.10410177746996
phi4-mini,aqua,simple,correct,0.3084772184714675,0.023062464538934475,-0.06172317762689839,0.1037037127373836,91.56958924011805
phi4-mini,aqua,simple,correct,0.3169578361958265,0.022648476429707912,-0.06040887284208018,0.10216838534533833,94.7773159469159
phi4-mini,aqua,simple,correct,0.32543845392018556,0.022146735793792456,-0.059454364400049114,0.09956349042105653,98.93770393817368
phi4-mini,aqua,simple,correct,0.3339190716445446,0.021547847431612432,-0.058851458371597845,0.09705574300580887,104.30306014218674
phi4-mini,aqua,simple,correct,0.34239968936890364,0.020846338761767984,-0.057869820840685926,0.0938234325748991,111.15285410710416
phi4-mini,aqua,simple,correct,0.3508803070932627,0.02004341135103718,-0.05695959512555864,0.09064563199146909,119.7454521568856
phi4-mini,aqua,simple,correct,0.3593609248176217,0.01914997130534109,-0.05492847697506725,0.08820882723376762,130.2050368365426
phi4-mini,aqua,simple,correct,0.36784154254198076,0.01818924885183852,-0.05427185435579001,0.08561526493988147,142.30884508016428
phi4-mini,aqua,simple,correct,0.3763221602663398,0.017197984927084926,-0.05464970426656957,0.08303419953562233,155.18550286971484
phi4-mini,aqua,simple,correct,0.38480277799069884,0.016225106351773242,-0.0524767138473264,0.08063412238858768,167.09315927962453
phi4-mini,aqua,simple,correct,0.3932833957150578,0.015327280882254749,-0.05064187380360742,0.07866094874161544,175.66797090579553
phi4-mini,aqua,simple,correct,0.40176401343941687,0.01456176171186058,-0.051725725630651226,0.07966160141177028,178.9181078102309
phi4-mini,aqua,simple,correct,0.4102446311637759,0.013978104719883958,-0.05330030389756174,0.08161622839466663,176.41740908417773
phi4-mini,aqua,simple,correct,0.41872524888813495,0.01361099148665433,-0.05579003787841331,0.08327810306357117,169.54653146923994
phi4-mini,aqua,simple,correct,0.427205866612494,0.013476038556743305,-0.05670421876651874,0.08436202915627447,160.54705814168722
phi4-mini,aqua,simple,correct,0.43568648433685303,0.013569277212025619,-0.05881573527103282,0.08734206652239582,151.40030419255712
phi4-mini,aqua,simple,correct,0.44416710206121207,0.013869649658953856,-0.06153974001793478,0.09161804917706579,143.3354483472875
phi4-mini,aqua,simple,correct,0.4526477197855711,0.01434307582300985,-0.06336682757999701,0.0936370304609725,136.90057989793104
phi4-mini,aqua,simple,correct,0.46112833750993015,0.014946617102680256,-0.06445118094899324,0.09677150194831423,132.22154488447705
phi4-mini,aqua,simple,correct,0.4696089552342892,0.015631753809197086,-0.06532091130895683,0.09943547534257878,129.2249683073162
phi4-mini,aqua,simple,correct,0.4780895729586482,0.016346410843632832,-0.06678744550312568,0.10210509276682396,127.7744964070443
phi4-mini,aqua,simple,correct,0.4865701906830072,0.017035846066284128,-0.0688622062021352,0.10347227547345732,127.73909341511707
phi4-mini,aqua,simple,correct,0.49505080840736626,0.017642783499945594,-0.06795944764534839,0.10582083036064646,129.02097473143237
phi4-mini,aqua,simple,correct,0.5035314261317253,0.01810727470150924,-0.06737584292391076,0.10666940405640636,131.56193335149246
phi4-mini,aqua,simple,correct,0.5120120438560843,0.018366781330354496,-0.06890105537868622,0.106044376011358,135.3375160648474
phi4-mini,aqua,simple,correct,0.5204926615804434,0.018356941029077745,-0.0705047192098862,0.10687651638472584,140.34214214824996
phi4-mini,aqua,simple,correct,0.5289732793048024,0.018013418592601475,-0.07207139064398951,0.10609257703949714,146.56441893014616
phi4-mini,aqua,simple,correct,0.5374538970291615,0.01727513273540294,-0.07286786419297553,0.10509515015036273,153.95016382578467
phi4-mini,aqua,simple,correct,0.5459345147535205,0.016088946041484597,-0.07520934957669634,0.10503150994418804,162.35171157043962
phi4-mini,aqua,simple,correct,0.5544151324778795,0.014415580605410747,-0.078575094644609,0.1035401168943766,171.4680154766891
phi4-mini,aqua,simple,correct,0.5628957502022386,0.012236085683018576,-0.08105227576217716,0.10196515510064838,180.79290468917668
phi4-mini,aqua,simple,correct,0.5713763679265976,0.009557723960979252,-0.08605951265011319,0.09959530472846242,189.60623799292907
phi4-mini,aqua,simple,correct,0.5798569856509567,0.006417832653721569,-0.087445376389243,0.09552389966321116,197.05082837626523
phi4-mini,aqua,simple,correct,0.5883376033753157,0.0028842654945346836,-0.09232388434648915,0.09121645558593897,202.31275462303515
phi4-mini,aqua,simple,correct,0.5968182210996748,-0.0009484303745601622,-0.09652441464125952,0.08627475430301362,204.85532827642731
phi4-mini,aqua,simple,correct,0.6052988388240338,-0.004966965003617896,-0.10104086215427385,0.08136678002686656,204.59152307799687
phi4-mini,aqua,simple,correct,0.6137794565483928,-0.009050133765818438,-0.10459601479611912,0.0746974481634963,201.89250474554007
phi4-mini,aqua,simple,correct,0.6222600742727519,-0.013080469593801077,-0.10703442544737488,0.06994235323079723,197.43215588865897
phi4-mini,aqua,simple,correct,0.6307406919971109,-0.01695450762192618,-0.10992280729817083,0.06498479287275616,191.96663212883894
phi4-mini,aqua,simple,correct,0.63922130972147,-0.020589977944274418,-0.11407459236449513,0.06094640311116458,186.15793211477848
phi4-mini,aqua,simple,correct,0.6477019274458289,-0.023929188562429725,-0.11446092398260449,0.056605609884166984,180.489055037264
phi4-mini,aqua,simple,correct,0.6561825451701879,-0.026938824659726364,-0.11651077417569906,0.05364700305739768,175.25732071717567
phi4-mini,aqua,simple,correct,0.664663162894547,-0.029607054656593863,-0.11784404088702527,0.050094422247846805,170.6091971894233
phi4-mini,aqua,simple,correct,0.673143780618906,-0.031939083585206175,-0.11843071787574083,0.04718658645580878,166.5858625538866
phi4-mini,aqua,simple,correct,0.681624398343265,-0.033952199292689327,-0.11829726284032993,0.04425597249377388,163.16306362967586
phi4-mini,aqua,simple,correct,0.6901050160676241,-0.03567107238678934,-0.12023564853138576,0.04145137041847335,160.27998637262695
phi4-mini,aqua,simple,correct,0.6985856337919831,-0.037123745121422795,-0.12157115575551668,0.038683683026054676,157.8576078073669
phi4-mini,aqua,simple,correct,0.7070662515163422,-0.03833847149027016,-0.12073994047038786,0.037003852207594105,155.80898043837416
phi4-mini,aqua,simple,correct,0.7155468692407012,-0.03934138661873471,-0.12104911009418952,0.036248783962627935,154.04403792725532
phi4-mini,aqua,simple,correct,0.7240274869650603,-0.040154884940743645,-0.12124166197378122,0.034022796080846456,152.47101853777113
phi4-mini,aqua,simple,correct,0.7325081046894193,-0.04079655287043181,-0.12017449925818706,0.03354670240550148,150.9960487527778
phi4-mini,aqua,simple,correct,0.7409887224137783,-0.041278509458847444,-0.12118214189740312,0.032316274862891715,149.52201437732438
phi4-mini,aqua,simple,correct,0.7494693401381374,-0.04160703934160896,-0.11825657449092887,0.031529633506386864,147.94760360634072
phi4-mini,aqua,simple,correct,0.7579499578624964,-0.041782444143309484,-0.1196305188496128,0.03110253563013851,146.16730047296477
phi4-mini,aqua,simple,correct,0.7664305755868555,-0.041799084878917266,-0.12023060705562642,0.030685914924904748,144.07306796989803
phi4-mini,aqua,simple,correct,0.7749111933112145,-0.04164563559031788,-0.1175780813611581,0.031312993486596,141.55838850553846
phi4-mini,aqua,simple,correct,0.7833918110355735,-0.04130561530221233,-0.11737781456512264,0.0321062625919174,138.5250987441321
phi4-mini,aqua,simple,correct,0.7918724287599326,-0.04075830797568451,-0.1162851715997945,0.031920354190563154,134.89293899838097
phi4-mini,aqua,simple,correct,0.8003530464842916,-0.03998021181056122,-0.11356998709325646,0.0327993549663509,130.6108770401591
phi4-mini,aqua,simple,correct,0.8088336642086507,-0.03894716852392476,-0.11398892474180007,0.03342515302513768,125.66818591209439
phi4-mini,aqua,simple,correct,0.8173142819330097,-0.03763729359478207,-0.11470178397615975,0.03517491266371658,120.10234476497163
phi4-mini,aqua,simple,correct,0.8257948996573687,-0.03603474080279493,-0.11401050904787606,0.036555492113304076,114.00068292937374
phi4-mini,aqua,simple,correct,0.8342755173817278,-0.03413417376209045,-0.1130416300897535,0.040905686584500923,107.49378759561573
phi4-mini,aqua,simple,correct,0.8427561351060868,-0.031945584610368866,-0.11303442688776896,0.04361609660268673,100.74098327274112
phi4-mini,aqua,simple,correct,0.8512367528304459,-0.0294988272481023,-0.11478727194311884,0.04799503434727735,93.91083646878339
phi4-mini,aqua,simple,correct,0.8597173705548049,-0.02684699205446513,-0.11439012647182839,0.05764648855502797,87.1613852433173
phi4-mini,aqua,simple,correct,0.868197988279164,-0.024067647978638886,-0.11756752072499364,0.06305342616691871,80.62474108976119
phi4-mini,aqua,simple,correct,0.876678606003523,-0.021261124874027572,-0.11772191462092386,0.07371124449538131,74.39892720477455
phi4-mini,aqua,simple,correct,0.885159223727882,-0.01854545621855291,-0.11866648048197707,0.0802626847652675,68.5472497744665
phi4-mini,aqua,simple,correct,0.8936398414522411,-0.0160482893305414,-0.12226670059706547,0.08528207928470607,63.103316317023136
phi4-mini,aqua,simple,correct,0.9021204591766001,-0.013896809633192468,-0.12436197374932205,0.09153262390053374,58.078762302697356
phi4-mini,aqua,simple,correct,0.9106010769009591,-0.012207262712924272,-0.1257589699920534,0.1001994483126369,53.47092148279293
phi4-mini,aqua,simple,correct,0.9190816946253182,-0.01107578619401779,-0.1297667330156056,0.10802595855289164,49.268681502342965
phi4-mini,aqua,simple,correct,0.9275623123496772,-0.010571931042054625,-0.13338482254020334,0.11340278705838544,45.45600937851444
phi4-mini,aqua,simple,correct,0.9360429300740363,-0.010735589426172842,-0.1392824289139069,0.11793482775221245,42.01358923263117
phi4-mini,aqua,simple,correct,0.9445235477983953,-0.011577296184786574,-0.14559356455074632,0.1203297246728509,38.91942704969508
phi4-mini,aqua,simple,correct,0.9530041655227544,-0.013081267904791246,-0.15413557286627505,0.12727409667666664,36.149192018035336
phi4-mini,aqua,simple,correct,0.9614847832471134,-0.015210220545273804,-0.16201618010907112,0.13409640573142037,33.67672402075115
phi4-mini,aqua,simple,correct,0.9699654009714724,-0.017910970392270884,-0.17187250231355505,0.13400125673134047,31.474795810698488
phi4-mini,aqua,simple,correct,0.9784460186958314,-0.021119992238031227,-0.1817357690874033,0.13923838758123247,29.51601520454405
phi4-mini,arc,complex,all,0.29882268607616425,-0.027938834752436345,-0.0897459667452894,0.03820305055278145,220.108390887386
phi4-mini,arc,complex,all,0.30432172659784557,-0.02703282422613166,-0.08818845764933914,0.038934086841817456,226.63907299177396
phi4-mini,arc,complex,all,0.3098207671195269,-0.026047570790807766,-0.08676298890716769,0.039335306982016184,233.97116682395873
phi4-mini,arc,complex,all,0.31531980764120815,-0.024980109219901785,-0.08475567402687498,0.03966479847144309,242.1853356485011
phi4-mini,arc,complex,all,0.32081884816288947,-0.023828465281879582,-0.08261674548148222,0.040274282210747483,251.35811526873113
phi4-mini,arc,complex,all,0.3263178886845708,-0.02259195190058177,-0.08061435685222673,0.04098970434810986,261.55480547314886
phi4-mini,arc,complex,all,0.3318169292062521,-0.02127147900682668,-0.07935647339809225,0.04170458978121903,272.81940799979094
phi4-mini,arc,complex,all,0.33731596972793343,-0.01986985762315697,-0.07749295109283678,0.04329428280584388,285.16119557153377
phi4-mini,arc,complex,all,0.3428150102496147,-0.018392072341623548,-0.07475559600844357,0.04471763375082668,298.53798167562866
phi4-mini,arc,complex,all,0.348314050771296,-0.01684549106352147,-0.0718675487535993,0.04555934923519326,312.83711464888955
phi4-mini,arc,complex,all,0.35381309129297733,-0.015239978098915743,-0.06873999230360978,0.046331932237549306,327.8567384967979
phi4-mini,arc,complex,all,0.35931213181465865,-0.013587877999455284,-0.0659577833659979,0.04832148550424456,343.29182367396015
phi4-mini,arc,complex,all,0.36481117233634,-0.0119038440729386,-0.0639261382430837,0.04896847438525353,358.7313155915801
phi4-mini,arc,complex,all,0.37031021285802124,-0.010204497907868988,-0.06260867910445064,0.0492647431570637,373.6733521018337
phi4-mini,arc,complex,all,0.37580925337970256,-0.008507923736422552,-0.059712084631317545,0.04955344350539362,387.5634113564977
phi4-mini,arc,complex,all,0.3813082939013839,-0.006833021985040874,-0.05733424925453488,0.049547995692466755,399.85455981201636
phi4-mini,arc,complex,all,0.3868073344230652,-0.005198766557657742,-0.0551698401951599,0.04973042294017596,410.0806053228763
phi4-mini,arc,complex,all,0.3923063749447465,-0.0036234263131717484,-0.05292627988379408,0.052384639990452474,417.92535257089247
phi4-mini,arc,complex,all,0.3978054154664278,-0.0021238192658936785,-0.052061013555577663,0.05309556456137037,423.2689400081195
phi4-mini,arc,complex,all,0.4033044559881091,-0.0007146661167849278,-0.05183178122820059,0.053491368641540145,426.19804000720364
phi4-mini,arc,complex,all,0.4088034965097904,0.0005919021758315703,-0.05068487667848379,0.05435386340651676,426.97850647697334
phi4-mini,arc,complex,all,0.41430253703147174,0.001786647711383641,-0.04815605331197203,0.05621967880035264,426.00097839079837
phi4-mini,arc,complex,all,0.41980157755315306,0.002863328271593697,-0.047138476978195266,0.05671580771861918,423.7163025499962
phi4-mini,arc,complex,all,0.4253006180748343,0.0038186106212314383,-0.0469324006200202,0.05757242310794856,420.57662445294324
phi4-mini,arc,complex,all,0.43079965859651564,0.004651824423049935,-0.04670440681700409,0.058973772402250484,416.9919909394265
phi4-mini,arc,complex,all,0.43629869911819696,0.005364598524885164,-0.04690507023220641,0.059160067453734845,413.3052868359809
phi4-mini,arc,complex,all,0.44179773963987823,0.0059604258041779596,-0.04677566411079185,0.060262653787992525,409.7831900692536
phi4-mini,arc,complex,all,0.4472967801615596,0.00644420066416872,-0.04596239482277024,0.06084820379183565,406.61845911987854
phi4-mini,arc,complex,all,0.45279582068324087,0.006821766502586273,-0.04484975208644984,0.061461317858568634,403.9386981910816
phi4-mini,arc,complex,all,0.4582948612049222,0.007099501175950969,-0.04407590575379724,0.06178655246667052,401.81774473417227
phi4-mini,arc,complex,all,0.4637939017266035,0.00728395861764059,-0.044685878877788084,0.062331093258148895,400.28713633967317
phi4-mini,arc,complex,all,0.4692929422482848,0.007381575782873064,-0.045130187356121905,0.062237780128986724,399.34626271173363
phi4-mini,arc,complex,all,0.47479198276996615,0.0073984468338649375,-0.04535576371237326,0.0631394322531484,398.9706290434594
phi4-mini,arc,complex,all,0.4802910232916474,0.007340161251624188,-0.045296761296230434,0.06325975097547366,399.1181612864395
phi4-mini,arc,complex,all,0.48579006381332873,0.007211699283565888,-0.04595369926894106,0.06295845174389403,399.7337502360672
phi4-mini,arc,complex,all,0.49128910433501005,0.007017376494617744,-0.04689183632786669,0.06324054955483917,400.7523448436147
phi4-mini,arc,complex,all,0.4967881448566913,0.006760828776475422,-0.04728101887544131,0.06321541177835752,402.1009325001754
phi4-mini,arc,complex,all,0.5022871853783727,0.006445029580141631,-0.04858384175812943,0.06311916006595314,403.69972974972035
phi4-mini,arc,complex,all,0.507786225900054,0.006072332022650568,-0.04859151761875486,0.06287197150505619,405.4628770022651
phi4-mini,arc,complex,all,0.5132852664217353,0.005644529610938113,-0.04939202295768006,0.0624898131497836,407.2988982771299
phi4-mini,arc,complex,all,0.5187843069434166,0.005162930435382255,-0.049727649194840455,0.06296263883686477,409.11115631658106
phi4-mini,arc,complex,all,0.5242833474650979,0.0046284406935815595,-0.05085511013388817,0.06373432398773096,410.79850396528417
phi4-mini,arc,complex,all,0.5297823879867792,0.0040416542473392155,-0.051578082871271067,0.06319775714600419,412.2563010542011
phi4-mini,arc,complex,all,0.5352814285084605,0.0034029455684667894,-0.05233523268401751,0.06266878807435637,413.37792750681643
phi4-mini,arc,complex,all,0.5407804690301419,0.00271256389512341,-0.05394281091883702,0.06165977983956168,414.0568735909419
phi4-mini,arc,complex,all,0.5462795095518231,0.0019707267206163924,-0.05365331322204854,0.06125485599216943,414.18942445199826
phi4-mini,arc,complex,all,0.5517785500735044,0.0011777109018865038,-0.05484666960453912,0.06053059696291425,413.6778787044533
phi4-mini,arc,complex,all,0.5572775905951857,0.0003339397416222924,-0.05643953120561982,0.059623196807218844,412.4341546861001
phi4-mini,arc,complex,all,0.562776631116867,-0.0005599355956794153,-0.05737694494501271,0.0585116203761564,410.3835525783656
phi4-mini,arc,complex,all,0.5682756716385484,-0.0015029619897593827,-0.05828517676492796,0.05829095940270917,407.46836963368145
phi4-mini,arc,complex,all,0.5737747121602297,-0.002493819253003001,-0.05930729102368665,0.05841117820672728,403.65102468836614
phi4-mini,arc,complex,all,0.579273752681911,-0.003530765623120939,-0.060625590291520745,0.05799085937736977,398.9163505418662
phi4-mini,arc,complex,all,0.5847727932035922,-0.00461159537703592,-0.06210635200056755,0.05711920945430028,393.27276604512645
phi4-mini,arc,complex,all,0.5902718337252736,-0.005733609895053021,-0.06311529242193946,0.05562104465276414,386.75214159566036
phi4-mini,arc,complex,all,0.595770874246955,-0.006893603226541558,-0.06388274572801869,0.05410048039301726,379.4083090228081
phi4-mini,arc,complex,all,0.6012699147686362,-0.008087862843225024,-0.06522722454654216,0.05256274985842305,371.314317450889
phi4-mini,arc,complex,all,0.6067689552903175,-0.009312185826271626,-0.06638990134683231,0.05116827791861658,362.5586744959104
phi4-mini,arc,complex,all,0.6122679958119988,-0.010561910240071613,-0.06809055136451608,0.05008448953489336,353.240913340084
phi4-mini,arc,complex,all,0.6177670363336801,-0.01183196092723641,-0.0693750278691098,0.048169453881912405,343.46687535508875
phi4-mini,arc,complex,all,0.6232660768553615,-0.01311690844860779,-0.07194438144703329,0.04729528227448884,333.3440910934729
phi4-mini,arc,complex,all,0.6287651173770428,-0.014411039422599293,-0.0737355186915147,0.04772729210861839,322.97758712374986
phi4-mini,arc,complex,all,0.634264157898724,-0.015708436121239663,-0.0754037853570257,0.046682679789635674,312.46635802308833
phi4-mini,arc,complex,all,0.6397631984204053,-0.017003062881420082,-0.07784912709607877,0.044260674874944714,301.9006408918723
phi4-mini,arc,complex,all,0.6452622389420867,-0.018288856706378562,-0.08005053865868626,0.04429687449843616,291.3600316766396
phi4-mini,arc,complex,all,0.650761279463768,-0.01955981937185443,-0.08037321283814639,0.04288751892152638,280.91240136545974
phi4-mini,arc,complex,all,0.6562603199854493,-0.020810108410809675,-0.08315867956482077,0.04295303669632237,270.6135127060631
phi4-mini,arc,complex,all,0.6617593605071306,-0.022034124517814134,-0.0855923624797739,0.04311863836360796,260.50720580334263
phi4-mini,arc,complex,all,0.6672584010288118,-0.02322659316906665,-0.08897982585060828,0.0428194620423335,250.62601092889227
phi4-mini,arc,complex,all,0.6727574415504932,-0.024382638571311135,-0.0916611661747128,0.043611704304985933,240.99205395358078
phi4-mini,arc,complex,all,0.6782564820721746,-0.025497848405020795,-0.09483562959227579,0.04323037196447441,231.6181381594489
phi4-mini,arc,complex,all,0.6837555225938559,-0.026568328187189825,-0.09651876542847146,0.044370962896564205,222.50891045559393
phi4-mini,arc,complex,all,0.6892545631155371,-0.0275907444230599,-0.0984007285411853,0.0449479910104325,213.6620459755616
phi4-mini,arc,complex,all,0.6947536036372184,-0.028562356025443488,-0.10009322866606009,0.045736013613632776,205.0694096960667
phi4-mini,arc,complex,all,0.7002526441588998,-0.029481033742764732,-0.10269850086945273,0.046765148131342756,196.7181752330705
phi4-mini,arc,complex,all,0.7057516846805811,-0.03034526754727208,-0.10622458255406865,0.04841437382058706,188.59189830857798
phi4-mini,arc,complex,all,0.7112507252022624,-0.031154162094728294,-0.10819318442096891,0.04970314427514098,180.67155499525552
phi4-mini,arc,complex,all,0.7167497657239437,-0.031907420484040834,-0.10954292853679069,0.05040696898669972,172.93656239058382
phi4-mini,arc,complex,all,0.7222488062456249,-0.03260531663257985,-0.11220001697176236,0.05129408467478069,165.3658015085597
phi4-mini,arc,complex,all,0.7277478467673063,-0.033248656656666604,-0.11497824199057075,0.05313831095776688,157.93865851600015
phi4-mini,arc,complex,all,0.7332468872889877,-0.03383872972505424,-0.11766798477360174,0.0549599195484606,150.6360906513197
phi4-mini,arc,complex,all,0.738745927810669,-0.034377248954178825,-0.12046549408281053,0.05322835224535841,143.441707260771
phi4-mini,arc,complex,errors,0.2989780557155609,-0.0015118463839844738,-0.139655167732156,0.14225108519223761,30.47023013651094
phi4-mini,arc,complex,errors,0.30390109652280806,-0.0032114085348681877,-0.1395504107586338,0.13889293211823803,31.12773645725555
phi4-mini,arc,complex,errors,0.3088241373300552,-0.00499613546682623,-0.13932154573212882,0.13489040326849097,31.853425335814183
phi4-mini,arc,complex,errors,0.3137471781373024,-0.006870092540404077,-0.13927085277786325,0.13024553758378654,32.65341798909597
phi4-mini,arc,complex,errors,0.31867021894454955,-0.008836827678881342,-0.13918916487631228,0.12624067286551255,33.53369474398995
phi4-mini,arc,complex,errors,0.3235932597517967,-0.010899138856992842,-0.13975149013934596,0.12177753745956726,34.499742524706186
phi4-mini,arc,complex,errors,0.32851630055904385,-0.013058806033508417,-0.14027440027410765,0.11621975505797019,35.5560597142581
phi4-mini,arc,complex,errors,0.33343934136629105,-0.015316291816744983,-0.14062293454726119,0.11144205240427457,36.705487979300386
phi4-mini,arc,complex,errors,0.3383623821735382,-0.017670419163311465,-0.1413291009349929,0.1055361351684587,37.94834784695171
phi4-mini,arc,complex,errors,0.34328542298078535,-0.02011803913777642,-0.14097194006574554,0.09982650311122215,39.28137409342736
phi4-mini,arc,complex,errors,0.3482084637880325,-0.022653706878219108,-0.14236840799776454,0.0927973050983227,40.69648447530222
phi4-mini,arc,complex,errors,0.35313150459527964,-0.025269388872216875,-0.14307851738401317,0.08582375030797386,42.17947652350114
phi4-mini,arc,complex,errors,0.35805454540252685,-0.027954228681781223,-0.14276337581574405,0.08227214470941199,43.70883314062707
phi4-mini,arc,complex,errors,0.362977586209774,-0.030694400432760675,-0.14215394968294393,0.07487294691377389,45.254919046460145
phi4-mini,arc,complex,errors,0.36790062701702114,-0.0334730787380098,-0.1423457164858847,0.06986282908492951,46.77993916026376
phi4-mini,arc,complex,errors,0.3728236678242683,-0.036270549452151406,-0.14355531239386018,0.06343938362276694,48.23905761439192
phi4-mini,arc,complex,errors,0.3777467086315155,-0.03906447736495951,-0.1462973074756981,0.056225011969536866,49.58298004071925
phi4-mini,arc,complex,errors,0.38266974943876264,-0.04183033487651546,-0.14512964248400684,0.049614728016550064,50.76203566503267
phi4-mini,arc,complex,errors,0.3875927902460098,-0.04454198089008422,-0.1454115405647768,0.04251618295312825,51.73137497930869
phi4-mini,arc,complex,errors,0.39251583105325694,-0.04717236339761515,-0.14393096919351356,0.03878064671750603,52.456437774411945
phi4-mini,arc,complex,errors,0.3974388718605041,-0.049694304831156,-0.14396152614715654,0.03547080541968566,52.91754392947161
phi4-mini,arc,complex,errors,0.40236191266775123,-0.05208131861786208,-0.1468873742604576,0.03149096575612854,53.11250726724332
phi4-mini,arc,complex,errors,0.40728495347499843,-0.05430840047414414,-0.14712616501906828,0.028413583525216956,53.05662575144843
phi4-mini,arc,complex,errors,0.4122079942822456,-0.0563527398474681,-0.14820197452493983,0.025297903206827482,52.78010729668725
phi4-mini,arc,complex,errors,0.41713103508949273,-0.05819430539131907,-0.15048786904101336,0.021497888004155953,52.32365712638027
phi4-mini,arc,complex,errors,0.42205407589673993,-0.059816272068922705,-0.15365847113311837,0.019154568793080806,51.733316145972644
phi4-mini,arc,complex,errors,0.4269771167039871,-0.06120527416938775,-0.1555385964084083,0.017738494129824454,51.05560905824885
phi4-mini,arc,complex,errors,0.43190015751123423,-0.06235148556767465,-0.15559937592593961,0.01708689293810017,50.33373514004752
phi4-mini,arc,complex,errors,0.4368231983184814,-0.0632485435522757,-0.15673641613254893,0.016837365762697752,49.60510660277926
phi4-mini,arc,complex,errors,0.4417462391257285,-0.06389334372281365,-0.15763595473295705,0.01832851085185454,48.90017742283572
phi4-mini,arc,complex,errors,0.44666927993297567,-0.06428573995596155,-0.15824857568590384,0.018002759171950274,48.242290183300014
phi4-mini,arc,complex,errors,0.4515923207402229,-0.06442818527065937,-0.1585527155112539,0.017689211726582072,47.64819787005297
phi4-mini,arc,complex,errors,0.45651536154747,-0.06432534730518534,-0.1604338259306086,0.017575011986028177,47.12894590551958
phi4-mini,arc,complex,errors,0.46143840235471717,-0.06398372716712752,-0.16161760160496755,0.01964577682045417,46.690874683391385
phi4-mini,arc,complex,errors,0.4663614431619644,-0.06341130386316293,-0.16174882397250226,0.021182331965294097,46.33658584767015
phi4-mini,arc,complex,errors,0.4712844839692115,-0.06261721947182683,-0.16155556270910995,0.023896505213028066,46.065785820231575
phi4-mini,arc,complex,errors,0.47620752477645867,-0.06161151354717992,-0.1622069534258463,0.025978074402975105,45.875970782160394
phi4-mini,arc,complex,errors,0.4811305655837058,-0.06040490949001491,-0.163660594126467,0.02810518761879446,45.76294953810978
phi4-mini,arc,complex,errors,0.48605360639095296,-0.059008651069554614,-0.1625576505487234,0.030937658806590586,45.72121872418471
phi4-mini,arc,complex,errors,0.4909766471982001,-0.05743438397375917,-0.16061836868918314,0.03411812857979829,45.74421336520025
phi4-mini,arc,complex,errors,0.4958996880054473,-0.055694075112481194,-0.1604232751484621,0.037902524186759545,45.82445874063488
phi4-mini,arc,complex,errors,0.5008227288126945,-0.05379996121610148,-0.1597813542516257,0.04137794462905127,45.953649639703244
phi4-mini,arc,complex,errors,0.5057457696199417,-0.0517645178574493,-0.15938498688669622,0.0443795860103264,46.12268209754729
phi4-mini,arc,complex,errors,0.5106688104271888,-0.04960044018096567,-0.15938991090240645,0.048329202700740814,46.32166151817433
phi4-mini,arc,complex,errors,0.515591851234436,-0.047320627184579286,-0.15898512937961604,0.05293606234655088,46.5399100235727
phi4-mini,arc,complex,errors,0.5205148920416831,-0.04493816223899205,-0.1574585680962283,0.05810916315491172,46.765994816051034
phi4-mini,arc,complex,errors,0.5254379328489303,-0.04246628355546084,-0.1612523150208793,0.06197959974302774,46.98779789850845
phi4-mini,arc,complex,errors,0.5303609736561774,-0.03991833946715779,-0.15675347115822932,0.06795679754650555,47.1926450757561
phi4-mini,arc,complex,errors,0.5352840144634246,-0.037307724633655365,-0.15441853572843386,0.07391806091546212,47.36750811161292
phi4-mini,arc,complex,errors,0.5402070552706717,-0.034647794589184114,-0.15273828757039978,0.07924514348345224,47.4992877000836
phi4-mini,arc,complex,errors,0.5451300960779188,-0.03195175741408504,-0.15180525137350911,0.08454535205415137,47.57517629372732
phi4-mini,arc,complex,errors,0.550053136885166,-0.02923254269431897,-0.14996783421765747,0.09035124804070149,47.58308911291235
phi4-mini,arc,complex,errors,0.5549761776924131,-0.02650264931797818,-0.14927948603212648,0.09598195572788605,47.51213981827605
phi4-mini,arc,complex,errors,0.5598992184996604,-0.023773975002693685,-0.14916469693349302,0.10215451604514283,47.353126057276675
phi4-mini,arc,complex,errors,0.5648222593069075,-0.021057631705731977,-0.1504954205782278,0.1069178944718722,47.098981595604705
phi4-mini,arc,complex,errors,0.5697453001141547,-0.018363752183240177,-0.15192329728861076,0.11171239683385312,46.745148275995476
phi4-mini,arc,complex,errors,0.5746683409214018,-0.015701293876033338,-0.15310911868046323,0.11718792376135208,46.289824299974576
phi4-mini,arc,complex,errors,0.579591381728649,-0.013077846947211457,-0.15400852638308973,0.12268832787867118,45.734055789550354
phi4-mini,arc,complex,errors,0.5845144225358962,-0.010499453630163892,-0.15489525971273446,0.12534855865487002,45.08165515311975
phi4-mini,arc,complex,errors,0.5894374633431434,-0.007970446026888097,-0.1577054851364177,0.13109155022041638,44.33894982002765
phi4-mini,arc,complex,errors,0.5943605041503905,-0.005493309108920004,-0.16015799583235452,0.1370118269472203,43.51438482163646
phi4-mini,arc,complex,errors,0.5992835449576377,-0.0030685749237855473,-0.16100581634260194,0.14133949067510623,42.61801883247278
phi4-mini,arc,complex,errors,0.6042065857648848,-0.0006947529320759146,-0.16227633463587918,0.1487123217888318,41.66096289727097
phi4-mini,arc,complex,errors,0.609129626572132,0.0016316999475690602,-0.16651742823480006,0.15447571703483529,40.65481297771601
phi4-mini,arc,complex,errors,0.6140526673793791,0.003916367546611214,-0.16952001370901892,0.16219220020346642,39.61112219291445
phi4-mini,arc,complex,errors,0.6189757081866263,0.006166820503583005,-0.1695183947699232,0.16801635960795225,38.540948099587126
phi4-mini,arc,complex,errors,0.6238987489938734,0.008392521395850968,-0.1692682111612525,0.17277049793331334,37.454497151743816
phi4-mini,arc,complex,errors,0.6288217898011206,0.010604691699854904,-0.1727187929054799,0.17786368720673315,36.360875153706864
phi4-mini,arc,complex,errors,0.6337448306083677,0.012816144671370966,-0.17665092574096528,0.18488134399466424,35.26794105665581
phi4-mini,arc,complex,errors,0.6386678714156149,0.015041089316219782,-0.17639145009707002,0.19223284600085613,34.18225299364342
phi4-mini,arc,complex,errors,0.643590912222862,0.017294911395558853,-0.1760124445689121,0.20084595086493176,33.109090326033545
phi4-mini,arc,complex,errors,0.6485139530301093,0.019593937857535965,-0.17969095749093125,0.21008792442233407,32.052533383660645
phi4-mini,arc,complex,errors,0.6534369938373564,0.021955191212464805,-0.1820330855954346,0.21825484856762842,31.015582857035614
phi4-mini,arc,complex,errors,0.6583600346446036,0.024396140197538864,-0.18447159895479848,0.22634041710908792,30.000302658585944
phi4-mini,arc,complex,errors,0.6632830754518507,0.026934452652373653,-0.18817692893632879,0.23234093919082882,29.007972782837804
phi4-mini,arc,complex,errors,0.6682061162590979,0.029587755902834845,-0.18801488225429575,0.2414067759551317,28.03924168550996
phi4-mini,arc,complex,errors,0.6731291570663451,0.032373409187696114,-0.19106667881158748,0.25138303903733816,27.094270572277956
phi4-mini,arc,complex,errors,0.6780521978735923,0.03530829182068513,-0.1894586210926679,0.2613430680871402,26.17286450960048
phi4-mini,arc,complex,errors,0.6829752386808394,0.0384086099148017,-0.19234721166532529,0.2712019293197493,25.274587343203468
phi4-mini,arc,complex,errors,0.6878982794880866,0.04168972365377775,-0.195149104124644,0.2807900592104096,24.398859024744283
phi4-mini,arc,complex,errors,0.6928213202953337,0.04516599631449262,-0.1973630737621718,0.2911660290172352,23.545035146448427
phi4-mini,arc,complex,correct,0.29886198818683624,-0.03227887310840806,-0.09583763264481167,0.03681797227541839,189.71092297002167
phi4-mini,arc,complex,correct,0.3045238833799958,-0.030855022567624735,-0.09426574014606759,0.038145531362058054,195.69646243405484
phi4-mini,arc,complex,correct,0.3101857785731554,-0.029316739906123757,-0.09256664233594614,0.0395764967028861,202.4444598180913
phi4-mini,arc,complex,correct,0.31584767376631495,-0.027660317829679974,-0.08978367549439234,0.04113682345303163,210.03360101949485
phi4-mini,arc,complex,correct,0.3215095689594745,-0.025883731720636207,-0.08703764240156987,0.04346632399901855,218.53778431472767
phi4-mini,arc,complex,correct,0.3271714641526341,-0.023987120269280793,-0.08466305985227218,0.04528702840272099,228.01838505789956
phi4-mini,arc,complex,correct,0.33283335934579367,-0.021973279203571602,-0.08239484932719907,0.04681805028691914,238.51329546651976
phi4-mini,arc,complex,correct,0.33849525453895324,-0.01984813155556595,-0.08030357713725135,0.048894641892141155,250.02236705732912
phi4-mini,arc,complex,correct,0.3441571497321128,-0.017621127270546127,-0.07699751426994862,0.05113015241053831,262.4895349664174
phi4-mini,arc,complex,correct,0.3498190449252724,-0.015305517185630939,-0.07325051381717587,0.0534926794299354,275.78313271350254
phi4-mini,arc,complex,correct,0.35548094011843195,-0.01291844422663199,-0.07006583173345765,0.05592785804899856,289.67777372690904
phi4-mini,arc,complex,correct,0.3611428353115915,-0.010480800769711966,-0.06710208038679,0.057140129741406795,303.8434007151854
phi4-mini,arc,complex,correct,0.36680473050475115,-0.00801681726671024,-0.06423640047649687,0.0580692463940186,317.84880365810244
phi4-mini,arc,complex,correct,0.37246662569791067,-0.005553373398445894,-0.06081648326720136,0.059811232925352335,331.1865591278939
phi4-mini,arc,complex,correct,0.3781285208910703,-0.003119056641553372,-0.05697241181672903,0.06024327858441907,343.32236362027373
phi4-mini,arc,complex,correct,0.3837904160842298,-0.0007430290628483605,-0.053989413909737306,0.06125007787521358,353.7638417257642
phi4-mini,arc,complex,correct,0.38945231127738944,0.001546205529945763,-0.05179252619394049,0.06369574658513671,362.1345616854544
phi4-mini,arc,complex,correct,0.39511420647054896,0.003722022276738598,-0.04855176254462556,0.06461173216963775,368.2331812017289
phi4-mini,arc,complex,correct,0.4007761016637086,0.0057607690262701855,-0.0467444522807096,0.064938801505969,372.0599754737428
phi4-mini,arc,complex,correct,0.4064379968568681,0.0076426335802740565,-0.04439614643878722,0.0657117536606911,373.80368126896
phi4-mini,arc,complex,correct,0.4120998920500277,0.009352215302579013,-0.04235160524693538,0.06659802267745195,373.79533435627866
phi4-mini,arc,complex,correct,0.4177617872431873,0.010878771390449809,-0.04145462600136247,0.06708318916548037,372.4453805004494
phi4-mini,arc,complex,correct,0.42342368243634687,0.01221614848121222,-0.041044210808918395,0.06839180923894254,370.1818664673394
phi4-mini,arc,complex,correct,0.4290855776295064,0.013362444238217183,-0.04136170962598062,0.06938366666651716,367.40228562399665
phi4-mini,arc,complex,correct,0.434747472822666,0.01431946617622573,-0.039872319279787696,0.07023813637271904,364.44399081913684
phi4-mini,arc,complex,correct,0.4404093680158256,0.015092064513046588,-0.039667452938635425,0.07077095122899785,361.57184190940313
phi4-mini,arc,complex,correct,0.44607126320898516,0.015687413490386236,-0.039276126365092305,0.07137365387091923,358.9785125190354
phi4-mini,arc,complex,correct,0.45173315840214473,0.016114304569357384,-0.03915730228286889,0.07323212683591057,356.79228657315565
phi4-mini,arc,complex,correct,0.4573950535953043,0.01638249908232328,-0.039407008573047415,0.07327953753888586,355.0880928273086
phi4-mini,arc,complex,correct,0.4630569487884639,0.016502170914449128,-0.040328377636666066,0.07387867626153731,353.8989219196291
phi4-mini,arc,complex,correct,0.46871884398162345,0.016483454269106645,-0.040444947992988096,0.0746915894907367,353.22603944625405
phi4-mini,arc,complex,correct,0.474380739174783,0.01633609909328027,-0.04100894426371893,0.07400969292338866,353.04732617052684
phi4-mini,arc,complex,correct,0.4800426343679426,0.01606922785356266,-0.043730421224753006,0.07383642930849868,353.3236410586525
phi4-mini,arc,complex,correct,0.48570452956110216,0.015691181890031353,-0.044598569432929586,0.07323760475887622,354.0033998032924
phi4-mini,arc,complex,correct,0.49136642475426173,0.015209442950864861,-0.04538305627660759,0.07307621906902201,355.02568670923813
phi4-mini,arc,complex,correct,0.4970283199474213,0.01463061498544432,-0.04614951543769959,0.07269453309074131,356.3222470197951
phi4-mini,arc,complex,correct,0.5026902151405809,0.01396045212753009,-0.04663111243359076,0.0721239055019152,357.8186901084209
phi4-mini,arc,complex,correct,0.5083521103337405,0.013203920427543061,-0.04689789073851533,0.07194023909109688,359.43520041524323
phi4-mini,arc,complex,correct,0.5140140055269,0.012365282838734523,-0.0470525739442396,0.07107796839835444,361.08701680365954
phi4-mini,arc,complex,correct,0.5196759007200595,0.011448198917336484,-0.04718347545422683,0.07016535028391412,362.6849070864666
phi4-mini,arc,complex,correct,0.5253377959132192,0.010455832476184904,-0.04728285338933497,0.06921738479343513,364.13583229875167
phi4-mini,arc,complex,correct,0.5309996911063788,0.009390961942953578,-0.04843000552080221,0.06833673266496328,365.34396142982763
phi4-mini,arc,complex,correct,0.5366615862995383,0.008256089391400486,-0.04921200064812998,0.06716693080644633,366.2121571940499
phi4-mini,arc,complex,correct,0.5423234814926979,0.00705354515193924,-0.05117066556594114,0.0653634359059935,366.6440028139179
phi4-mini,arc,complex,correct,0.5479853766858575,0.00578558560531293,-0.052572165253608596,0.06352122922800985,366.5463763175447
phi4-mini,arc,complex,correct,0.5536472718790171,0.004454482270410436,-0.05333314650004595,0.062004830453476246,365.8325033392895
phi4-mini,arc,complex,correct,0.5593091670721766,0.0030626006675286,-0.054897865882037336,0.06072605020636317,364.42533698197576
phi4-mini,arc,complex,correct,0.5649710622653361,0.0016124677223741037,-0.05648199734815232,0.05849275066954035,362.26103370198354
phi4-mini,arc,complex,correct,0.5706329574584958,0.00010682671863335777,-0.05807977075713218,0.05658763680228425,359.2922308604582
phi4-mini,arc,complex,correct,0.5762948526516554,-0.0014513209553176614,-0.05911981062402621,0.05349211392147941,355.4907992379374
phi4-mini,arc,complex,correct,0.5819567478448149,-0.0030586877599363266,-0.06073536243331892,0.0523533430495188,350.84975465263557
phi4-mini,arc,complex,correct,0.5876186430379745,-0.004711685853579579,-0.060600337958101415,0.05013821460474865,345.3840724847222
phi4-mini,arc,complex,correct,0.5932805382311341,-0.006406426688365608,-0.06271482732669276,0.04918637613791657,339.130253329087
phi4-mini,arc,complex,correct,0.5989424334242937,-0.008138733819382024,-0.06508709922436708,0.04806952715614014,332.1446227256837
phi4-mini,arc,complex,correct,0.6046043286174532,-0.009904167982110725,-0.06678386047311519,0.047170937061025174,324.5004905547553
phi4-mini,arc,complex,correct,0.6102662238106128,-0.011698063075434478,-0.06770834483860569,0.0456311612794331,316.2844210689893
phi4-mini,arc,complex,correct,0.6159281190037724,-0.013515571290385785,-0.07021746881805628,0.0429733222890629,307.59195105072797
phi4-mini,arc,complex,correct,0.6215900141969319,-0.015351715275964021,-0.07230639714100848,0.04156401908708156,298.5231284924862
phi4-mini,arc,complex,correct,0.6272519093900915,-0.017201444959608243,-0.07458802582973571,0.03959669030907265,289.17822621054694
phi4-mini,arc,complex,correct,0.6329138045832511,-0.019059696463546993,-0.07669100563545486,0.03877873108459261,279.65392321720117
phi4-mini,arc,complex,correct,0.6385756997764107,-0.020921450494485804,-0.07860213037437716,0.03798698980862216,270.040157789094
phi4-mini,arc,complex,correct,0.6442375949695702,-0.022781787639447666,-0.08107971269989594,0.03663003767058129,260.41775842799154
phi4-mini,arc,complex,correct,0.6498994901627297,-0.024635938172257902,-0.08347346080794951,0.035623083689353054,250.85686853766518
phi4-mini,arc,complex,correct,0.6555613853558894,-0.026479324251687177,-0.0865093021216862,0.035340875930737294,241.41610882500095
phi4-mini,arc,complex,correct,0.661223280549049,-0.028307592755103462,-0.08914746564730394,0.033986598079523846,232.14237345456343
phi4-mini,arc,complex,correct,0.6668851757422085,-0.03011663741753417,-0.09139326384882548,0.03413597118979998,223.0711319214474
phi4-mini,arc,complex,correct,0.672547070935368,-0.0319026094104,-0.09450022419847653,0.03364211337979065,214.22710493470106
phi4-mini,arc,complex,correct,0.6782089661285277,-0.033661915972992375,-0.09793999316665958,0.033506541616158514,205.6251939906549
phi4-mini,arc,complex,correct,0.6838708613216873,-0.03539120718250724,-0.10180423540351449,0.03270286232166184,197.27156511324637
phi4-mini,arc,complex,correct,0.6895327565148468,-0.03708735139958884,-0.10527552695326349,0.03291620220028457,189.16481244707708
phi4-mini,arc,complex,correct,0.6951946517080063,-0.038747400345997884,-0.10839082104073823,0.02975625582613068,181.29715309179028
phi4-mini,arc,complex,correct,0.7008565469011659,-0.040368545154688816,-0.11208658803947483,0.030694258925610177,173.6556279500912
phi4-mini,arc,complex,correct,0.7065184420943256,-0.04194806507993182,-0.11476107882522936,0.03062918903714811,166.22330248756782
phi4-mini,arc,complex,correct,0.7121803372874851,-0.04348327086811653,-0.1185529230641176,0.03148610071734168,158.9804747850804
phi4-mini,arc,complex,correct,0.7178422324806446,-0.044971445070409434,-0.12275052095529776,0.03222710302812142,151.90590499098064
phi4-mini,arc,complex,correct,0.7235041276738042,-0.04640978182582532,-0.12493494268657063,0.033867821148042584,144.9780792734405
phi4-mini,arc,complex,correct,0.7291660228669639,-0.047795328851912657,-0.1281632792406818,0.03461698734630273,138.176511880351
phi4-mini,arc,complex,correct,0.7348279180601234,-0.04912493453782664,-0.13139606793741254,0.03479427219839526,131.48307077076444
phi4-mini,arc,complex,correct,0.7404898132532829,-0.05039520312119509,-0.1338026297311494,0.035352303722637084,124.88328652593117
phi4-mini,arc,complex,correct,0.7461517084464425,-0.051602460918778605,-0.13763463584570093,0.03533244858458556,118.36757385307534
phi4-mini,arc,complex,correct,0.7518136036396021,-0.05274273643920612,-0.14264241460619037,0.03753447642520551,111.93226541585557
phi4-mini,arc,simple,all,0.29882268607616425,0.018242525889946418,-0.04317557107082092,0.07752413812898405,220.108390887386
phi4-mini,arc,simple,all,0.30432172659784557,0.01809256217649996,-0.04330896950173317,0.0767036494509139,226.63907299177396
phi4-mini,arc,simple,all,0.3098207671195269,0.017923886476942773,-0.042415106116720974,0.075869230862182,233.97116682395873
phi4-mini,arc,simple,all,0.31531980764120815,0.017734502018110495,-0.042943754078244675,0.07568522165500763,242.1853356485011
phi4-mini,arc,simple,all,0.32081884816288947,0.017522401970443417,-0.04324228175505431,0.07468798636535136,251.35811526873113
phi4-mini,arc,simple,all,0.3263178886845708,0.01728563172207545,-0.042143089851575145,0.0747192751817151,261.55480547314886
phi4-mini,arc,simple,all,0.3318169292062521,0.017022364999490506,-0.04215901502466581,0.07523875175474347,272.81940799979094
phi4-mini,arc,simple,all,0.33731596972793343,0.016730992287633705,-0.041657798891736535,0.07506416579940281,285.16119557153377
phi4-mini,arc,simple,all,0.3428150102496147,0.016410218129003035,-0.041819441130816364,0.07479200373462866,298.53798167562866
phi4-mini,arc,simple,all,0.348314050771296,0.01605916174194172,-0.041213346490888335,0.07524735420552289,312.83711464888955
phi4-mini,arc,simple,all,0.35381309129297733,0.015677453263789134,-0.04147233154539013,0.0747477844499266,327.8567384967979
phi4-mini,arc,simple,all,0.35931213181465865,0.015265316190536277,-0.04132859686700795,0.07384396799530585,343.29182367396015
phi4-mini,arc,simple,all,0.36481117233634,0.014823625724723065,-0.041381651129279724,0.07271801731467,358.7313155915801
phi4-mini,arc,simple,all,0.37031021285802124,0.014353933211494172,-0.0410499487331178,0.07209079287026103,373.6733521018337
phi4-mini,arc,simple,all,0.37580925337970256,0.013858448937485756,-0.04130271220609122,0.07113348162434661,387.5634113564977
phi4-mini,arc,simple,all,0.3813082939013839,0.013339979292091768,-0.04169794663747678,0.07012601898169275,399.85455981201636
phi4-mini,arc,simple,all,0.3868073344230652,0.012801819264275245,-0.042142207173311325,0.06865571260421291,410.0806053228763
phi4-mini,arc,simple,all,0.3923063749447465,0.012247606716297092,-0.04203350047537834,0.06828592857987584,417.92535257089247
phi4-mini,arc,simple,all,0.3978054154664278,0.011681149850520314,-0.04223530921127597,0.06707748499493385,423.2689400081195
phi4-mini,arc,simple,all,0.4033044559881091,0.011106242786120372,-0.043581336830310055,0.0653140143233438,426.19804000720364
phi4-mini,arc,simple,all,0.4088034965097904,0.010526485484955482,-0.044485063610880574,0.06385289137162195,426.97850647697334
phi4-mini,arc,simple,all,0.41430253703147174,0.009945123182898554,-0.04537468050609267,0.06310124599043831,426.00097839079837
phi4-mini,arc,simple,all,0.41980157755315306,0.00936491730044436,-0.04703018132489708,0.06203447242176315,423.7163025499962
phi4-mini,arc,simple,all,0.4253006180748343,0.008788055256094983,-0.048444997605094506,0.06176928865700916,420.57662445294324
phi4-mini,arc,simple,all,0.43079965859651564,0.008216101622080259,-0.04969264552076968,0.06097971563649932,416.9919909394265
phi4-mini,arc,simple,all,0.43629869911819696,0.007649988528226006,-0.04983835141540271,0.05979556536103961,413.3052868359809
phi4-mini,arc,simple,all,0.44179773963987823,0.007090039773119735,-0.049956173419569316,0.059378946084269926,409.7831900692536
phi4-mini,arc,simple,all,0.4472967801615596,0.006536021041250304,-0.050312796100479604,0.05916398831939825,406.61845911987854
phi4-mini,arc,simple,all,0.45279582068324087,0.005987207928867942,-0.05106102061085515,0.059311520106188495,403.9386981910816
phi4-mini,arc,simple,all,0.4582948612049222,0.005442463898333277,-0.05198623470514181,0.05948301930132984,401.81774473417227
phi4-mini,arc,simple,all,0.4637939017266035,0.004900321446702303,-0.053128054181257114,0.05929858053591309,400.28713633967317
phi4-mini,arc,simple,all,0.4692929422482848,0.0043590613174718015,-0.054934867975857046,0.05946711203742983,399.34626271173363
phi4-mini,arc,simple,all,0.47479198276996615,0.003816786195386141,-0.05663088065011249,0.059022276278294025,398.9706290434594
phi4-mini,arc,simple,all,0.4802910232916474,0.0032714867876248105,-0.05644478531507339,0.05901445951491055,399.1181612864395
phi4-mini,arc,simple,all,0.48579006381332873,0.0027210993903907413,-0.05756385041804502,0.05933668830389035,399.7337502360672
phi4-mini,arc,simple,all,0.49128910433501005,0.0021635549258176632,-0.05912194240450231,0.05983240438749752,400.7523448436147
phi4-mini,arc,simple,all,0.4967881448566913,0.0015968200220996653,-0.05993187212089117,0.05984997485799648,402.1009325001754
phi4-mini,arc,simple,all,0.5022871853783727,0.0010189310425099336,-0.06079992598747704,0.05991278442782988,403.69972974972035
phi4-mini,arc,simple,all,0.507786225900054,0.00042802210172594246,-0.0622611675482104,0.060107337081444695,405.4628770022651
phi4-mini,arc,simple,all,0.5132852664217353,-0.00017765190387298248,-0.06302676801925908,0.05972775247943777,407.2988982771299
phi4-mini,arc,simple,all,0.5187843069434166,-0.0007996963325363522,-0.06340119927659661,0.059555944770783346,409.11115631658106
phi4-mini,arc,simple,all,0.5242833474650979,-0.0014395611438081876,-0.06428926073529596,0.0602451800001089,410.79850396528417
phi4-mini,arc,simple,all,0.5297823879867792,-0.002098527988004115,-0.06463781010955404,0.058930395535918466,412.2563010542011
phi4-mini,arc,simple,all,0.5352814285084605,-0.002777699663555213,-0.06604599779388813,0.057476831748726996,413.37792750681643
phi4-mini,arc,simple,all,0.5407804690301419,-0.0034779917484024613,-0.06688586719280096,0.05715335944396528,414.0568735909419
phi4-mini,arc,simple,all,0.5462795095518231,-0.004200126370934551,-0.06634425020716062,0.05725649533076567,414.18942445199826
phi4-mini,arc,simple,all,0.5517785500735044,-0.00494462821655241,-0.06682553284564963,0.05711652686902901,413.6778787044533
phi4-mini,arc,simple,all,0.5572775905951857,-0.00571182296335701,-0.06654968224084641,0.05634400701566891,412.4341546861001
phi4-mini,arc,simple,all,0.562776631116867,-0.006501838402071965,-0.06666222478248453,0.05564323184761279,410.3835525783656
phi4-mini,arc,simple,all,0.5682756716385484,-0.00731460852004521,-0.06742145177342639,0.0540762514599578,407.46836963368145
phi4-mini,arc,simple,all,0.5737747121602297,-0.008149880817470288,-0.06822227761289387,0.05255378863996148,403.65102468836614
phi4-mini,arc,simple,all,0.579273752681911,-0.009007227077887373,-0.06910600188927685,0.05199560740520303,398.9163505418662
phi4-mini,arc,simple,all,0.5847727932035922,-0.009886057738384246,-0.0702261970477413,0.050545466734630874,393.27276604512645
phi4-mini,arc,simple,all,0.5902718337252736,-0.010785639903337736,-0.07123997978246391,0.049261159908784574,386.75214159566036
phi4-mini,arc,simple,all,0.595770874246955,-0.011705118926336277,-0.07210497241017234,0.047541121963063614,379.4083090228081
phi4-mini,arc,simple,all,0.6012699147686362,-0.012643543356795942,-0.07248263914556527,0.04539116561658307,371.314317450889
phi4-mini,arc,simple,all,0.6067689552903175,-0.013599892920251433,-0.07365843648779714,0.04459543452499159,362.5586744959104
phi4-mini,arc,simple,all,0.6122679958119988,-0.014573109083981305,-0.07443215377394757,0.043725736041848554,353.240913340084
phi4-mini,arc,simple,all,0.6177670363336801,-0.015562127661338073,-0.0755933452518523,0.04209652852907375,343.46687535508875
phi4-mini,arc,simple,all,0.6232660768553615,-0.016565912836058915,-0.07679736564758272,0.04009968361481286,333.3440910934729
phi4-mini,arc,simple,all,0.6287651173770428,-0.017583491946621507,-0.07834143748762641,0.038499092121837004,322.97758712374986
phi4-mini,arc,simple,all,0.634264157898724,-0.018613990362031003,-0.07971632713197631,0.039463302480255806,312.46635802308833
phi4-mini,arc,simple,all,0.6397631984204053,-0.01965666580262192,-0.08111784092441282,0.03870194444278093,301.9006408918723
phi4-mini,arc,simple,all,0.6452622389420867,-0.02071094150764441,-0.08168249705192726,0.03876554583586856,291.3600316766396
phi4-mini,arc,simple,all,0.650761279463768,-0.021776437717903906,-0.08302480596595703,0.03848130898364282,280.91240136545974
phi4-mini,arc,simple,all,0.6562603199854493,-0.022853001016827607,-0.08479404345408394,0.036530107524630304,270.6135127060631
phi4-mini,arc,simple,all,0.6617593605071306,-0.023940731146237616,-0.08575735239167273,0.03532905709186126,260.50720580334263
phi4-mini,arc,simple,all,0.6672584010288118,-0.025040004972991508,-0.08661388077987378,0.036552197999404616,250.62601092889227
phi4-mini,arc,simple,all,0.6727574415504932,-0.026151497319691335,-0.08743222141176726,0.035112527184366485,240.99205395358078
phi4-mini,arc,simple,all,0.6782564820721746,-0.027276198378977833,-0.08850402612330206,0.03372579719853659,231.6181381594489
phi4-mini,arc,simple,all,0.6837555225938559,-0.02841542740134578,-0.09027223950127346,0.03442354845406974,222.50891045559393
phi4-mini,arc,simple,all,0.6892545631155371,-0.02957084227899348,-0.09367773456436158,0.03520003263961551,213.6620459755616
phi4-mini,arc,simple,all,0.6947536036372184,-0.03074444454461362,-0.09568392813200875,0.03540948458940977,205.0694096960667
phi4-mini,arc,simple,all,0.7002526441588998,-0.03193857916968022,-0.09701086746221811,0.036401902342195806,196.7181752330705
phi4-mini,arc,simple,all,0.7057516846805811,-0.03315592839090855,-0.09854493656433158,0.03717880574205678,188.59189830857798
phi4-mini,arc,simple,all,0.7112507252022624,-0.03439949862912767,-0.10009079951483062,0.03697669668939629,180.67155499525552
phi4-mini,arc,simple,all,0.7167497657239437,-0.03567259940826031,-0.10366824477239489,0.03622176267333093,172.93656239058382
phi4-mini,arc,simple,all,0.7222488062456249,-0.03697881305305343,-0.1049119189430048,0.03647443899792214,165.3658015085597
phi4-mini,arc,simple,all,0.7277478467673063,-0.03832195386473415,-0.1083525076227795,0.03661975948405117,157.93865851600015
phi4-mini,arc,simple,all,0.7332468872889877,-0.03970601546752569,-0.10960103225263841,0.03798663795129849,150.6360906513197
phi4-mini,arc,simple,all,0.738745927810669,-0.041135105109633675,-0.1112186944759277,0.03864685306765222,143.441707260771
phi4-mini,arc,simple,errors,0.2989780557155609,0.07037213307768049,-0.004917105147080744,0.17937688705850913,30.47023013651094
phi4-mini,arc,simple,errors,0.30390109652280806,0.06891012339258054,-0.005598961211626055,0.1763321183921848,31.12773645725555
phi4-mini,arc,simple,errors,0.3088241373300552,0.06732523956559142,-0.006362481362992734,0.1730526293853443,31.853425335814183
phi4-mini,arc,simple,errors,0.3137471781373024,0.06560962242786489,-0.007213900409655604,0.16949252205723442,32.65341798909597
phi4-mini,arc,simple,errors,0.31867021894454955,0.06375592164507551,-0.008202072287323585,0.16569252517585903,33.53369474398995
phi4-mini,arc,simple,errors,0.3235932597517967,0.061757604289305226,-0.009322325610404384,0.16180605712777574,34.499742524706186
phi4-mini,arc,simple,errors,0.32851630055904385,0.05960931335862526,-0.010358432786925425,0.15868879473645817,35.5560597142581
phi4-mini,arc,simple,errors,0.33343934136629105,0.05730727098052645,-0.011598074723843345,0.15530713565161633,36.705487979300386
phi4-mini,arc,simple,errors,0.3383623821735382,0.05484971562944658,-0.012950583288161564,0.1488867181012063,37.94834784695171
phi4-mini,arc,simple,errors,0.34328542298078535,0.052237356270113056,-0.01501955033759995,0.14311131424709378,39.28137409342736
phi4-mini,arc,simple,errors,0.3482084637880325,0.04947381933340111,-0.01717391845356245,0.13702062303775903,40.69648447530222
phi4-mini,arc,simple,errors,0.35313150459527964,0.04656605756818794,-0.019008591717462196,0.13165087587190544,42.17947652350114
phi4-mini,arc,simple,errors,0.35805454540252685,0.04352468412450649,-0.02072950425808588,0.1267173311919423,43.70883314062707
phi4-mini,arc,simple,errors,0.362977586209774,0.04036419197576481,-0.024164181110792844,0.12025224224293087,45.254919046460145
phi4-mini,arc,simple,errors,0.36790062701702114,0.03710301930903636,-0.02875852661449789,0.11468825120872685,46.77993916026376
phi4-mini,arc,simple,errors,0.3728236678242683,0.033763426925460055,-0.031496333292540264,0.1104840442073042,48.23905761439192
phi4-mini,arc,simple,errors,0.3777467086315155,0.030371164583900868,-0.034928396671023904,0.10600621316565446,49.58298004071925
phi4-mini,arc,simple,errors,0.38266974943876264,0.02695491931865266,-0.038324591049989254,0.10000972522807534,50.76203566503267
phi4-mini,arc,simple,errors,0.3875927902460098,0.023545558731534865,-0.043508623068498106,0.09464477921440478,51.73137497930869
phi4-mini,arc,simple,errors,0.39251583105325694,0.02017520372052113,-0.048859444541261385,0.09061889682508685,52.456437774411945
phi4-mini,arc,simple,errors,0.3974388718605041,0.016876184941912863,-0.05561604689801466,0.08913523891120244,52.91754392947161
phi4-mini,arc,simple,errors,0.40236191266775123,0.013679952226638502,-0.061565624360363155,0.08546533154123037,53.11250726724332
phi4-mini,arc,simple,errors,0.40728495347499843,0.010616013454900673,-0.06783744590745533,0.08315189032177159,53.05662575144843
phi4-mini,arc,simple,errors,0.4122079942822456,0.0077109775336486035,-0.07336003096988308,0.08219874787383202,52.78010729668725
phi4-mini,arc,simple,errors,0.41713103508949273,0.004987765247096422,-0.07823203018175146,0.081743642980888,52.32365712638027
phi4-mini,arc,simple,errors,0.42205407589673993,0.002465033627473447,-0.08443024999966896,0.08458533350663756,51.733316145972644
phi4-mini,arc,simple,errors,0.4269771167039871,0.00015683711532963116,-0.09074087986362232,0.0859739191113149,51.05560905824885
phi4-mini,arc,simple,errors,0.43190015751123423,-0.0019274743268202566,-0.09687395107360335,0.08618527504640683,50.33373514004752
phi4-mini,arc,simple,errors,0.4368231983184814,-0.0037831405242760804,-0.10116387521703793,0.08721682628395991,49.60510660277926
phi4-mini,arc,simple,errors,0.4417462391257285,-0.005409695740405059,-0.10772911316810767,0.09035348386332892,48.90017742283572
phi4-mini,arc,simple,errors,0.44666927993297567,-0.006810537880177596,-0.10998872244359946,0.09337568537956385,48.242290183300014
phi4-mini,arc,simple,errors,0.4515923207402229,-0.00799241046775262,-0.11428998386549725,0.09581105714186243,47.64819787005297
phi4-mini,arc,simple,errors,0.45651536154747,-0.008964843248722707,-0.1165899504834628,0.09879296775667851,47.12894590551958
phi4-mini,arc,simple,errors,0.46143840235471717,-0.009739590997494786,-0.11913849742103161,0.10151569040115306,46.690874683391385
phi4-mini,arc,simple,errors,0.4663614431619644,-0.01033010159125277,-0.1197420495760145,0.10387092143282003,46.33658584767015
phi4-mini,arc,simple,errors,0.4712844839692115,-0.010751035153024798,-0.12065410391888576,0.10601268920199873,46.065785820231575
phi4-mini,arc,simple,errors,0.47620752477645867,-0.011017847242326594,-0.12259549005417862,0.10792922956457868,45.875970782160394
phi4-mini,arc,simple,errors,0.4811305655837058,-0.011146441452655448,-0.1244427543899137,0.1096139617592138,45.76294953810978
phi4-mini,arc,simple,errors,0.48605360639095296,-0.011152890748354434,-0.12527325893143246,0.11104984836323671,45.72121872418471
phi4-mini,arc,simple,errors,0.4909766471982001,-0.011053222521308683,-0.1261066392320979,0.11306949870738817,45.74421336520025
phi4-mini,arc,simple,errors,0.4958996880054473,-0.010863259544360656,-0.1281816303270072,0.11402416073744767,45.82445874063488
phi4-mini,arc,simple,errors,0.5008227288126945,-0.010598507500442176,-0.13002116889477494,0.11472504198972003,45.953649639703244
phi4-mini,arc,simple,errors,0.5057457696199417,-0.010274079288219237,-0.13161357852768135,0.11720189841975456,46.12268209754729
phi4-mini,arc,simple,errors,0.5106688104271888,-0.009904646567809327,-0.1307555105658677,0.11846332515227535,46.32166151817433
phi4-mini,arc,simple,errors,0.515591851234436,-0.009504409771610838,-0.129282249953702,0.11922994287602705,46.5399100235727
phi4-mini,arc,simple,errors,0.5205148920416831,-0.009087078872089274,-0.12991594535325232,0.11958325082132278,46.765994816051034
phi4-mini,arc,simple,errors,0.5254379328489303,-0.008665858426809874,-0.13020162248420383,0.12019142222803114,46.98779789850845
phi4-mini,arc,simple,errors,0.5303609736561774,-0.008253431711120368,-0.1285113864879182,0.12269230168641351,47.1926450757561
phi4-mini,arc,simple,errors,0.5352840144634246,-0.007861940035217348,-0.12690063479426827,0.1254689402744855,47.36750811161292
phi4-mini,arc,simple,errors,0.5402070552706717,-0.007502954584049997,-0.12682611959733098,0.12782949138772046,47.4992877000836
phi4-mini,arc,simple,errors,0.5451300960779188,-0.007187439290374107,-0.12926851772714476,0.12831554617885851,47.57517629372732
phi4-mini,arc,simple,errors,0.550053136885166,-0.006925704336196897,-0.12640306837925003,0.1292138926110611,47.58308911291235
phi4-mini,arc,simple,errors,0.5549761776924131,-0.006727350861583634,-0.12685785088266777,0.127734374132359,47.51213981827605
phi4-mini,arc,simple,errors,0.5598992184996604,-0.006601208327555173,-0.1258334218032761,0.12605462912275076,47.353126057276675
phi4-mini,arc,simple,errors,0.5648222593069075,-0.006555266714911271,-0.1260027557844198,0.12740485355153758,47.098981595604705
phi4-mini,arc,simple,errors,0.5697453001141547,-0.006596606324972212,-0.12757689796339172,0.1275096078215359,46.745148275995476
phi4-mini,arc,simple,errors,0.5746683409214018,-0.006731328363124206,-0.12991122596629898,0.12785946962610403,46.289824299974576
phi4-mini,arc,simple,errors,0.579591381728649,-0.006964489715842942,-0.12980505768478331,0.1265454894644297,45.734055789550354
phi4-mini,arc,simple,errors,0.5845144225358962,-0.0073000453661043,-0.1308164555388988,0.12774102213690006,45.08165515311975
phi4-mini,arc,simple,errors,0.5894374633431434,-0.007740801728500172,-0.13111945915956422,0.12735363735896535,44.33894982002765
phi4-mini,arc,simple,errors,0.5943605041503905,-0.008288383832085206,-0.13358493945184194,0.12776386482117538,43.51438482163646
phi4-mini,arc,simple,errors,0.5992835449576377,-0.008943218755669929,-0.13613753018639477,0.12791952496540937,42.61801883247278
phi4-mini,arc,simple,errors,0.6042065857648848,-0.009704537058075044,-0.13605103918293973,0.12701856988979393,41.66096289727097
phi4-mini,arc,simple,errors,0.609129626572132,-0.010570393185806784,-0.14002325356107126,0.12668459228652723,40.65481297771601
phi4-mini,arc,simple,errors,0.6140526673793791,-0.011537705030817998,-0.14206839568564847,0.1261852862413549,39.61112219291445
phi4-mini,arc,simple,errors,0.6189757081866263,-0.012602312002885927,-0.14246469681691049,0.12651054789826915,38.540948099587126
phi4-mini,arc,simple,errors,0.6238987489938734,-0.013759050225014793,-0.147591609009111,0.12816491218305595,37.454497151743816
phi4-mini,arc,simple,errors,0.6288217898011206,-0.015001842801195181,-0.15150247090449592,0.12937340566747654,36.360875153706864
phi4-mini,arc,simple,errors,0.6337448306083677,-0.01632380257982567,-0.153687321347934,0.1298931565481048,35.26794105665581
phi4-mini,arc,simple,errors,0.6386678714156149,-0.017717344467437134,-0.15989212118262958,0.12996071178445637,34.18225299364342
phi4-mini,arc,simple,errors,0.643590912222862,-0.01917430414729806,-0.1619319436539969,0.12890259931509976,33.109090326033545
phi4-mini,arc,simple,errors,0.6485139530301093,-0.02068606002424321,-0.16899292955848702,0.1275836986206653,32.052533383660645
phi4-mini,arc,simple,errors,0.6534369938373564,-0.022243655337168794,-0.1729571776835806,0.12704956980803878,31.015582857035614
phi4-mini,arc,simple,errors,0.6583600346446036,-0.023837917631221447,-0.17622860792526318,0.1261926865489805,30.000302658585944
phi4-mini,arc,simple,errors,0.6632830754518507,-0.02545957313351703,-0.18161258735539382,0.12494202408521138,29.007972782837804
phi4-mini,arc,simple,errors,0.6682061162590979,-0.027099353996800468,-0.18861123401552596,0.1224176998466734,28.03924168550996
phi4-mini,arc,simple,errors,0.6731291570663451,-0.02874809683218448,-0.19485037630837873,0.12153019499929579,27.094270572277956
phi4-mini,arc,simple,errors,0.6780521978735923,-0.03039683141478806,-0.19954125072608866,0.11956523935529417,26.17286450960048
phi4-mini,arc,simple,errors,0.6829752386808394,-0.03203685888892282,-0.20388332090191147,0.11735034542617048,25.274587343203468
phi4-mini,arc,simple,errors,0.6878982794880866,-0.033659819202189085,-0.20790132117343,0.11545972992002827,24.398859024744283
phi4-mini,arc,simple,errors,0.6928213202953337,-0.035257747846284396,-0.21140666457293492,0.11426335803116985,23.545035146448427
phi4-mini,arc,simple,correct,0.29886198818683624,0.009673222370782013,-0.05885080352999651,0.07877836339520033,189.71092297002167
phi4-mini,arc,simple,correct,0.3045238833799958,0.009800097365312628,-0.057575197316023695,0.07873444100285756,195.69646243405484
phi4-mini,arc,simple,correct,0.3101857785731554,0.009932305809681774,-0.056263685655021135,0.07848836668188079,202.4444598180913
phi4-mini,arc,simple,correct,0.31584767376631495,0.010068833010265146,-0.05570817866203646,0.07821660733740228,210.03360101949485
phi4-mini,arc,simple,correct,0.3215095689594745,0.010208326183581955,-0.054360687704495245,0.07815804843934199,218.53778431472767
phi4-mini,arc,simple,correct,0.3271714641526341,0.010349055471030946,-0.052970346207869064,0.07699352276611485,228.01838505789956
phi4-mini,arc,simple,correct,0.33283335934579367,0.010488884526028357,-0.05150658130378292,0.07607445357607533,238.51329546651976
phi4-mini,arc,simple,correct,0.33849525453895324,0.010625256129879926,-0.05046435475521655,0.07517715771862574,250.02236705732912
phi4-mini,arc,simple,correct,0.3441571497321128,0.010755198565716441,-0.04979628274894391,0.07465436305361106,262.4895349664174
phi4-mini,arc,simple,correct,0.3498190449252724,0.010875357999390264,-0.048867671240544766,0.07517375231188311,275.78313271350254
phi4-mini,arc,simple,correct,0.35548094011843195,0.010982060647313096,-0.04746480818751811,0.07473264505182456,289.67777372690904
phi4-mini,arc,simple,correct,0.3611428353115915,0.011071405947927205,-0.04693702390853237,0.07489957741320397,303.8434007151854
phi4-mini,arc,simple,correct,0.36680473050475115,0.011139388413406335,-0.04645706915212305,0.07572587727021617,317.84880365810244
phi4-mini,arc,simple,correct,0.37246662569791067,0.011182041725694362,-0.04573088786211905,0.07502103036403085,331.1865591278939
phi4-mini,arc,simple,correct,0.3781285208910703,0.011195594637742978,-0.04485033339040354,0.07436720907492791,343.32236362027373
phi4-mini,arc,simple,correct,0.3837904160842298,0.011176625193671685,-0.04447133117663698,0.07418945259464167,353.7638417257642
phi4-mini,arc,simple,correct,0.38945231127738944,0.01112219849471697,-0.04454291818078559,0.07499280393925786,362.1345616854544
phi4-mini,arc,simple,correct,0.39511420647054896,0.011029974223172478,-0.044368778779618846,0.0747490055623955,368.2331812017289
phi4-mini,arc,simple,correct,0.4007761016637086,0.010898273413307819,-0.0443229167178307,0.07511754590000896,372.0599754737428
phi4-mini,arc,simple,correct,0.4064379968568681,0.010726098991793267,-0.043796962425084705,0.07449852117767918,373.80368126896
phi4-mini,arc,simple,correct,0.4120998920500277,0.01051311043164758,-0.04378539798978864,0.07369786326805283,373.79533435627866
phi4-mini,arc,simple,correct,0.4177617872431873,0.010259558337412041,-0.043871018990558654,0.07276218703838687,372.4453805004494
phi4-mini,arc,simple,correct,0.42342368243634687,0.009966188917958477,-0.04252419943131938,0.07169384258053806,370.1818664673394
phi4-mini,arc,simple,correct,0.4290855776295064,0.00963413051537116,-0.04288988219309144,0.07122580023914135,367.40228562399665
phi4-mini,arc,simple,correct,0.434747472822666,0.009264774545837372,-0.04398099385048482,0.07030404283481465,364.44399081913684
phi4-mini,arc,simple,correct,0.4404093680158256,0.008859661706004043,-0.04508176725874986,0.06916070120644047,361.57184190940313
phi4-mini,arc,simple,correct,0.44607126320898516,0.008420381702765808,-0.04640558791515399,0.06873101451618543,358.9785125190354
phi4-mini,arc,simple,correct,0.45173315840214473,0.007948491735522983,-0.047165628749077926,0.06836404277403582,356.79228657315565
phi4-mini,arc,simple,correct,0.4573950535953043,0.0074454560585379675,-0.04817101229895755,0.06776667089067993,355.0880928273086
phi4-mini,arc,simple,correct,0.4630569487884639,0.0069126065515024366,-0.04797814070461655,0.06780060974494727,353.8989219196291
phi4-mini,arc,simple,correct,0.46871884398162345,0.006351122501772499,-0.04964768633723927,0.06797694595151169,353.22603944625405
phi4-mini,arc,simple,correct,0.474380739174783,0.005762026759430188,-0.05108591377119849,0.0687732637646648,353.04732617052684
phi4-mini,arc,simple,correct,0.4800426343679426,0.005146194966702366,-0.053088497148741184,0.068969816198314,353.3236410586525
phi4-mini,arc,simple,correct,0.48570452956110216,0.004504374537145762,-0.05463389748676541,0.06896681079400516,354.0033998032924
phi4-mini,arc,simple,correct,0.49136642475426173,0.003837210312919512,-0.05588651902263975,0.06889834967767916,355.02568670923813
phi4-mini,arc,simple,correct,0.4970283199474213,0.0031452742274798015,-0.056398675993161965,0.06862979705841203,356.3222470197951
phi4-mini,arc,simple,correct,0.5026902151405809,0.0024290967464249795,-0.057972142872134744,0.06815414847459456,357.8186901084209
phi4-mini,arc,simple,correct,0.5083521103337405,0.0016891982855258294,-0.05983436588433641,0.06769846676345607,359.43520041524323
phi4-mini,arc,simple,correct,0.5140140055269,0.0009261191761353259,-0.060982192367058735,0.06660467074468367,361.08701680365954
phi4-mini,arc,simple,correct,0.5196759007200595,0.00014044705039915661,-0.061922442173411085,0.0659834880010242,362.6849070864666
phi4-mini,arc,simple,correct,0.5253377959132192,-0.0006671592466716438,-0.06224979977532697,0.06532471362855512,364.13583229875167
phi4-mini,arc,simple,correct,0.5309996911063788,-0.0014959499337072054,-0.0625296436239608,0.06389113773495735,365.34396142982763
phi4-mini,arc,simple,correct,0.5366615862995383,-0.0023450693381739398,-0.06256999315079005,0.06300132860700591,366.2121571940499
phi4-mini,arc,simple,correct,0.5423234814926979,-0.0032135461809363708,-0.0635520912105134,0.06215521399317705,366.6440028139179
phi4-mini,arc,simple,correct,0.5479853766858575,-0.004100289471934842,-0.0644783178295623,0.0603224499850538,366.5463763175447
phi4-mini,arc,simple,correct,0.5536472718790171,-0.0050040902871935095,-0.06522432247088056,0.0594806560575704,365.8325033392895
phi4-mini,arc,simple,correct,0.5593091670721766,-0.005923629583322882,-0.0661769960595745,0.05782971666938635,364.42533698197576
phi4-mini,arc,simple,correct,0.5649710622653361,-0.006857492072994464,-0.0669476633112735,0.0573325260585377,362.26103370198354
phi4-mini,arc,simple,correct,0.5706329574584958,-0.007804186031517185,-0.06764169377719166,0.05672821614529356,359.2922308604582
phi4-mini,arc,simple,correct,0.5762948526516554,-0.008762168732801978,-0.06848226194229189,0.05598793723725671,355.4907992379374
phi4-mini,arc,simple,correct,0.5819567478448149,-0.00972987702879919,-0.06960016096129952,0.05525256853656352,350.84975465263557
phi4-mini,arc,simple,correct,0.5876186430379745,-0.01070576239952186,-0.07005414410640037,0.054262617264674226,345.3840724847222
phi4-mini,arc,simple,correct,0.5932805382311341,-0.011688329623186743,-0.07110188290137483,0.05306132446255281,339.130253329087
phi4-mini,arc,simple,correct,0.5989424334242937,-0.01267617806131805,-0.0722020101680371,0.0520306364406242,332.1446227256837
phi4-mini,arc,simple,correct,0.6046043286174532,-0.013668044435230928,-0.07346440096261914,0.05099678295467336,324.5004905547553
phi4-mini,arc,simple,correct,0.6102662238106128,-0.014662845899739749,-0.07558391424539783,0.05084359816741082,316.2844210689893
phi4-mini,arc,simple,correct,0.6159281190037724,-0.015659722205467644,-0.07779125347683824,0.049513010474520516,307.59195105072797
phi4-mini,arc,simple,correct,0.6215900141969319,-0.016658075786346288,-0.07790448914654775,0.04853809089621189,298.5231284924862
phi4-mini,arc,simple,correct,0.6272519093900915,-0.017657608711825187,-0.07856469906596567,0.04771811981379721,289.17822621054694
phi4-mini,arc,simple,correct,0.6329138045832511,-0.018658355596208123,-0.07995836286686418,0.046397105821389485,279.65392321720117
phi4-mini,arc,simple,correct,0.6385756997764107,-0.019660711747286383,-0.08154658979458537,0.0455942179145234,270.040157789094
phi4-mini,arc,simple,correct,0.6442375949695702,-0.020665456045668076,-0.08272821256873227,0.04400763395858982,260.41775842799154
phi4-mini,arc,simple,correct,0.6498994901627297,-0.0216737682548986,-0.08427244008690228,0.044000804585161486,250.85686853766518
phi4-mini,arc,simple,correct,0.6555613853558894,-0.02268724064996836,-0.08481962660097085,0.042719702324874674,241.41610882500095
phi4-mini,arc,simple,correct,0.661223280549049,-0.023707883998837612,-0.08573005525704303,0.04178754986968562,232.14237345456343
phi4-mini,arc,simple,correct,0.6668851757422085,-0.024738128022250644,-0.08662820960727188,0.041363814427492866,223.0711319214474
phi4-mini,arc,simple,correct,0.672547070935368,-0.025780816480311792,-0.08744362998208709,0.04066236446312391,214.22710493470106
phi4-mini,arc,simple,correct,0.6782089661285277,-0.026839196985035535,-0.09036531079266522,0.04051165168235193,205.6251939906549
phi4-mini,arc,simple,correct,0.6838708613216873,-0.027916905517930628,-0.09297986003885672,0.04029230256184281,197.27156511324637
phi4-mini,arc,simple,correct,0.6895327565148468,-0.02901794544895165,-0.09496806915046943,0.040179875090105344,189.16481244707708
phi4-mini,arc,simple,correct,0.6951946517080063,-0.030146660622649542,-0.09870199266492294,0.03978191534989411,181.29715309179028
phi4-mini,arc,simple,correct,0.7008565469011659,-0.031307701819827956,-0.10240108301835203,0.03998562927208637,173.6556279500912
phi4-mini,arc,simple,correct,0.7065184420943256,-0.03250598564442039,-0.10531328330266128,0.04104756881668545,166.22330248756782
phi4-mini,arc,simple,correct,0.7121803372874851,-0.03374664465589879,-0.10784851246441085,0.04314987890508735,158.9804747850804
phi4-mini,arc,simple,correct,0.7178422324806446,-0.03503496740065755,-0.11099351056766499,0.04399310438291835,151.90590499098064
phi4-mini,arc,simple,correct,0.7235041276738042,-0.03637632692643966,-0.11405996415826547,0.045856078692903555,144.9780792734405
phi4-mini,arc,simple,correct,0.7291660228669639,-0.03777609642641686,-0.11568187545574858,0.047834155239645924,138.176511880351
phi4-mini,arc,simple,correct,0.7348279180601234,-0.03923955088510498,-0.11975683835770011,0.05014346386369423,131.48307077076444
phi4-mini,arc,simple,correct,0.7404898132532829,-0.0407717540109912,-0.12385922933388563,0.05123769381506743,124.88328652593117
phi4-mini,arc,simple,correct,0.7461517084464425,-0.0423774303531312,-0.12751995970175856,0.051085145702599796,118.36757385307534
phi4-mini,arc,simple,correct,0.7518136036396021,-0.04406082330702138,-0.13132908144807898,0.05097134180971087,111.93226541585557
phi4-mini,gsm8k,complex,all,0.299953248500824,-0.03125506120098307,-0.06052278652609736,-0.002455972023219064,615.0312522210971
phi4-mini,gsm8k,complex,all,0.3063189548105002,-0.031127688963856284,-0.06022373053831633,-0.0025989329408708526,626.0389007006914
phi4-mini,gsm8k,complex,all,0.31268466112017634,-0.030974678496253943,-0.05986551579829342,-0.0026184181673346444,639.4424659862839
phi4-mini,gsm8k,complex,all,0.3190503674298525,-0.030791655495254564,-0.05943766804160998,-0.0024348145012542555,655.7394312373773
phi4-mini,gsm8k,complex,all,0.3254160737395287,-0.0305738357801836,-0.05889147420617697,-0.0022499035305937423,675.509927425561
phi4-mini,gsm8k,complex,all,0.3317817800492049,-0.030316139948819595,-0.058543401936122584,-0.002234125077674434,699.4128093686146
phi4-mini,gsm8k,complex,all,0.33814748635888103,-0.03001338675852529,-0.05787870645741436,-0.0023287671387387855,728.1640244595632
phi4-mini,gsm8k,complex,all,0.3445131926685572,-0.02966058198014694,-0.05758932687230047,-0.0024401755302506704,762.482222977313
phi4-mini,gsm8k,complex,all,0.3508788989782334,-0.029253312206002465,-0.056921487569236456,-0.0025330541224734032,802.9783903649633
phi4-mini,gsm8k,complex,all,0.3572446052879096,-0.028788238421341147,-0.05597783849095278,-0.0024981790466022218,849.9582815394695
phi4-mini,gsm8k,complex,all,0.3636103115975857,-0.028263661125005904,-0.054871562861529465,-0.002539136987022857,903.1065892555148
phi4-mini,gsm8k,complex,all,0.36997601790726187,-0.027680099111244787,-0.054583350807628314,-0.0025510947345740924,961.048709711204
phi4-mini,gsm8k,complex,all,0.37634172421693807,-0.027040793564450927,-0.05356820295505936,-0.002658705529121976,1020.869221542453
phi4-mini,gsm8k,complex,all,0.38270743052661427,-0.026352028272029406,-0.05248351750266198,-0.0026276435603969943,1077.8229268751263
phi4-mini,gsm8k,complex,all,0.3890731368362904,-0.02562315830303678,-0.05163977730205495,-0.002121893868386133,1125.6392669906681
phi4-mini,gsm8k,complex,all,0.39543884314596656,-0.024866273264042883,-0.05043445092943284,-0.0009243587646916007,1157.7722208061398
phi4-mini,gsm8k,complex,all,0.40180454945564276,-0.024095487177565277,-0.04953005685295779,-0.00010016727895355117,1169.4327646723293
phi4-mini,gsm8k,complex,all,0.40817025576531896,-0.023325930709559746,-0.04894484592727502,6.458157928052372e-05,1159.444271262304
phi4-mini,gsm8k,complex,all,0.4145359620749951,-0.02257259662382935,-0.048359374046154965,0.0009959849649739017,1130.720285297396
phi4-mini,gsm8k,complex,all,0.42090166838467125,-0.021849228395046785,-0.04756124989193987,0.0019172837834137897,1089.0357319139046
phi4-mini,gsm8k,complex,all,0.42726737469434745,-0.02116742962344686,-0.047021207430287155,0.003008529480602669,1040.968346782843
phi4-mini,gsm8k,complex,all,0.43363308100402365,-0.020536113459012413,-0.046193148623707235,0.004105916689749529,992.2017513837955
phi4-mini,gsm8k,complex,all,0.4399987873136998,-0.019961329354692407,-0.045470792071885015,0.004922578084359862,946.7533572361216
phi4-mini,gsm8k,complex,all,0.44636449362337594,-0.01944642742807937,-0.044988201788946955,0.0057593095910832195,906.9842622427773
phi4-mini,gsm8k,complex,all,0.45273019993305214,-0.018992469529109032,-0.04447384980535389,0.0065196467293438835,873.9888982097249
phi4-mini,gsm8k,complex,all,0.45909590624272834,-0.018598777877598692,-0.04471967727437019,0.007039524793093689,848.0483657765698
phi4-mini,gsm8k,complex,all,0.4654616125524045,-0.01826352144264997,-0.04478320448455163,0.007232502660457934,828.9993715376795
phi4-mini,gsm8k,complex,all,0.4718273188620806,-0.01798426536130149,-0.04487244430461566,0.007403748915837308,816.4864662332816
phi4-mini,gsm8k,complex,all,0.4781930251717568,-0.017758437906946232,-0.044845612446330015,0.007734233896767153,810.1156621090128
phi4-mini,gsm8k,complex,all,0.484558731481433,-0.017583694759079605,-0.044776424021603305,0.008180217921301084,809.5388282872398
phi4-mini,gsm8k,complex,all,0.49092443779110917,-0.01745817795854996,-0.044502994098353725,0.008736897701707887,814.493809816638
phi4-mini,gsm8k,complex,all,0.4972901441007853,-0.01738067671631587,-0.04439062483620372,0.008969380537331761,824.8171190788755
phi4-mini,gsm8k,complex,all,0.5036558504104616,-0.01735070080855648,-0.04433986480023035,0.009056320134289078,840.438795653872
phi4-mini,gsm8k,complex,all,0.5100215567201377,-0.01736847689296043,-0.04416761232197736,0.008863163892758775,861.3635713383666
phi4-mini,gsm8k,complex,all,0.5163872630298139,-0.017434875877042812,-0.04453544256458447,0.008611350554729405,887.6385902459464
phi4-mini,gsm8k,complex,all,0.52275296933949,-0.01755127722215901,-0.04466824154064798,0.008554281292395157,919.3052992568839
phi4-mini,gsm8k,complex,all,0.5291186756491661,-0.017719375087450227,-0.044578254123647965,0.008663671908989064,956.3317747327169
phi4-mini,gsm8k,complex,all,0.5354843819588424,-0.017940932372098605,-0.0442331016366458,0.008309986143137616,998.5223020380555
phi4-mini,gsm8k,complex,all,0.5418500882685185,-0.01821749238770262,-0.04450113756767138,0.008173952374471778,1045.404755323167
phi4-mini,gsm8k,complex,all,0.5482157945781947,-0.018550063885128382,-0.044700209914915696,0.0077991972362332655,1096.1049157571515
phi4-mini,gsm8k,complex,all,0.554581500887871,-0.01893880255471409,-0.044995150499208984,0.006772492662353178,1149.2313039755322
phi4-mini,gsm8k,complex,all,0.560947207197547,-0.01938271923391918,-0.04516729811251636,0.006055859009928165,1202.8123101137448
phi4-mini,gsm8k,complex,all,0.5673129135072232,-0.019879449621583795,-0.045458565883353154,0.005398064130833722,1254.3411337652783
phi4-mini,gsm8k,complex,all,0.5736786198168995,-0.02042511994702021,-0.04618758870413096,0.005010935984362931,1300.9781083311414
phi4-mini,gsm8k,complex,all,0.5800443261265755,-0.02101433609427884,-0.04668854091124535,0.004141043484766448,1339.9193203729037
phi4-mini,gsm8k,complex,all,0.5864100324362518,-0.0216403099785623,-0.047093504731058694,0.003531739875510907,1368.8669946451712
phi4-mini,gsm8k,complex,all,0.5927757387459279,-0.02229511838651526,-0.047511694408215475,0.0028995217379519135,1386.46452244755
phi4-mini,gsm8k,complex,all,0.5991414450556041,-0.022970069746038446,-0.048498811012247886,0.0021486336325126196,1392.5408101438695
phi4-mini,gsm8k,complex,all,0.6055071513652803,-0.02365613796589525,-0.04922134502446703,0.0013024978857245162,1388.074070098986
phi4-mini,gsm8k,complex,all,0.6118728576749564,-0.024344413536813624,-0.04924815042154759,0.00035648382383679484,1374.902310360289
phi4-mini,gsm8k,complex,all,0.6182385639846326,-0.025026522481949393,-0.04989905305059234,-0.0006592733304222116,1355.3031051310843
phi4-mini,gsm8k,complex,all,0.6246042702943089,-0.02569497284397141,-0.05068448794553932,-0.0015413271021572916,1331.5865117945823
phi4-mini,gsm8k,complex,all,0.6309699766039849,-0.026343403327849218,-0.051479227856639366,-0.0024298435669030238,1305.7989639399718
phi4-mini,gsm8k,complex,all,0.6373356829136612,-0.026966725526215107,-0.05206154045635747,-0.00324074130807361,1279.5675899293904
phi4-mini,gsm8k,complex,all,0.6437013892233373,-0.027561166137505536,-0.052203590379434596,-0.0035826005006008577,1254.0633598373404
phi4-mini,gsm8k,complex,all,0.6500670955330135,-0.028124226284073215,-0.05245272331384605,-0.0041660778819869425,1230.0406653251036
phi4-mini,gsm8k,complex,all,0.6564328018426897,-0.028654580570801964,-0.05304623836949234,-0.004894863788012406,1207.9129529671582
phi4-mini,gsm8k,complex,all,0.6627985081523657,-0.029151939368558474,-0.053223894272147645,-0.005090868992337145,1187.8359955039336
phi4-mini,gsm8k,complex,all,0.669164214462042,-0.02961689523882098,-0.053227581245156724,-0.005475506632293579,1169.7830490086808
phi4-mini,gsm8k,complex,all,0.6755299207717183,-0.03005076994193588,-0.0540134491411595,-0.005677027829991935,1153.6055202287475
phi4-mini,gsm8k,complex,all,0.6818956270813943,-0.030455473408562955,-0.054586815901047483,-0.005769753965766962,1139.0783423124822
phi4-mini,gsm8k,complex,all,0.6882613333910705,-0.03083338132680455,-0.054742269551625894,-0.006141314411512402,1125.9319395867813
phi4-mini,gsm8k,complex,all,0.6946270397007467,-0.03118723411361101,-0.055151301433416795,-0.006353479755034407,1113.8735724923058
phi4-mini,gsm8k,complex,all,0.7009927460104228,-0.031520057167141485,-0.05563462380401919,-0.006532527135528905,1102.6008526336952
phi4-mini,gsm8k,complex,all,0.7073584523200991,-0.03183510038254557,-0.05620506791627265,-0.006641608824697944,1091.80983947465
phi4-mini,gsm8k,complex,all,0.7137241586297751,-0.03213579378698453,-0.056666282307942316,-0.006871413724547353,1081.1996582980207
phi4-mini,gsm8k,complex,all,0.7200898649394514,-0.03242571560393987,-0.057186854373210985,-0.007024234886349247,1070.4751405822249
phi4-mini,gsm8k,complex,all,0.7264555712491276,-0.03270856889701065,-0.05731784825801433,-0.006858262951488813,1059.3486238343569
phi4-mini,gsm8k,complex,all,0.7328212775588037,-0.03298816300949569,-0.05793882304990099,-0.007003074354724764,1047.541757169848
phi4-mini,gsm8k,complex,all,0.7391869838684799,-0.03326839618946319,-0.05851695471648956,-0.006939247899339604,1034.787923041468
phi4-mini,gsm8k,complex,all,0.7455526901781561,-0.03355323599036184,-0.05926720797726434,-0.007168006085934966,1020.8356811686959
phi4-mini,gsm8k,complex,all,0.7519183964878322,-0.03384669421537321,-0.05975158965736396,-0.0076816062336877615,1005.453446365402
phi4-mini,gsm8k,complex,all,0.7582841027975085,-0.03415279330375444,-0.06072833963581849,-0.008047465044445316,988.4354119243247
phi4-mini,gsm8k,complex,all,0.7646498091071845,-0.034475521129691634,-0.06106529494471,-0.007658614045655426,969.6085177879637
phi4-mini,gsm8k,complex,all,0.7710155154168608,-0.03481877119971781,-0.0618471332849202,-0.007321556714235671,948.8400427379848
phi4-mini,gsm8k,complex,all,0.777381221726537,-0.03518626520136616,-0.06262344313631461,-0.007022916329856358,926.0451899665168
phi4-mini,gsm8k,complex,all,0.783746928036213,-0.035581454785524505,-0.06340973890181804,-0.0067959915715117255,901.1938652041221
phi4-mini,gsm8k,complex,all,0.7901126343458893,-0.03600739937315976,-0.064450097694377,-0.00673383838247118,874.3157529316629
phi4-mini,gsm8k,complex,all,0.7964783406555654,-0.036466616681787835,-0.06491988143386655,-0.007008783744468449,845.5028148067785
phi4-mini,gsm8k,complex,all,0.8028440469652416,-0.03696090259010928,-0.06559092004898248,-0.007190233819224862,814.9084886002561
phi4-mini,gsm8k,complex,all,0.8092097532749178,-0.037491116928000084,-0.06671761225068705,-0.007231051861741723,782.7431554843581
phi4-mini,gsm8k,complex,errors,0.2999526757001877,-0.01458997001801173,-0.10159352553631296,0.07443944406528272,71.21708701574401
phi4-mini,gsm8k,complex,errors,0.30587764889746905,-0.014482218620376951,-0.10102725500085938,0.07395347592829489,72.27708594292764
phi4-mini,gsm8k,complex,errors,0.3118026220947504,-0.014355469460862667,-0.10034534040278344,0.0733784161581891,73.54997572825032
phi4-mini,gsm8k,complex,errors,0.31772759529203176,-0.01420690477897439,-0.0995330059418676,0.07270033798448328,75.07660926480455
phi4-mini,gsm8k,complex,errors,0.3236525684893131,-0.01403351068706897,-0.09857509398948495,0.07190409271045142,76.90426175328422
phi4-mini,gsm8k,complex,errors,0.3295775416865945,-0.013832157755749634,-0.09727867333176664,0.07128698733249496,79.08656840700675
phi4-mini,gsm8k,complex,errors,0.33550251488387584,-0.013599726175921518,-0.09616174707840577,0.07104395852891822,81.68250917087923
phi4-mini,gsm8k,complex,errors,0.3414274880811572,-0.013333284660352468,-0.09405541345424588,0.06994643445077299,84.75366279679093
phi4-mini,gsm8k,complex,errors,0.34735246127843855,-0.013030329483824973,-0.09123806926597236,0.06865226650295227,88.35852052091154
phi4-mini,gsm8k,complex,errors,0.3532774344757199,-0.012689084167044132,-0.08927569130852832,0.06724092437061463,92.54213152124542
phi4-mini,gsm8k,complex,errors,0.35920240767300127,-0.012308850545961628,-0.08753364027282069,0.06456749521511167,97.318956513889
phi4-mini,gsm8k,complex,errors,0.3651273808702826,-0.011890388312455811,-0.0851149991173986,0.06341700258386866,102.64710576199548
phi4-mini,gsm8k,complex,errors,0.371052354067564,-0.011436283902464041,-0.08320317493497882,0.062436895055428245,108.39429894463845
phi4-mini,gsm8k,complex,errors,0.37697732726484534,-0.010951254090506334,-0.07917007161058878,0.06145300635546054,114.30156109804533
phi4-mini,gsm8k,complex,errors,0.38290230046212675,-0.010442319996109955,-0.07658088019676533,0.06202399015433592,119.96065017273418
phi4-mini,gsm8k,complex,errors,0.3888272736594081,-0.009918789495009973,-0.07360475258587439,0.061734691955746636,124.83183309185475
phi4-mini,gsm8k,complex,errors,0.39475224685668947,-0.009392004977165405,-0.07135679559882645,0.05923213170412118,128.32788459933192
phi4-mini,gsm8k,complex,errors,0.40067722005397083,-0.008874849404279255,-0.06866369450677307,0.05922379766438134,129.96258407096536
phi4-mini,gsm8k,complex,errors,0.4066021932512522,-0.008381050568654163,-0.06768209417687074,0.05813736125085046,129.51083480011303
phi4-mini,gsm8k,complex,errors,0.41252716644853354,-0.007924369086051488,-0.0671383141472348,0.05753052615591463,127.09427133620792
phi4-mini,gsm8k,complex,errors,0.4184521396458149,-0.007517785434598362,-0.06694009272912721,0.05632820254200724,123.13826605254425
phi4-mini,gsm8k,complex,errors,0.42437711284309626,-0.007172804547732204,-0.0664699862462144,0.05630550989501211,118.22801370598263
phi4-mini,gsm8k,complex,errors,0.4303020860403776,-0.006898971286591605,-0.06637993813260845,0.056748778890659636,112.94716468037534
phi4-mini,gsm8k,complex,errors,0.436227059237659,-0.00670364476906919,-0.06686875843635681,0.05604052775136857,107.76873386428242
phi4-mini,gsm8k,complex,errors,0.44215203243494033,-0.00659202848381041,-0.06710245725243394,0.05660123958059394,103.01662604686923
phi4-mini,gsm8k,complex,errors,0.4480770056322217,-0.0065674107428814335,-0.06718519522762838,0.05575299302074698,98.87790791799368
phi4-mini,gsm8k,complex,errors,0.45400197882950305,-0.006631545262529234,-0.06645509892260347,0.05584693144827079,95.43719835952753
phi4-mini,gsm8k,complex,errors,0.45992695202678446,-0.006785096075437084,-0.067196925904897,0.05571635541100114,92.71303777140777
phi4-mini,gsm8k,complex,errors,0.4658519252240658,-0.007028080293743606,-0.06755828563959018,0.05523006272949133,90.68714457486274
phi4-mini,gsm8k,complex,errors,0.4717768984213472,-0.007360259586978946,-0.06772586776320728,0.054740941186440295,89.32471510985805
phi4-mini,gsm8k,complex,errors,0.47770187161862854,-0.007781450159391423,-0.06789724036881685,0.0526954445659125,88.5871221685227
phi4-mini,gsm8k,complex,errors,0.4836268448159099,-0.008291737169096916,-0.0683730146646793,0.052028341697127424,88.43913521263266
phi4-mini,gsm8k,complex,errors,0.48955181801319125,-0.00889159102455822,-0.06855249344761849,0.05075027372667794,88.85251597909121
phi4-mini,gsm8k,complex,errors,0.4954767912104726,-0.009581889818701016,-0.06929662888602495,0.05023551063533189,89.80729850809344
phi4-mini,gsm8k,complex,errors,0.501401764407754,-0.010363855409135933,-0.06990056362014141,0.04844520013327263,91.29155149065645
phi4-mini,gsm8k,complex,errors,0.5073267376050353,-0.011238911816477114,-0.07012903953969095,0.046693428122478474,93.30002547150409
phi4-mini,gsm8k,complex,errors,0.5132517108023167,-0.012208475131349589,-0.06978772638203,0.044973678369193824,95.83180487934924
phi4-mini,gsm8k,complex,errors,0.519176683999598,-0.013273685144844397,-0.0701228450272592,0.04192552578007697,98.88689557410865
phi4-mini,gsm8k,complex,errors,0.5251016571968794,-0.014435091200664751,-0.07018228388496013,0.03930295338139362,102.46157608898879
phi4-mini,gsm8k,complex,errors,0.5310266303941608,-0.015692308609421148,-0.07037233320938216,0.03685647544423735,106.54234394110443
phi4-mini,gsm8k,complex,errors,0.5369516035914421,-0.017043667161731148,-0.07155674088843006,0.03525370586774278,111.09844507738535
phi4-mini,gsm8k,complex,errors,0.5428765767887235,-0.018485879079070865,-0.07173148512085303,0.03277194939259479,116.07335215172851
phi4-mini,gsm8k,complex,errors,0.5488015499860048,-0.020013758872715563,-0.07336272216109412,0.030185684508254967,121.37620832636524
phi4-mini,gsm8k,complex,errors,0.5547265231832862,-0.02162003036619658,-0.07474805340453596,0.027297133229656986,126.87514018149915
phi4-mini,gsm8k,complex,errors,0.5606514963805675,-0.023295254803022112,-0.07500447841968413,0.02618124974742078,132.39522857667754
phi4-mini,gsm8k,complex,errors,0.5665764695778489,-0.02502790711438306,-0.07581437775285524,0.02421476443648202,137.72429042565568
phi4-mini,gsm8k,complex,errors,0.5725014427751303,-0.02680461460726464,-0.07799204782911859,0.022210937046893926,142.6287579302447
phi4-mini,gsm8k,complex,errors,0.5784264159724116,-0.02861055450664668,-0.08079855144962637,0.01992800618776706,146.87936361485183
phi4-mini,gsm8k,complex,errors,0.584351389169693,-0.03042998645171119,-0.08325092764439473,0.018454865212946092,150.2824586452555
phi4-mini,gsm8k,complex,errors,0.5902763623669743,-0.03224687689948578,-0.08418822265128995,0.017461590406589608,152.70927372900772
phi4-mini,gsm8k,complex,errors,0.5962013355642557,-0.03404555844548893,-0.08610370239036808,0.01663087069057191,154.11454208020703
phi4-mini,gsm8k,complex,errors,0.602126308761537,-0.035811361525205275,-0.08793672818487952,0.014340878090346476,154.5388555569141
phi4-mini,gsm8k,complex,errors,0.6080512819588184,-0.037531160182801546,-0.09101765286725755,0.01332181266409013,154.0947667309042
phi4-mini,gsm8k,complex,errors,0.6139762551560998,-0.03919378666651647,-0.09388721228055064,0.012102928190467009,152.9420113304509
phi4-mini,gsm8k,complex,errors,0.6199012283533811,-0.040790288607788265,-0.09604294820575864,0.011265752145190055,151.2596726272224
phi4-mini,gsm8k,complex,errors,0.6258262015506626,-0.0423140234382351,-0.09786900075620503,0.010518387057982262,149.22209466749692
phi4-mini,gsm8k,complex,errors,0.6317511747479438,-0.04376060353733167,-0.09975197385384797,0.010312209714185614,146.9822910190208
phi4-mini,gsm8k,complex,errors,0.6376761479452253,-0.045127719481678874,-0.10179656906213659,0.01023786700005341,144.6634252618397
phi4-mini,gsm8k,complex,errors,0.6436011211425066,-0.04641487634504196,-0.10257665649060835,0.009923299049778784,142.35686865936378
phi4-mini,gsm8k,complex,errors,0.649526094339788,-0.04762307946567336,-0.1038329556192878,0.010152921394252145,140.12457776151265
phi4-mini,gsm8k,complex,errors,0.6554510675370693,-0.048754502738863725,-0.10602928288634182,0.009399039201084624,138.00368790572807
phi4-mini,gsm8k,complex,errors,0.6613760407343507,-0.04981216610209561,-0.10861970543016933,0.00923918175128399,136.01177967488798
phi4-mini,gsm8k,complex,errors,0.667301013931632,-0.05079964123373408,-0.1101305360269955,0.008932013100015955,134.15188225982774
phi4-mini,gsm8k,complex,errors,0.6732259871289135,-0.05172079699823332,-0.11221599411760562,0.008606183909280033,132.41675851941633
phi4-mini,gsm8k,complex,errors,0.6791509603261947,-0.05257958975452098,-0.11442748203021584,0.008290895223775727,130.79233273019193
phi4-mini,gsm8k,complex,errors,0.6850759335234762,-0.053379898731400914,-0.11604407675472948,0.008707380058402844,129.2602990389011
phi4-mini,gsm8k,complex,errors,0.6910009067207574,-0.05412540332446328,-0.11715632685977655,0.009113824349122735,127.80002954700633
phi4-mini,gsm8k,complex,errors,0.6969258799180389,-0.05481949720754271,-0.11800760402499849,0.008938761628630084,126.38992436204636
phi4-mini,gsm8k,complex,errors,0.7028508531153201,-0.05546523328938414,-0.11922415784347215,0.009169327366592697,125.00833938574185
phi4-mini,gsm8k,complex,errors,0.7087758263126016,-0.056065293470132484,-0.12008605774165934,0.009696919125820918,123.63420815799245
phi4-mini,gsm8k,complex,errors,0.7147007995098829,-0.05662197758015142,-0.12101306582467977,0.010309459173982141,122.24745118328264
phi4-mini,gsm8k,complex,errors,0.7206257727071643,-0.05713720658865391,-0.12197894463708431,0.010947818287192273,120.829244425594
phi4-mini,gsm8k,complex,errors,0.7265507459044456,-0.05761253598584121,-0.12373063040252368,0.011230208336609229,119.3621998921751
phi4-mini,gsm8k,complex,errors,0.732475719101727,-0.05804917605901091,-0.12419890627334142,0.011493292745998768,117.83049582662743
phi4-mini,gsm8k,complex,errors,0.7384006922990083,-0.05844801653403168,-0.12630927756428412,0.01329882228693443,116.21998174304447
phi4-mini,gsm8k,complex,errors,0.7443256654962898,-0.05880965370493815,-0.12791709301072232,0.012947439101117479,114.51827387831277
phi4-mini,gsm8k,complex,errors,0.7502506386935711,-0.05913441871454809,-0.1295264035860281,0.01319888903187086,112.71484912851326
phi4-mini,gsm8k,complex,errors,0.7561756118908525,-0.05942240608012885,-0.13113094401112568,0.014188091748285404,110.80113975270012
phi4-mini,gsm8k,complex,errors,0.7621005850881338,-0.05967350189011001,-0.13274917877375852,0.0160145289763885,108.77062676070598
phi4-mini,gsm8k,complex,errors,0.7680255582854152,-0.059887411344028633,-0.1358372660770372,0.017666575077858286,106.618926736191
phi4-mini,gsm8k,complex,errors,0.7739505314826965,-0.06006368548258186,-0.13817461809004,0.019437631745635963,104.34386474559935
phi4-mini,gsm8k,complex,correct,0.2999542367458343,-0.0334480734041519,-0.06293618216632446,-0.0019350724705901893,543.8169393878703
phi4-mini,gsm8k,complex,correct,0.3063552983701229,-0.033316146440846954,-0.06259767282824062,-0.001934786260332967,553.7390347393845
phi4-mini,gsm8k,complex,correct,0.3127563599944114,-0.03315736221360898,-0.06217133929124639,-0.0019333245359557845,565.8345800505291
phi4-mini,gsm8k,complex,correct,0.3191574216187,-0.03296708645946073,-0.06165900266454263,-0.0019301830211101395,580.5577214893752
phi4-mini,gsm8k,complex,correct,0.32555848324298853,-0.03274024180004323,-0.06107120252071395,-0.0019392894800868805,598.4383534461687
phi4-mini,gsm8k,complex,correct,0.3319595448672771,-0.03247142845198205,-0.060820395548740386,-0.002297948326273912,620.0782030834248
phi4-mini,gsm8k,complex,correct,0.33836060649156563,-0.03215512921482366,-0.060154627191762844,-0.0027044894490765906,646.1301515019926
phi4-mini,gsm8k,complex,correct,0.34476166811585424,-0.0317860165934628,-0.05966010134275397,-0.0024589696096639206,677.2465085735485
phi4-mini,gsm8k,complex,correct,0.3511627297401428,-0.031359371816822156,-0.05954914672370697,-0.0026568437022751056,713.9742553948264
phi4-mini,gsm8k,complex,correct,0.35756379136443134,-0.03087160931691345,-0.05842740125926137,-0.003235895518355355,756.5679511587186
phi4-mini,gsm8k,complex,correct,0.3639648529887199,-0.030320875020420794,-0.05768481395108855,-0.00339114007993699,804.6920610640548
phi4-mini,gsm8k,complex,correct,0.37036591461300844,-0.029707654673150587,-0.0565938251106819,-0.002682995237934312,857.0122241895282
phi4-mini,gsm8k,complex,correct,0.376766976237297,-0.02903529608261432,-0.05596947657745001,-0.002209242603403625,910.7575449059923
phi4-mini,gsm8k,complex,correct,0.38316803786158554,-0.02831032820718562,-0.055282825691084836,-0.0017907564197191482,961.4863564779357
phi4-mini,gsm8k,complex,correct,0.3895690994858741,-0.027542464237184663,-0.05422307885090422,-0.0015540486246610587,1003.4341888997203
phi4-mini,gsm8k,complex,correct,0.3959701611101627,-0.026744215139299674,-0.05304809470196619,-0.0011110450598388658,1030.7446121786954
phi4-mini,gsm8k,complex,correct,0.40237122273445125,-0.025930113123820823,-0.05229241043090399,-0.0009292450266446682,1039.3615845089766
phi4-mini,gsm8k,complex,correct,0.4087722843587398,-0.02511563402523455,-0.051356812478345865,-0.00037186082479392116,1028.6346498576886
phi4-mini,gsm8k,complex,correct,0.41517334598302835,-0.024315984610086157,-0.05063340411807203,0.0005576078894958179,1001.570543434537
phi4-mini,gsm8k,complex,correct,0.4215744076073169,-0.023544956579256704,-0.05000068652378819,0.0019349601440869712,963.5653841021286
phi4-mini,gsm8k,complex,correct,0.42797546923160545,-0.022814029556971184,-0.04948129608407048,0.0030438862116147747,920.5166212105087
phi4-mini,gsm8k,complex,correct,0.434376530855894,-0.022131838970549034,-0.049238063745518555,0.0038292186226856766,877.3726458303272
phi4-mini,gsm8k,complex,correct,0.44077759248018256,-0.021504037272406892,-0.048689749081808835,0.004754007147993663,837.541198867435
phi4-mini,gsm8k,complex,correct,0.4471786541044711,-0.02093349830275154,-0.04822209953736845,0.005625976855432275,802.9674080661463
phi4-mini,gsm8k,complex,correct,0.45357971572875966,-0.020420765296389393,-0.04760132737745762,0.0063092035935222775,774.5099416261764
phi4-mini,gsm8k,complex,correct,0.4599807773530482,-0.019964628497783528,-0.047469306299724685,0.006871910338180172,752.3469516417172
phi4-mini,gsm8k,complex,correct,0.46638183897733676,-0.019562731382085967,-0.04682049611260911,0.007315178076276169,736.2955934499761
phi4-mini,gsm8k,complex,correct,0.4727829006016253,-0.019212132263395815,-0.046525738914115516,0.007632275713726504,726.0258126890152
phi4-mini,gsm8k,complex,correct,0.47918396222591386,-0.018909778590839997,-0.046457715079336,0.007962799239423394,721.1882646703733
phi4-mini,gsm8k,complex,correct,0.4855850238502024,-0.01865287668313329,-0.04635799958205029,0.008314260805944964,721.4832243847114
phi4-mini,gsm8k,complex,correct,0.491986085474491,-0.018439156834757667,-0.04623314888749091,0.008621011915004714,726.6921897598685
phi4-mini,gsm8k,complex,correct,0.49838714709877957,-0.018267042780886145,-0.046053858646306206,0.008528936742244614,736.6863989870476
phi4-mini,gsm8k,complex,correct,0.5047882087230682,-0.018135737293395543,-0.045736762081220454,0.008599441978127783,751.4200730466956
phi4-mini,gsm8k,complex,correct,0.5111892703473566,-0.018045234544757496,-0.045691749618228895,0.008771649437692652,770.9114371169179
phi4-mini,gsm8k,complex,correct,0.5175903319716453,-0.017996266984432678,-0.04535549510639602,0.008741480549819129,795.21119535418
phi4-mini,gsm8k,complex,correct,0.5239913935959338,-0.017990191565201822,-0.045048302280005434,0.008795536058101714,824.3558665454835
phi4-mini,gsm8k,complex,correct,0.5303924552202224,-0.01802881853884638,-0.045043058777327546,0.008205516666263391,858.3023477551002
phi4-mini,gsm8k,complex,correct,0.5367935168445109,-0.018114186610586103,-0.04480969997588154,0.007737185080580698,896.8409535107302
phi4-mini,gsm8k,complex,correct,0.5431945784687995,-0.018248291466073048,-0.04454614104526188,0.00780741412072675,939.4883093661751
phi4-mini,gsm8k,complex,correct,0.549595640093088,-0.01843278048100824,-0.0446434284593002,0.007915845612631124,985.3704886973065
phi4-mini,gsm8k,complex,correct,0.5559967017173766,-0.018668634000007255,-0.04486062756485613,0.007749453148939508,1033.1213619861032
phi4-mini,gsm8k,complex,correct,0.5623977633416651,-0.018955861336603427,-0.04505051199610787,0.007405443274006581,1080.8385138326628
phi4-mini,gsm8k,complex,correct,0.5687988249659537,-0.019293245336761605,-0.04529605631688863,0.006751899506102683,1126.1500787510797
phi4-mini,gsm8k,complex,correct,0.5751998865902422,-0.019678170491391173,-0.04529834585741331,0.0058031300322707886,1166.4349686126955
phi4-mini,gsm8k,complex,correct,0.5816009482145308,-0.020106564278710135,-0.045653999237377826,0.005246898736147436,1199.1932147785942
phi4-mini,gsm8k,complex,correct,0.5880020098388193,-0.02057296921498163,-0.04622747319822355,0.004792444915420675,1222.489637805292
phi4-mini,gsm8k,complex,correct,0.5944030714631079,-0.021070745573178472,-0.04593292731146357,0.0035461198073201785,1235.3313195417147
phi4-mini,gsm8k,complex,correct,0.6008041330873964,-0.02159238539645364,-0.046999049749497084,0.0029700240914171117,1237.8385817733492
phi4-mini,gsm8k,complex,correct,0.607205194711685,-0.02212990177940641,-0.04715539065651756,0.0025709214238423604,1231.1476324084117
phi4-mini,gsm8k,complex,correct,0.6136062563359737,-0.022675247429453746,-0.04841273617308507,0.002189082667855641,1217.0967859757973
phi4-mini,gsm8k,complex,correct,0.6200073179602621,-0.02322071540871241,-0.04904264914229083,0.0020012143329052904,1197.82492409287
phi4-mini,gsm8k,complex,correct,0.6264083795845508,-0.02375928232439652,-0.04975549834473247,0.0016599086517830853,1175.41241092209
phi4-mini,gsm8k,complex,correct,0.6328094412088392,-0.024284867508742026,-0.05041964784252801,0.00131293494885476,1151.6404258407072
phi4-mini,gsm8k,complex,correct,0.6392105028331279,-0.024792497209822136,-0.05062984178484415,0.0004575775771140994,1127.88077174874
phi4-mini,gsm8k,complex,correct,0.6456115644574163,-0.025278376969929617,-0.050670517676784516,-0.00045196274207167064,1105.0871119921421
phi4-mini,gsm8k,complex,correct,0.652012626081705,-0.025739885787491923,-0.0510372855801431,-0.0008866955231677714,1083.8460952909436
phi4-mini,gsm8k,complex,correct,0.6584136877059934,-0.026175511403581955,-0.05173822666081727,-0.00066010494463929,1064.452825709107
phi4-mini,gsm8k,complex,correct,0.6648147493302821,-0.026584747460047423,-0.05230802659951466,-0.0009760007979209549,1046.9875481824408
phi4-mini,gsm8k,complex,correct,0.6712158109545705,-0.026967971450814397,-0.0526210479622328,-0.0012121610374968088,1031.3818241352124
phi4-mini,gsm8k,complex,correct,0.6776168725788592,-0.027326318679730056,-0.05308281939923628,-0.001839375064563717,1017.4702632093405
phi4-mini,gsm8k,complex,correct,0.6840179342031477,-0.027661563048382402,-0.05364987129798614,-0.002095500027344595,1005.0281868795514
phi4-mini,gsm8k,complex,correct,0.6904189958274363,-0.02797601128568494,-0.05390380882430224,-0.002803978109363672,993.7974788975708
phi4-mini,gsm8k,complex,correct,0.6968200574517248,-0.02827241368603001,-0.054057022943640856,-0.0030696112334833393,983.5033632780852
phi4-mini,gsm8k,complex,correct,0.7032211190760134,-0.028553891727171963,-0.0542722170164119,-0.0028218503097848947,973.8646717060521
phi4-mini,gsm8k,complex,correct,0.7096221807003019,-0.028823881070216224,-0.05515874110124148,-0.002718291625724316,964.5997435010432
phi4-mini,gsm8k,complex,correct,0.7160232423245905,-0.0290860872696564,-0.05557838444436079,-0.00254757691151173,955.4296539309373
phi4-mini,gsm8k,complex,correct,0.722424303948879,-0.029344450869993228,-0.05629289910973276,-0.002273335468201069,946.0800759012699
phi4-mini,gsm8k,complex,correct,0.7288253655731676,-0.029603118271132618,-0.05659291030294775,-0.0023363644015463167,936.2827651131519
phi4-mini,gsm8k,complex,correct,0.7352264271974561,-0.02986641466907424,-0.05706997974561318,-0.002082218786956981,925.7774083974801
phi4-mini,gsm8k,complex,correct,0.7416274888217447,-0.030138815417425004,-0.05747274124449009,-0.0015449229161624484,914.3143661390499
phi4-mini,gsm8k,complex,correct,0.7480285504460333,-0.030424912237985314,-0.05811853037301355,-0.001651250156403425,901.6586476102959
phi4-mini,gsm8k,complex,correct,0.7544296120703218,-0.030729370791446803,-0.05856170966969704,-0.0016768298586151509,887.5952613633794
phi4-mini,gsm8k,complex,correct,0.7608306736946104,-0.031056876179375418,-0.05883906536669492,-0.002264934165262666,871.9358680493586
phi4-mini,gsm8k,complex,correct,0.7672317353188989,-0.03141206297831562,-0.05886644063518626,-0.002469043829310144,854.5264280744606
phi4-mini,gsm8k,complex,correct,0.7736327969431875,-0.03179942640833129,-0.05939904574358032,-0.00228935279223578,835.2552938181875
phi4-mini,gsm8k,complex,correct,0.780033858567476,-0.03222321122058508,-0.06011549812915999,-0.001862357052904434,814.0609737385801
phi4-mini,gsm8k,complex,correct,0.7864349201917646,-0.03268727486513507,-0.06057412989824827,-0.0012121275148274787,790.9386344871414
phi4-mini,gsm8k,complex,correct,0.7928359818160531,-0.03319492148806546,-0.061007425571847754,-0.001087817035844047,765.9443531877959
phi4-mini,gsm8k,complex,correct,0.7992370434403417,-0.03374870332718534,-0.0626409821164028,-0.0013473169204123643,739.1962238335293
phi4-mini,gsm8k,complex,correct,0.8056381050646303,-0.034350186153714386,-0.06346506454013592,-0.00132026611601418,710.8716754713571
phi4-mini,gsm8k,complex,correct,0.8120391666889188,-0.03499967557718956,-0.06499160450185912,-0.001846193015488582,681.2007571228957
phi4-mini,gsm8k,simple,all,0.299953248500824,-0.010759783672488685,-0.03809722433549976,0.01890806283788449,615.0312522210971
phi4-mini,gsm8k,simple,all,0.3063189548105002,-0.010789040188962883,-0.037919912026939666,0.018792226611145522,626.0389007006914
phi4-mini,gsm8k,simple,all,0.31268466112017634,-0.010823855404208759,-0.037707601891438736,0.018654156590641912,639.4424659862839
phi4-mini,gsm8k,simple,all,0.3190503674298525,-0.010865168791941713,-0.03773955923770339,0.0184902346745845,655.7394312373773
phi4-mini,gsm8k,simple,all,0.3254160737395287,-0.010914019164271064,-0.037837720194393104,0.018101414820930986,675.509927425561
phi4-mini,gsm8k,simple,all,0.3317817800492049,-0.010971529515461816,-0.03771554668274499,0.017660718626020217,699.4128093686146
phi4-mini,gsm8k,simple,all,0.33814748635888103,-0.011038879237544687,-0.03739280908895879,0.017308141032263476,728.1640244595632
phi4-mini,gsm8k,simple,all,0.3445131926685572,-0.01111726104909876,-0.03748571449236265,0.016903727415477403,762.482222977313
phi4-mini,gsm8k,simple,all,0.3508788989782334,-0.011207821248673778,-0.03752261781549968,0.016618435438848406,802.9783903649633
phi4-mini,gsm8k,simple,all,0.3572446052879096,-0.011311584416983126,-0.03799313842607351,0.015910518420808383,849.9582815394695
phi4-mini,gsm8k,simple,all,0.3636103115975857,-0.011429367590818144,-0.03763492353696749,0.015437885819714083,903.1065892555148
phi4-mini,gsm8k,simple,all,0.36997601790726187,-0.011561693909084196,-0.03762880036890251,0.014647908974946706,961.048709711204
phi4-mini,gsm8k,simple,all,0.37634172421693807,-0.011708720779483227,-0.037699136097263344,0.014491949120436587,1020.869221542453
phi4-mini,gsm8k,simple,all,0.38270743052661427,-0.011870200972316404,-0.03762759957013767,0.014561933472740434,1077.8229268751263
phi4-mini,gsm8k,simple,all,0.3890731368362904,-0.012045494578281057,-0.03720917839776372,0.014043157595785723,1125.6392669906681
phi4-mini,gsm8k,simple,all,0.39543884314596656,-0.012233643858413565,-0.03759193051061259,0.013248550994045287,1157.7722208061398
phi4-mini,gsm8k,simple,all,0.40180454945564276,-0.012433511740854197,-0.03791517075654054,0.012618795630838038,1169.4327646723293
phi4-mini,gsm8k,simple,all,0.40817025576531896,-0.012643970569363673,-0.03808587096861976,0.012340294338825896,1159.444271262304
phi4-mini,gsm8k,simple,all,0.4145359620749951,-0.012864115124543775,-0.03855441232798228,0.012164715051586594,1130.720285297396
phi4-mini,gsm8k,simple,all,0.42090166838467125,-0.013093467513823828,-0.03869395230287722,0.012684393565054332,1089.0357319139046
phi4-mini,gsm8k,simple,all,0.42726737469434745,-0.013332143722287935,-0.03901523952175532,0.012183194527219787,1040.968346782843
phi4-mini,gsm8k,simple,all,0.43363308100402365,-0.013580961438634121,-0.03931518705035393,0.011603882684481835,992.2017513837955
phi4-mini,gsm8k,simple,all,0.4399987873136998,-0.013841482313475978,-0.04030083580292085,0.012203208798991165,946.7533572361216
phi4-mini,gsm8k,simple,all,0.44636449362337594,-0.014115994284546752,-0.040724745861712985,0.012655869656328785,906.9842622427773
phi4-mini,gsm8k,simple,all,0.45273019993305214,-0.014407447513628043,-0.04122266851881823,0.01259741742740817,873.9888982097249
phi4-mini,gsm8k,simple,all,0.45909590624272834,-0.014719359694027202,-0.04177961489103441,0.012377444388809266,848.0483657765698
phi4-mini,gsm8k,simple,all,0.4654616125524045,-0.015055703981708706,-0.04226802261728576,0.012111398693012589,828.9993715376795
phi4-mini,gsm8k,simple,all,0.4718273188620806,-0.015420787611919727,-0.04237886607178525,0.011848976532001265,816.4864662332816
phi4-mini,gsm8k,simple,all,0.4781930251717568,-0.015819123428429768,-0.04261673921235032,0.011558114748986097,810.1156621090128
phi4-mini,gsm8k,simple,all,0.484558731481433,-0.016255291532731014,-0.042901788096639026,0.011232692823079699,809.5388282872398
phi4-mini,gsm8k,simple,all,0.49092443779110917,-0.01673378483335068,-0.043537949692342266,0.01086626164123138,814.493809816638
phi4-mini,gsm8k,simple,all,0.4972901441007853,-0.017258830734285458,-0.04412982858422368,0.010240310723861612,824.8171190788755
phi4-mini,gsm8k,simple,all,0.5036558504104616,-0.01783418162115071,-0.044963435686636764,0.009606062697705408,840.438795653872
phi4-mini,gsm8k,simple,all,0.5100215567201377,-0.018462869231399948,-0.045547805950226165,0.008778200468914702,861.3635713383666
phi4-mini,gsm8k,simple,all,0.5163872630298139,-0.019146922513923845,-0.046125434748636576,0.007964646650422952,887.6385902459464
phi4-mini,gsm8k,simple,all,0.52275296933949,-0.01988705524425363,-0.04668076888624502,0.007079088701187679,919.3052992568839
phi4-mini,gsm8k,simple,all,0.5291186756491661,-0.02068233830737414,-0.0472319505798812,0.00597904034331506,956.3317747327169
phi4-mini,gsm8k,simple,all,0.5354843819588424,-0.02152988158393267,-0.04776116036000553,0.004929380891403795,998.5223020380555
phi4-mini,gsm8k,simple,all,0.5418500882685185,-0.022424560483654085,-0.048261983701177846,0.003913538444197414,1045.404755323167
phi4-mini,gsm8k,simple,all,0.5482157945781947,-0.023358830261811476,-0.048913652618847524,0.0030324451125550923,1096.1049157571515
phi4-mini,gsm8k,simple,all,0.554581500887871,-0.024322674567496923,-0.049849759630206505,0.0021016641521311107,1149.2313039755322
phi4-mini,gsm8k,simple,all,0.560947207197547,-0.025303730315805826,-0.05067291296951777,0.0010160751617248078,1202.8123101137448
phi4-mini,gsm8k,simple,all,0.5673129135072232,-0.026287616877722114,-0.05192940432105007,-6.013572713102209e-05,1254.3411337652783
phi4-mini,gsm8k,simple,all,0.5736786198168995,-0.02725847364475621,-0.05288202867732901,-0.0011484767671936433,1300.9781083311414
phi4-mini,gsm8k,simple,all,0.5800443261265755,-0.028199679046370666,-0.05379990888849659,-0.002181434393263633,1339.9193203729037
phi4-mini,gsm8k,simple,all,0.5864100324362518,-0.02909469186229391,-0.054528505413117094,-0.003152432694898472,1368.8669946451712
phi4-mini,gsm8k,simple,all,0.5927757387459279,-0.029927929817763547,-0.05565260314009878,-0.004262704302950909,1386.46452244755
phi4-mini,gsm8k,simple,all,0.5991414450556041,-0.030685588212959126,-0.05662073970136547,-0.005383088002925215,1392.5408101438695
phi4-mini,gsm8k,simple,all,0.6055071513652803,-0.031356306945774966,-0.057260515134799087,-0.0062498532072355045,1388.074070098986
phi4-mini,gsm8k,simple,all,0.6118728576749564,-0.03193161717006388,-0.05812990210572854,-0.007116054902553814,1374.902310360289
phi4-mini,gsm8k,simple,all,0.6182385639846326,-0.03240613358119366,-0.05826091774753411,-0.007970189095066284,1355.3031051310843
phi4-mini,gsm8k,simple,all,0.6246042702943089,-0.03277749651094105,-0.05842094545411046,-0.008524063650954317,1331.5865117945823
phi4-mini,gsm8k,simple,all,0.6309699766039849,-0.03304610106688388,-0.05806759619161659,-0.008997940175112186,1305.7989639399718
phi4-mini,gsm8k,simple,all,0.6373356829136612,-0.03321467236721509,-0.058045070457527735,-0.009463922141003096,1279.5675899293904
phi4-mini,gsm8k,simple,all,0.6437013892233373,-0.03328775424018697,-0.05776887474879593,-0.010054705960306666,1254.0633598373404
phi4-mini,gsm8k,simple,all,0.6500670955330135,-0.03327117496933329,-0.057644731441607006,-0.010097653194056162,1230.0406653251036
phi4-mini,gsm8k,simple,all,0.6564328018426897,-0.03317154151402153,-0.05764874999398568,-0.009866567236676112,1207.9129529671582
phi4-mini,gsm8k,simple,all,0.6627985081523657,-0.03299579757639234,-0.05758685584722362,-0.009683564004397538,1187.8359955039336
phi4-mini,gsm8k,simple,all,0.669164214462042,-0.032750864774767,-0.05777984726308382,-0.009204714479371082,1169.7830490086808
phi4-mini,gsm8k,simple,all,0.6755299207717183,-0.03244337258522787,-0.05729297194891996,-0.00912355334847134,1153.6055202287475
phi4-mini,gsm8k,simple,all,0.6818956270813943,-0.03207947281260713,-0.056794940989663374,-0.008282346538635315,1139.0783423124822
phi4-mini,gsm8k,simple,all,0.6882613333910705,-0.03166472824301349,-0.05650512179244101,-0.007764139050186122,1125.9319395867813
phi4-mini,gsm8k,simple,all,0.6946270397007467,-0.03120406223803285,-0.056203988797088676,-0.007730017676832431,1113.8735724923058
phi4-mini,gsm8k,simple,all,0.7009927460104228,-0.03070175550231235,-0.05515603382769044,-0.0074003376342059255,1102.6008526336952
phi4-mini,gsm8k,simple,all,0.7073584523200991,-0.030161477231845542,-0.05519617058640118,-0.006621089125248879,1091.80983947465
phi4-mini,gsm8k,simple,all,0.7137241586297751,-0.029586339613174886,-0.05478688018789741,-0.006074093126582313,1081.1996582980207
phi4-mini,gsm8k,simple,all,0.7200898649394514,-0.028978966671878246,-0.05431383626271016,-0.0054989927628508115,1070.4751405822249
phi4-mini,gsm8k,simple,all,0.7264555712491276,-0.028341570426745986,-0.05393575335949399,-0.004742154405540436,1059.3486238343569
phi4-mini,gsm8k,simple,all,0.7328212775588037,-0.027676029009063248,-0.052827247780533826,-0.003855068413706543,1047.541757169848
phi4-mini,gsm8k,simple,all,0.7391869838684799,-0.02698396277675687,-0.05220325117003403,-0.0028507385143324918,1034.787923041468
phi4-mini,gsm8k,simple,all,0.7455526901781561,-0.026266805481686837,-0.051449772276171805,-0.002037121709115994,1020.8356811686959
phi4-mini,gsm8k,simple,all,0.7519183964878322,-0.025525868264631987,-0.050712784062469485,-0.0014993485681976861,1005.453446365402
phi4-mini,gsm8k,simple,all,0.7582841027975085,-0.024762394704272054,-0.04997578938658829,-0.00018090941540822416,988.4354119243247
phi4-mini,gsm8k,simple,all,0.7646498091071845,-0.023977605386849326,-0.04915595877369391,0.0009978476096614611,969.6085177879637
phi4-mini,gsm8k,simple,all,0.7710155154168608,-0.0231727305437861,-0.04832954050488253,0.002318912784508204,948.8400427379848
phi4-mini,gsm8k,simple,all,0.777381221726537,-0.022349029272144025,-0.047382839581535156,0.0032594228407797766,926.0451899665168
phi4-mini,gsm8k,simple,all,0.783746928036213,-0.021507793748568774,-0.04642858801638049,0.004055808826154236,901.1938652041221
phi4-mini,gsm8k,simple,all,0.7901126343458893,-0.02065033670721062,-0.045654020201131976,0.005214061007834353,874.3157529316629
phi4-mini,gsm8k,simple,all,0.7964783406555654,-0.019777960307758396,-0.04469453360581333,0.006277783152942558,845.5028148067785
phi4-mini,gsm8k,simple,all,0.8028440469652416,-0.018891904399984415,-0.043989999831528334,0.007476591999797346,814.9084886002561
phi4-mini,gsm8k,simple,all,0.8092097532749178,-0.017993272123452263,-0.04320507910920819,0.008762601376667923,782.7431554843581
phi4-mini,gsm8k,simple,errors,0.2999526757001877,0.01710193374844736,-0.0709886296439279,0.11392063220981852,71.21708701574401
phi4-mini,gsm8k,simple,errors,0.30587764889746905,0.017474131101281397,-0.06984323720267098,0.11410629453883325,72.27708594292764
phi4-mini,gsm8k,simple,errors,0.3118026220947504,0.01791310633488986,-0.0689752107408982,0.11432403978811646,73.54997572825032
phi4-mini,gsm8k,simple,errors,0.31772759529203176,0.018428856397587574,-0.06769310238902451,0.11457050044040902,75.07660926480455
phi4-mini,gsm8k,simple,errors,0.3236525684893131,0.019032092598571408,-0.06620992447945895,0.11423609864828177,76.90426175328422
phi4-mini,gsm8k,simple,errors,0.3295775416865945,0.01973395691377719,-0.06553824836815043,0.1137542220218432,79.08656840700675
phi4-mini,gsm8k,simple,errors,0.33550251488387584,0.02054557788971539,-0.0638435610469472,0.11316839129994748,81.68250917087923
phi4-mini,gsm8k,simple,errors,0.3414274880811572,0.02147743201232564,-0.061643750224938225,0.11342704272782159,84.75366279679093
phi4-mini,gsm8k,simple,errors,0.34735246127843855,0.022538485748847724,-0.059808657443839196,0.1126095861417405,88.35852052091154
phi4-mini,gsm8k,simple,errors,0.3532774344757199,0.023735114023304856,-0.0584466986087195,0.11179388500233678,92.54213152124542
phi4-mini,gsm8k,simple,errors,0.35920240767300127,0.02506982544939569,-0.05693272013773222,0.11291753068139046,97.318956513889
phi4-mini,gsm8k,simple,errors,0.3651273808702826,0.026539873522700794,-0.055454112791036715,0.11399424757089308,102.64710576199548
phi4-mini,gsm8k,simple,errors,0.371052354067564,0.02813589164041435,-0.0527128795025672,0.11447388180479863,108.39429894463845
phi4-mini,gsm8k,simple,errors,0.37697732726484534,0.02984074687051782,-0.049431877161842,0.11516949152612903,114.30156109804533
phi4-mini,gsm8k,simple,errors,0.38290230046212675,0.03162884437185324,-0.047813209711491264,0.11603961935249772,119.96065017273418
phi4-mini,gsm8k,simple,errors,0.3888272736594081,0.033466109251096825,-0.045124230207295626,0.11659630328064197,124.83183309185475
phi4-mini,gsm8k,simple,errors,0.39475224685668947,0.03531080787587248,-0.044559413296646574,0.11802371189246884,128.32788459933192
phi4-mini,gsm8k,simple,errors,0.40067722005397083,0.03711524386368829,-0.04249795631099985,0.11968188059053853,129.96258407096536
phi4-mini,gsm8k,simple,errors,0.4066021932512522,0.03882819611920223,-0.04129792121487799,0.12178388271285483,129.51083480011303
phi4-mini,gsm8k,simple,errors,0.41252716644853354,0.040397800801664024,-0.04026114992129299,0.12302764337096042,127.09427133620792
phi4-mini,gsm8k,simple,errors,0.4184521396458149,0.04177446833765583,-0.03936894892781233,0.1249336907430335,123.13826605254425
phi4-mini,gsm8k,simple,errors,0.42437711284309626,0.042913410138625,-0.03868715854644521,0.1263851645535343,118.22801370598263
phi4-mini,gsm8k,simple,errors,0.4303020860403776,0.043776435546793585,-0.03812464029232416,0.12654308645516754,112.94716468037534
phi4-mini,gsm8k,simple,errors,0.436227059237659,0.04433283965754295,-0.037709714638182255,0.12858971599168603,107.76873386428242
phi4-mini,gsm8k,simple,errors,0.44215203243494033,0.044559385831056814,-0.03702323288670354,0.12940519335802952,103.01662604686923
phi4-mini,gsm8k,simple,errors,0.4480770056322217,0.044439541092199684,-0.038458279642047,0.129637466567828,98.87790791799368
phi4-mini,gsm8k,simple,errors,0.45400197882950305,0.043962215238607126,-0.039815897081397184,0.1293728922332368,95.43719835952753
phi4-mini,gsm8k,simple,errors,0.45992695202678446,0.043120278561841044,-0.042231982745240496,0.12752175051973608,92.71303777140777
phi4-mini,gsm8k,simple,errors,0.4658519252240658,0.041909103028624425,-0.042607388394211965,0.12554061028843863,90.68714457486274
phi4-mini,gsm8k,simple,errors,0.4717768984213472,0.04032531166744939,-0.043942538317823576,0.12226810853233938,89.32471510985805
phi4-mini,gsm8k,simple,errors,0.47770187161862854,0.038365853712900445,-0.04552319717581047,0.12053973470721423,88.5871221685227
phi4-mini,gsm8k,simple,errors,0.4836268448159099,0.036027464338777564,-0.04734644695297889,0.1183174778998645,88.43913521263266
phi4-mini,gsm8k,simple,errors,0.48955181801319125,0.03330652442179119,-0.049090913844650655,0.11537545860902342,88.85251597909121
phi4-mini,gsm8k,simple,errors,0.4954767912104726,0.0301993076978681,-0.05175264207101162,0.11233637547801793,89.80729850809344
phi4-mini,gsm8k,simple,errors,0.501401764407754,0.02670258586657861,-0.05468771446055304,0.10710358483174344,91.29155149065645
phi4-mini,gsm8k,simple,errors,0.5073267376050353,0.022814551172560423,-0.05728880822887698,0.10190072139110495,93.30002547150409
phi4-mini,gsm8k,simple,errors,0.5132517108023167,0.018536005548661912,-0.05978049353095528,0.09444663499122449,95.83180487934924
phi4-mini,gsm8k,simple,errors,0.519176683999598,0.013871751666052909,-0.06244093813811952,0.0878851885499965,98.88689557410865
phi4-mini,gsm8k,simple,errors,0.5251016571968794,0.008832102220280873,-0.06522339629959821,0.08118929705294076,102.46157608898879
phi4-mini,gsm8k,simple,errors,0.5310266303941608,0.003434399774600921,-0.06853773011082341,0.07421022812739507,106.54234394110443
phi4-mini,gsm8k,simple,errors,0.5369516035914421,-0.0022955867197056775,-0.07250010622384677,0.06761844222612695,111.09844507738535
phi4-mini,gsm8k,simple,errors,0.5428765767887235,-0.00832254567609645,-0.07868276304264017,0.06030532741246572,116.07335215172851
phi4-mini,gsm8k,simple,errors,0.5488015499860048,-0.014600956385358684,-0.08191544488517957,0.054059013673441715,121.37620832636524
phi4-mini,gsm8k,simple,errors,0.5547265231832862,-0.02107503548851414,-0.08752348261601305,0.045395865707808805,126.87514018149915
phi4-mini,gsm8k,simple,errors,0.5606514963805675,-0.027679427357483702,-0.09503440372148284,0.036545400040066074,132.39522857667754
phi4-mini,gsm8k,simple,errors,0.5665764695778489,-0.03434070776026472,-0.10235312721985551,0.028754433818261142,137.72429042565568
phi4-mini,gsm8k,simple,errors,0.5725014427751303,-0.04097968229831874,-0.10811351084555937,0.020777775256012262,142.6287579302447
phi4-mini,gsm8k,simple,errors,0.5784264159724116,-0.04751435763516107,-0.1122939488433045,0.014425038521900243,146.87936361485183
phi4-mini,gsm8k,simple,errors,0.584351389169693,-0.053863362118088946,-0.1205522281240837,0.00695508296715244,150.2824586452555
phi4-mini,gsm8k,simple,errors,0.5902763623669743,-0.059949514005886294,-0.12698880571955698,-0.00039227715068460847,152.70927372900772
phi4-mini,gsm8k,simple,errors,0.5962013355642557,-0.0657031988731677,-0.13253966693345495,-0.006074870247305752,154.11454208020703
phi4-mini,gsm8k,simple,errors,0.602126308761537,-0.07106523346172795,-0.13746528682571052,-0.011696631388775181,154.5388555569141
phi4-mini,gsm8k,simple,errors,0.6080512819588184,-0.07598895992598388,-0.14184532701639058,-0.01882640834587058,154.0947667309042
phi4-mini,gsm8k,simple,errors,0.6139762551560998,-0.08044141865730277,-0.14639661607947793,-0.02354568570923586,152.9420113304509
phi4-mini,gsm8k,simple,errors,0.6199012283533811,-0.08440356805663016,-0.14914473800738157,-0.026444874995232796,151.2596726272224
phi4-mini,gsm8k,simple,errors,0.6258262015506626,-0.08786963225651973,-0.1523102069894348,-0.029432150508410138,149.22209466749692
phi4-mini,gsm8k,simple,errors,0.6317511747479438,-0.0908457438174297,-0.15723451709707603,-0.031883125485065944,146.9822910190208
phi4-mini,gsm8k,simple,errors,0.6376761479452253,-0.09334809737318894,-0.1593022067732624,-0.03429770079017151,144.6634252618397
phi4-mini,gsm8k,simple,errors,0.6436011211425066,-0.0954008411342086,-0.1617900776074821,-0.03461441842372224,142.35686865936378
phi4-mini,gsm8k,simple,errors,0.649526094339788,-0.09703391275220065,-0.16394436062348164,-0.036197423886789176,140.12457776151265
phi4-mini,gsm8k,simple,errors,0.6554510675370693,-0.09828098516353805,-0.16683734402892206,-0.03812013118802351,138.00368790572807
phi4-mini,gsm8k,simple,errors,0.6613760407343507,-0.09917763817432189,-0.16707069820615258,-0.03793802957925575,136.01177967488798
phi4-mini,gsm8k,simple,errors,0.667301013931632,-0.09975982232563668,-0.16844967064369024,-0.039101270957062506,134.15188225982774
phi4-mini,gsm8k,simple,errors,0.6732259871289135,-0.10006263940630451,-0.16971441914574525,-0.03942067296223359,132.41675851941633
phi4-mini,gsm8k,simple,errors,0.6791509603261947,-0.10011943201654533,-0.17056012128363635,-0.0391298798017693,130.79233273019193
phi4-mini,gsm8k,simple,errors,0.6850759335234762,-0.09996115334688524,-0.17106179126867713,-0.03743295077190945,129.2602990389011
phi4-mini,gsm8k,simple,errors,0.6910009067207574,-0.0996159766200426,-0.17124616105337803,-0.03599124920405628,127.80002954700633
phi4-mini,gsm8k,simple,errors,0.6969258799180389,-0.09910909939968067,-0.17129726356830052,-0.03551212641338112,126.38992436204636
phi4-mini,gsm8k,simple,errors,0.7028508531153201,-0.09846269896281747,-0.1710446052770231,-0.03413562410936091,125.00833938574185
phi4-mini,gsm8k,simple,errors,0.7087758263126016,-0.09769599914844952,-0.1706523086421373,-0.03248042831490366,123.63420815799245
phi4-mini,gsm8k,simple,errors,0.7147007995098829,-0.09682541493412497,-0.17075546754246151,-0.031104882016828074,122.24745118328264
phi4-mini,gsm8k,simple,errors,0.7206257727071643,-0.09586474731024548,-0.17076371971791784,-0.029969847575313017,120.829244425594
phi4-mini,gsm8k,simple,errors,0.7265507459044456,-0.09482540708228243,-0.1706493978027007,-0.028604675033768946,119.3621998921751
phi4-mini,gsm8k,simple,errors,0.732475719101727,-0.09371665162056643,-0.1700529846052374,-0.02695024965780815,117.83049582662743
phi4-mini,gsm8k,simple,errors,0.7384006922990083,-0.0925458231148423,-0.16941326180454985,-0.024997193589510316,116.21998174304447
phi4-mini,gsm8k,simple,errors,0.7443256654962898,-0.09131858054757012,-0.16817495453072465,-0.022393616157186092,114.51827387831277
phi4-mini,gsm8k,simple,errors,0.7502506386935711,-0.09003912043679198,-0.16737376070504312,-0.019753860951285274,112.71484912851326
phi4-mini,gsm8k,simple,errors,0.7561756118908525,-0.08871038352186225,-0.16659315992861035,-0.017036095362818096,110.80113975270012
phi4-mini,gsm8k,simple,errors,0.7621005850881338,-0.08733424609438013,-0.1667423886768676,-0.01426790061475601,108.77062676070598
phi4-mini,gsm8k,simple,errors,0.7680255582854152,-0.08591169573075469,-0.16579323339302668,-0.011779908450777013,106.618926736191
phi4-mini,gsm8k,simple,errors,0.7739505314826965,-0.084442991868664,-0.16468582130507936,-0.009887583672585855,104.34386474559935
phi4-mini,gsm8k,simple,correct,0.2999542367458343,-0.014426240283431634,-0.045494298177250515,0.014478334616180186,543.8169393878703
phi4-mini,gsm8k,simple,correct,0.3063552983701229,-0.014508862209166327,-0.04562010357262651,0.014213894346249435,553.7390347393845
phi4-mini,gsm8k,simple,correct,0.3127563599944114,-0.014607302146242706,-0.045505071345167035,0.013897171674562833,565.8345800505291
phi4-mini,gsm8k,simple,correct,0.3191574216187,-0.014724096848199371,-0.04548682923484548,0.01351932022772485,580.5577214893752
phi4-mini,gsm8k,simple,correct,0.32555848324298853,-0.014861970185966421,-0.04539499123283455,0.013369259744264967,598.4383534461687
phi4-mini,gsm8k,simple,correct,0.3319595448672771,-0.015023747928454702,-0.04546066252668287,0.01323898641112616,620.0782030834248
phi4-mini,gsm8k,simple,correct,0.33836060649156563,-0.01521222483362917,-0.04514481256484823,0.013086664763119796,646.1301515019926
phi4-mini,gsm8k,simple,correct,0.34476166811585424,-0.015429976406363313,-0.04497864338042904,0.012333951083558248,677.2465085735485
phi4-mini,gsm8k,simple,correct,0.3511627297401428,-0.015679113368894684,-0.04477800112716682,0.011999511093558126,713.9742553948264
phi4-mini,gsm8k,simple,correct,0.35756379136443134,-0.015960987043813463,-0.04463388770874317,0.01165574031932511,756.5679511587186
phi4-mini,gsm8k,simple,correct,0.3639648529887199,-0.01627586856656409,-0.04443079168379119,0.011263279032121484,804.6920610640548
phi4-mini,gsm8k,simple,correct,0.37036591461300844,-0.016622642395899234,-0.04447345549603167,0.010268571386861776,857.0122241895282
phi4-mini,gsm8k,simple,correct,0.376766976237297,-0.016998570675512695,-0.04496037808123783,0.009246292967374904,910.7575449059923
phi4-mini,gsm8k,simple,correct,0.38316803786158554,-0.017399192907708368,-0.04445486529717659,0.009168912179570912,961.4863564779357
phi4-mini,gsm8k,simple,correct,0.3895690994858741,-0.017818417849049483,-0.04412566626030188,0.008642509811115704,1003.4341888997203
phi4-mini,gsm8k,simple,correct,0.3959701611101627,-0.01824883726817975,-0.04447929099771789,0.00741440602340436,1030.7446121786954
phi4-mini,gsm8k,simple,correct,0.40237122273445125,-0.018682246951590546,-0.044897237398819914,0.006980392402966851,1039.3615845089766
phi4-mini,gsm8k,simple,correct,0.4087722843587398,-0.019110310471295657,-0.0455253397374974,0.006491157827612271,1028.6346498576886
phi4-mini,gsm8k,simple,correct,0.41517334598302835,-0.019525262648421818,-0.046091340576320826,0.007083723456187272,1001.570543434537
phi4-mini,gsm8k,simple,correct,0.4215744076073169,-0.019920537359230484,-0.0468466685488569,0.007177198307204864,963.5653841021286
phi4-mini,gsm8k,simple,correct,0.42797546923160545,-0.02029122360649235,-0.04759992676769756,0.0073156056239987435,920.5166212105087
phi4-mini,gsm8k,simple,correct,0.434376530855894,-0.020634297142569435,-0.04809974356162904,0.007051582578006115,877.3726458303272
phi4-mini,gsm8k,simple,correct,0.44077759248018256,-0.020948626126675626,-0.04887064742151469,0.007100934031621497,837.541198867435
phi4-mini,gsm8k,simple,correct,0.4471786541044711,-0.021234791528051265,-0.049407837352545544,0.007112707263868739,802.9674080661463
phi4-mini,gsm8k,simple,correct,0.45357971572875966,-0.02149478607054275,-0.04983587106642364,0.006710940229461237,774.5099416261764
phi4-mini,gsm8k,simple,correct,0.4599807773530482,-0.02173165828670774,-0.05058650143849116,0.006676874911156536,752.3469516417172
phi4-mini,gsm8k,simple,correct,0.46638183897733676,-0.02194915625629579,-0.050849570955310654,0.006981980869152826,736.2955934499761
phi4-mini,gsm8k,simple,correct,0.4727829006016253,-0.022151406796408382,-0.050946391140622195,0.0068805206984730366,726.0258126890152
phi4-mini,gsm8k,simple,correct,0.47918396222591386,-0.02234264704264512,-0.051076900374484105,0.006701907769264748,721.1882646703733
phi4-mini,gsm8k,simple,correct,0.4855850238502024,-0.02252701054103675,-0.05124557151961661,0.006404470507528878,721.4832243847114
phi4-mini,gsm8k,simple,correct,0.491986085474491,-0.02270836051734802,-0.05154666926744806,0.006017970027939479,726.6921897598685
phi4-mini,gsm8k,simple,correct,0.49838714709877957,-0.022890158511406338,-0.05178678428711373,0.005743273307515969,736.6863989870476
phi4-mini,gsm8k,simple,correct,0.5047882087230682,-0.023075355909516426,-0.0520406668013686,0.005319167275062141,751.4200730466956
phi4-mini,gsm8k,simple,correct,0.5111892703473566,-0.02326629785579342,-0.05231739589486356,0.004927776309912968,770.9114371169179
phi4-mini,gsm8k,simple,correct,0.5175903319716453,-0.023464632598775195,-0.052223387738885005,0.004254064036847,795.21119535418
phi4-mini,gsm8k,simple,correct,0.5239913935959338,-0.023671223849135812,-0.05185624972460202,0.0037339327601126726,824.3558665454835
phi4-mini,gsm8k,simple,correct,0.5303924552202224,-0.023886068683383412,-0.05226890996164646,0.0036326017173506624,858.3023477551002
phi4-mini,gsm8k,simple,correct,0.5367935168445109,-0.024108228435629906,-0.05237246288396019,0.0036181302727943355,896.8409535107302
phi4-mini,gsm8k,simple,correct,0.5431945784687995,-0.024335784249585195,-0.052194775494816416,0.0030958088164193655,939.4883093661751
phi4-mini,gsm8k,simple,correct,0.549595640093088,-0.024565831691630444,-0.052465171075475804,0.002374192469126588,985.3704886973065
phi4-mini,gsm8k,simple,correct,0.5559967017173766,-0.024794529100011137,-0.05312503780859469,0.0022333965453936724,1033.1213619861032
phi4-mini,gsm8k,simple,correct,0.5623977633416651,-0.025017211316864036,-0.052730468169633816,0.0017189509970981496,1080.8385138326628
phi4-mini,gsm8k,simple,correct,0.5687988249659537,-0.025228573747093013,-0.05245489541980882,0.0011946299984856572,1126.1500787510797
phi4-mini,gsm8k,simple,correct,0.5751998865902422,-0.025422921808342457,-0.05283476707167225,0.0011378200349556533,1166.4349686126955
phi4-mini,gsm8k,simple,correct,0.5816009482145308,-0.025594469366313693,-0.052323953375925485,0.0012463439634932448,1199.1932147785942
phi4-mini,gsm8k,simple,correct,0.5880020098388193,-0.025737659209284582,-0.05211782519346629,0.0007339092087864185,1222.489637805292
phi4-mini,gsm8k,simple,correct,0.5944030714631079,-0.025847471839297188,-0.052146768406715276,0.0004090256879089845,1235.3313195417147
phi4-mini,gsm8k,simple,correct,0.6008041330873964,-0.025919688058210422,-0.05190060035531242,0.0006305904741019466,1237.8385817733492
phi4-mini,gsm8k,simple,correct,0.607205194711685,-0.02595107671580577,-0.051497861616905324,-0.000195047164285825,1231.1476324084117
phi4-mini,gsm8k,simple,correct,0.6136062563359737,-0.025939490380258504,-0.05160058085602594,-0.0009956525425225105,1217.0967859757973
phi4-mini,gsm8k,simple,correct,0.6200073179602621,-0.025883865843262577,-0.052087546244221905,-0.0011337739679425467,1197.82492409287
phi4-mini,gsm8k,simple,correct,0.6264083795845508,-0.025784139917306735,-0.05147779102869175,-0.001063023429551883,1175.41241092209
phi4-mini,gsm8k,simple,correct,0.6328094412088392,-0.025641101054580638,-0.05093273279504777,-0.0008907665658916975,1151.6404258407072
phi4-mini,gsm8k,simple,correct,0.6392105028331279,-0.025456202358618205,-0.05105177522573201,-0.0011317565873124736,1127.88077174874
phi4-mini,gsm8k,simple,correct,0.6456115644574163,-0.025231361542545867,-0.05066931536676903,-0.0017459099403792915,1105.0871119921421
phi4-mini,gsm8k,simple,correct,0.652012626081705,-0.024968769475311223,-0.05009823569373955,-0.0016697962666471008,1083.8460952909436
phi4-mini,gsm8k,simple,correct,0.6584136877059934,-0.024670722877406993,-0.04959204034603517,-0.0008221825451129087,1064.452825709107
phi4-mini,gsm8k,simple,correct,0.6648147493302821,-0.024339490160842987,-0.049623663628959855,1.56960152481082e-05,1046.9875481824408
phi4-mini,gsm8k,simple,correct,0.6712158109545705,-0.023977213592584715,-0.048598553170738294,0.0005969527640203938,1031.3818241352124
phi4-mini,gsm8k,simple,correct,0.6776168725788592,-0.023585846561296496,-0.04824748544735561,0.0010901609266151192,1017.4702632093405
phi4-mini,gsm8k,simple,correct,0.6840179342031477,-0.02316712190493099,-0.04782392577165012,0.0018003383462660608,1005.0281868795514
phi4-mini,gsm8k,simple,correct,0.6904189958274363,-0.022722545834084173,-0.04766427174427629,0.001816315547617464,993.7974788975708
phi4-mini,gsm8k,simple,correct,0.6968200574517248,-0.022253411621681592,-0.04731902653651203,0.0017525486658392948,983.5033632780852
phi4-mini,gsm8k,simple,correct,0.7032211190760134,-0.02176082755195281,-0.046856613950400056,0.0018132064791986106,973.8646717060521
phi4-mini,gsm8k,simple,correct,0.7096221807003019,-0.02124575430844224,-0.04650123893726219,0.0021277415580771876,964.5997435010432
phi4-mini,gsm8k,simple,correct,0.7160232423245905,-0.020709047791505827,-0.04585435671334516,0.0032352427485067502,955.4296539309373
phi4-mini,gsm8k,simple,correct,0.722424303948879,-0.02015150413347451,-0.04538726330142044,0.0034777473023530365,946.0800759012699
phi4-mini,gsm8k,simple,correct,0.7288253655731676,-0.0195739043370455,-0.04491238238218384,0.003740303867391619,936.2827651131519
phi4-mini,gsm8k,simple,correct,0.7352264271974561,-0.018977056462682648,-0.044402445972613586,0.004531766587770933,925.7774083974801
phi4-mini,gsm8k,simple,correct,0.7416274888217447,-0.018361833629800546,-0.043854393243935925,0.004787099973479394,914.3143661390499
phi4-mini,gsm8k,simple,correct,0.7480285504460333,-0.017729206289076448,-0.04321508614411947,0.005935018934541623,901.6586476102959
phi4-mini,gsm8k,simple,correct,0.7544296120703218,-0.01708026729340749,-0.04249894668201548,0.007106956537044565,887.5952613633794
phi4-mini,gsm8k,simple,correct,0.7608306736946104,-0.016416248270135825,-0.04161215336125155,0.007689334690323266,871.9358680493586
phi4-mini,gsm8k,simple,correct,0.7672317353188989,-0.015738525704579932,-0.040729678398991935,0.00818274371949508,854.5264280744606
phi4-mini,gsm8k,simple,correct,0.7736327969431875,-0.015048615010646327,-0.04030047769543157,0.008696184734700813,835.2552938181875
phi4-mini,gsm8k,simple,correct,0.780033858567476,-0.014348150712614983,-0.03971658401786457,0.009489458802395578,814.0609737385801
phi4-mini,gsm8k,simple,correct,0.7864349201917646,-0.01363885071578111,-0.039125852963621664,0.010152829288766648,790.9386344871414
phi4-mini,gsm8k,simple,correct,0.7928359818160531,-0.012922462524087412,-0.03835161287125148,0.011193236191447648,765.9443531877959
phi4-mini,gsm8k,simple,correct,0.7992370434403417,-0.01220068919126148,-0.03794721551692896,0.01203634101153297,739.1962238335293
phi4-mini,gsm8k,simple,correct,0.8056381050646303,-0.011475092789588628,-0.03767271312790809,0.013053541478247084,710.8716754713571
phi4-mini,gsm8k,simple,correct,0.8120391666889188,-0.010746973269810422,-0.03740626239543334,0.014011940223454205,681.2007571228957
phi4-mini,logiqa2,complex,all,0.2998984605073929,-0.017669990525654936,-0.05037840712521763,0.01371859162656396,879.3702151696683
phi4-mini,logiqa2,complex,all,0.3074987005069852,-0.017425586827944393,-0.05046187089694702,0.013462165098095155,909.3372952604523
phi4-mini,logiqa2,complex,all,0.3150989405065775,-0.01709318660196467,-0.04976012778359789,0.013221111329924916,946.2794308334369
phi4-mini,logiqa2,complex,all,0.3226991805061698,-0.016654126912482265,-0.04883114353437351,0.01362738678267196,991.7191784185417
phi4-mini,logiqa2,complex,all,0.3302994205057621,-0.016088823177463837,-0.048068281106136604,0.013556116503960521,1047.3523328261697
phi4-mini,logiqa2,complex,all,0.3378996605053544,-0.01537814063140514,-0.04722477086389007,0.014387417659515666,1114.9032068598665
phi4-mini,logiqa2,complex,all,0.3454999005049467,-0.01450536589633252,-0.04617800965277277,0.015430705360803364,1195.8067797417718
phi4-mini,logiqa2,complex,all,0.35310014050453903,-0.013458712648863265,-0.0449663371667078,0.016412257483257153,1290.6229758690963
phi4-mini,logiqa2,complex,all,0.36070038050413133,-0.012234105661941351,-0.04333764867936821,0.01738892643041463,1398.1218361449862
phi4-mini,logiqa2,complex,all,0.36830062050372364,-0.010837765394484786,-0.04172377887256445,0.019023330919829336,1514.1505271114368
phi4-mini,logiqa2,complex,all,0.37590086050331595,-0.009287942886798439,-0.04041977319610033,0.02028924741481006,1630.7808882353343
phi4-mini,logiqa2,complex,all,0.38350110050290825,-0.0076151449734529935,-0.03862674970840222,0.02171728111707374,1736.6980818272327
phi4-mini,logiqa2,complex,all,0.39110134050250056,-0.0058604297673666116,-0.03691926893562457,0.023234924003341626,1819.7111665372984
phi4-mini,logiqa2,complex,all,0.3987015805020928,-0.004071826637447853,-0.03489899829420477,0.02501195840860843,1870.9453259436507
phi4-mini,logiqa2,complex,all,0.4063018205016852,-0.0022994885335100254,-0.033488445963324454,0.02641897597214152,1888.3768880447778
phi4-mini,logiqa2,complex,all,0.4139020605012774,-0.0005905798675234192,-0.03199330922837502,0.028086585328276854,1877.219197873683
phi4-mini,logiqa2,complex,all,0.4215023005008698,0.0010150442534694773,-0.03131068372799724,0.02966734799720291,1847.088222645594
phi4-mini,logiqa2,complex,all,0.42910254050046204,0.0024876155353128985,-0.030296408565054233,0.03126203472030107,1808.21821874446
phi4-mini,logiqa2,complex,all,0.4367027805000544,0.003808434824072787,-0.029699991401732715,0.03280285335845242,1768.8773363213452
phi4-mini,logiqa2,complex,all,0.44430302049964665,0.004969279055589244,-0.028436175205992377,0.034067589946708124,1734.519953788916
phi4-mini,logiqa2,complex,all,0.451903260499239,0.005970737199070985,-0.027678144045045372,0.035183879969900175,1708.0852491674045
phi4-mini,logiqa2,complex,all,0.45950350049883126,0.006820041607292321,-0.027151756384185367,0.035785964832821204,1690.7038486178828
phi4-mini,logiqa2,complex,all,0.4671037404984236,0.007528861663831481,-0.026394070094593707,0.036557935032834735,1682.3736820605382
phi4-mini,logiqa2,complex,all,0.4747039804980159,0.008111358522226995,-0.0256598335380954,0.03695298047738066,1682.4529023593682
phi4-mini,logiqa2,complex,all,0.4823042204976082,0.008582637488138497,-0.02496438495096002,0.03754359073033489,1689.9673198210724
phi4-mini,logiqa2,complex,all,0.4899044604972005,0.008957615928390047,-0.02429859686805857,0.0378764300287382,1703.7785208980831
phi4-mini,logiqa2,complex,all,0.4975047004967928,0.009250256403927563,-0.023578248376933786,0.03781806413647726,1722.661481098633
phi4-mini,logiqa2,complex,all,0.5051049404963851,0.009473087229218385,-0.023032597580401885,0.03783173252774612,1745.3295620880133
phi4-mini,logiqa2,complex,all,0.5127051804959775,0.009636931327158538,-0.02232149405172973,0.03782208465900244,1770.4335543826612
phi4-mini,logiqa2,complex,all,0.5203054204955697,0.00975077637543996,-0.021839953178200686,0.03805138384538138,1796.5533859675775
phi4-mini,logiqa2,complex,all,0.527905660495162,0.00982173611044844,-0.0218116324991353,0.038578137067487174,1822.1960177615122
phi4-mini,logiqa2,complex,all,0.5355059004947543,0.009855069282290057,-0.021372075192251875,0.038842864777606456,1845.8095683650627
phi4-mini,logiqa2,complex,all,0.5431061404943467,0.009854236800336575,-0.021496618671286855,0.0385755450180353,1865.8204414630407
phi4-mini,logiqa2,complex,all,0.5507063804939389,0.009820988298014961,-0.021627152331593888,0.038797016117959715,1880.6960740047093
phi4-mini,logiqa2,complex,all,0.5583066204935312,0.00975547668498436,-0.021307096406633606,0.039086437259784716,1889.030415978994
phi4-mini,logiqa2,complex,all,0.5659068604931236,0.009656403569359111,-0.021922513605185365,0.039333318377284474,1889.6428510942462
phi4-mini,logiqa2,complex,all,0.5735071004927159,0.009521200144956153,-0.022083626037589354,0.03909615626945337,1881.6754449478397
phi4-mini,logiqa2,complex,all,0.5811073404923082,0.009346247698549973,-0.022244243351297394,0.03863790387401526,1864.6702803135186
phi4-mini,logiqa2,complex,all,0.5887075804919004,0.009127139781247684,-0.021707605177399777,0.03902520496411965,1838.6100597143834
phi4-mini,logiqa2,complex,all,0.5963078204914928,0.008858984844844214,-0.02248113139035944,0.03923209573342128,1803.9115967826929
phi4-mini,logiqa2,complex,all,0.6039080604910851,0.008536744375798606,-0.022913547500182683,0.039030261656237714,1761.371738370842
phi4-mini,logiqa2,complex,all,0.6115083004906774,0.008155597922568042,-0.0231951992971305,0.038889447358494623,1712.0755130541925
phi4-mini,logiqa2,complex,all,0.6191085404902696,0.007711323556497397,-0.023821278332914298,0.03913637927575,1657.2835192661096
phi4-mini,logiqa2,complex,all,0.626708780489862,0.007200680796153087,-0.025765620261210678,0.038894511282233556,1598.3177087636993
phi4-mini,logiqa2,complex,all,0.6343090204894544,0.006621783252807676,-0.02629978284166565,0.0382305779141778,1536.4618585670387
phi4-mini,logiqa2,complex,all,0.6419092604890466,0.005974450376603909,-0.02656775050866842,0.03779111723703336,1472.8869669235269
phi4-mini,logiqa2,complex,all,0.6495095004886389,0.005260531589642268,-0.026538324311585898,0.03737209144913863,1408.6049958336334
phi4-mini,logiqa2,complex,all,0.6571097404882312,0.00448420142813222,-0.02738855889350014,0.03711594872237964,1344.44879117745
phi4-mini,logiqa2,complex,all,0.6647099804878235,0.0036522305370520762,-0.02903240378746064,0.037246851435779584,1281.0726085166116
phi4-mini,logiqa2,complex,all,0.6723102204874158,0.002774243814961907,-0.03080301393032759,0.036486520759778616,1218.9664664822867
phi4-mini,logiqa2,complex,all,0.6799104604870081,0.001862983005865783,-0.032489802126415376,0.0363117944544044,1158.4779735691254
phi4-mini,logiqa2,complex,all,0.6875107004866003,0.0009345958973422935,-0.034318504451341506,0.03624844856231031,1099.8365996232671
phi4-mini,logiqa2,complex,all,0.6951109404861927,8.97732356720869e-06,-0.03660785102560638,0.03573910158948783,1043.176972436765
phi4-mini,logiqa2,complex,all,0.7027111804857851,-0.0008898123693012557,-0.0376766752950744,0.034853554631764865,988.559271428767
phi4-mini,logiqa2,complex,all,0.7103114204853773,-0.001733028806902312,-0.039907879939175564,0.034646564346205506,935.9859718173573
phi4-mini,logiqa2,complex,all,0.7179116604849696,-0.002486610310081673,-0.04137946381153801,0.03549934353733786,885.4150217906584
phi4-mini,logiqa2,complex,all,0.7255119004845619,-0.003110429583415865,-0.04247972775984265,0.035267556653612,836.7700556762109
phi4-mini,logiqa2,complex,all,0.7331121404841543,-0.0035574533367156167,-0.04384912212973729,0.03508418386567464,789.9485360927557
phi4-mini,logiqa2,complex,all,0.7407123804837465,-0.0037728674498227984,-0.04569831020669205,0.03530350958728247,744.8288547068618
phi4-mini,logiqa2,complex,all,0.7483126204833388,-0.003693273723043427,-0.0471488058638885,0.03642768452093004,701.2774574024887
phi4-mini,logiqa2,complex,all,0.7559128604829312,-0.0032461275019120502,-0.04756800958564437,0.03903048611377237,659.1570080175287
phi4-mini,logiqa2,complex,all,0.7635131004825235,-0.0023496611608068477,-0.047047726924511805,0.04075959012979023,618.3364277293514
phi4-mini,logiqa2,complex,all,0.7711133404821158,-0.0009136178289128538,-0.0481720317595065,0.04309405108006602,578.703258889558
phi4-mini,logiqa2,complex,all,0.778713580481708,0.0011588158838867157,-0.04801727783379728,0.046526075628367955,540.1780967489544
phi4-mini,logiqa2,complex,all,0.7863138204813004,0.003967471654779783,-0.04634730245821775,0.051508288562894154,502.72975693845063
phi4-mini,logiqa2,complex,all,0.7939140604808927,0.0076097219565201026,-0.045881765944147224,0.05717670588869223,466.3885212060441
phi4-mini,logiqa2,complex,all,0.801514300480485,0.012172940697340724,-0.04342510429683317,0.06413670114857657,431.2536446617175
phi4-mini,logiqa2,complex,all,0.8091145404800772,0.01772516087327158,-0.039492162934582575,0.07050913273967195,397.4910251303998
phi4-mini,logiqa2,complex,all,0.8167147804796696,0.02430472455374597,-0.03672893968704581,0.07981269719039544,365.3182584748318
phi4-mini,logiqa2,complex,all,0.8243150204792619,0.031910316387639186,-0.03259614500281999,0.0905073444745242,334.9774243201183
phi4-mini,logiqa2,complex,all,0.8319152604788542,0.04049324041114637,-0.026187834253830075,0.10158189810553987,306.700010812841
phi4-mini,logiqa2,complex,all,0.8395155004784465,0.04995390250058116,-0.01892320263207003,0.11580306091426235,280.6716036231023
phi4-mini,logiqa2,complex,all,0.8471157404780388,0.06014400685575069,-0.009620673482635107,0.1272465118334016,257.0045710627845
phi4-mini,logiqa2,complex,all,0.8547159804776311,0.07087495039955967,-0.0010129331051442743,0.14196918539161898,235.72447793629135
phi4-mini,logiqa2,complex,all,0.8623162204772234,0.08193154271285781,0.007225555777461658,0.15332219578742687,216.77156343666235
phi4-mini,logiqa2,complex,all,0.8699164604768157,0.0930889283453177,0.016592373889988677,0.17062925339344293,200.0144199397464
phi4-mini,logiqa2,complex,all,0.8775167004764081,0.10412989012312014,0.02433244766258896,0.18553821299487094,185.2706399302094
phi4-mini,logiqa2,complex,all,0.8851169404760003,0.11485980185313287,0.03239488566653636,0.19847867006353176,172.32903622169584
phi4-mini,logiqa2,complex,all,0.8927171804755927,0.12511728873574818,0.03912182155339048,0.2106056227459206,160.9694093296573
phi4-mini,logiqa2,complex,all,0.9003174204751849,0.13477980051609328,0.047170887790861045,0.22356121310784458,150.9777192375195
phi4-mini,logiqa2,complex,all,0.9079176604747773,0.14376439682661468,0.053011532121825924,0.23454854722593824,142.15615045222535
phi4-mini,logiqa2,complex,errors,0.2999091327190399,-0.01426853900050557,-0.05519513991471813,0.03130238107414291,488.40304489276866
phi4-mini,logiqa2,complex,errors,0.3078924107402563,-0.014663527705643543,-0.05517350714859224,0.0299932277049977,505.4921532135303
phi4-mini,logiqa2,complex,errors,0.3158756887614727,-0.015042548136924775,-0.05589859552541225,0.028816072035173567,526.7629746464584
phi4-mini,logiqa2,complex,errors,0.3238589667826891,-0.015385560470793086,-0.05593565901441417,0.02758613697339246,553.175041725559
phi4-mini,logiqa2,complex,errors,0.3318422448039055,-0.01566735200148434,-0.055910528258758405,0.026922653039361824,585.7980791063055
phi4-mini,logiqa2,complex,errors,0.3398255228251219,-0.01585780601250148,-0.05477234369349518,0.0258446913877035,625.7041252139671
phi4-mini,logiqa2,complex,errors,0.34780880084633825,-0.01592305844060573,-0.05367811597559221,0.023557626383473165,673.7273065891105
phi4-mini,logiqa2,complex,errors,0.35579207886755465,-0.01582779859332367,-0.053303488052335944,0.02291788732391521,730.0197968576326
phi4-mini,logiqa2,complex,errors,0.36377535688877105,-0.015538780368698046,-0.05270352931322001,0.022461476005409917,793.3718548508297
phi4-mini,logiqa2,complex,errors,0.37175863490998745,-0.015029260123903609,-0.05155584811741528,0.0234089164163996,860.4331751881947
phi4-mini,logiqa2,complex,errors,0.37974191293120385,-0.014283632609010643,-0.050343332716597404,0.02435163772687573,925.3157890299694
phi4-mini,logiqa2,complex,errors,0.38772519095242025,-0.013301174414865141,-0.04995509525062437,0.026228724040162733,980.3581332712444
phi4-mini,logiqa2,complex,errors,0.39570846897363665,-0.01209775908687892,-0.04721358795912905,0.02758471131626043,1018.4604983408632
phi4-mini,logiqa2,complex,errors,0.40369174699485305,-0.010704824766061518,-0.046175682322859575,0.029740702668895943,1036.0353754993816
phi4-mini,logiqa2,complex,errors,0.41167502501606945,-0.009165662250964436,-0.044716297029805924,0.030737059887993447,1034.500027818473
phi4-mini,logiqa2,complex,errors,0.4196583030372858,-0.007529914482361926,-0.04437909420196029,0.032358836460337374,1019.1857992103388
phi4-mini,logiqa2,complex,errors,0.42764158105850225,-0.005847651677279267,-0.04351931695122873,0.0334531684482234,996.7437665762278
phi4-mini,logiqa2,complex,errors,0.4356248590797186,-0.0041643226628155,-0.041648016395981154,0.03432996774606057,972.9365514316659
phi4-mini,logiqa2,complex,errors,0.44360813710093505,-0.0025173941055920586,-0.040192551799424284,0.03586987864777135,951.6942794814248
phi4-mini,logiqa2,complex,errors,0.4515914151221514,-0.0009348680557792891,-0.03767325577526755,0.036744311507220885,935.1727886623274
phi4-mini,logiqa2,complex,errors,0.4595746931433678,0.0005646172874751608,-0.03574270509882312,0.037405336920738684,924.2260090505437
phi4-mini,logiqa2,complex,errors,0.4675579711645842,0.0019706310030729703,-0.03386457529191727,0.03841643339385455,918.8971543617121
phi4-mini,logiqa2,complex,errors,0.4755412491858006,0.0032792717200312857,-0.03202552176717227,0.03962826072966226,918.7808135550023
phi4-mini,logiqa2,complex,errors,0.483524527207017,0.004491382091922204,-0.030222869346062754,0.04114808804544232,923.2453311907772
phi4-mini,logiqa2,complex,errors,0.4915078052282334,0.005610912154226334,-0.028581055005005563,0.041746640178452844,931.5504722414864
phi4-mini,logiqa2,complex,errors,0.4994910832494498,0.006643553241838432,-0.027471352032734053,0.042359670760038715,942.8985975070942
phi4-mini,logiqa2,complex,errors,0.5074743612706661,0.007595671762718615,-0.026959922967925785,0.043158062678838836,956.4486811982176
phi4-mini,logiqa2,complex,errors,0.5154576392918826,0.008473520740898043,-0.026461920896751145,0.043885795475117076,971.3134851597731
phi4-mini,logiqa2,complex,errors,0.5234409173130989,0.009282685832556396,-0.025492874765013704,0.04456438032187151,986.5539670349375
phi4-mini,logiqa2,complex,errors,0.5314241953343154,0.010027719719325905,-0.024690790276982094,0.0451654894145488,1001.181120199179
phi4-mini,logiqa2,complex,errors,0.5394074733555317,0.010711925175830946,-0.022038571064960974,0.0459849110992769,1014.1726288741718
phi4-mini,logiqa2,complex,errors,0.5473907513767482,0.011337256646132785,-0.02167913042543128,0.04672699141501575,1024.5086902995222
phi4-mini,logiqa2,complex,errors,0.5553740293979645,0.011904319391248471,-0.020632690800315993,0.04779549704437543,1031.227245038792
phi4-mini,logiqa2,complex,errors,0.5633573074191809,0.012412452499934928,-0.02065916070956486,0.048573179501849785,1033.493577645591
phi4-mini,logiqa2,complex,errors,0.5713405854403973,0.012859886690312964,-0.019861982867722516,0.04943870125386543,1030.673745556683
phi4-mini,logiqa2,complex,errors,0.5793238634616138,0.013243969919325443,-0.019696390076503895,0.049716595707822726,1022.3974153921529
phi4-mini,logiqa2,complex,errors,0.5873071414828301,0.01356145379962048,-0.019495291649255505,0.050567838786421314,1008.5954540865126
phi4-mini,logiqa2,complex,errors,0.5952904195040465,0.013808832385152327,-0.019596739963249316,0.05145930910874086,989.5020455215997
phi4-mini,logiqa2,complex,errors,0.6032736975252628,0.013982722860272077,-0.020993413573762068,0.05183795420505552,965.6192411800132
phi4-mini,logiqa2,complex,errors,0.6112569755464793,0.014080275932333705,-0.020828429877131596,0.0519411345803444,937.6509225516064
phi4-mini,logiqa2,complex,errors,0.6192402535676957,0.014099603098238699,-0.021317654294573787,0.053183905649019134,906.419828700301
phi4-mini,logiqa2,complex,errors,0.6272235315889121,0.01404020905843343,-0.021656116683497532,0.05393220538367224,872.7834223734563
phi4-mini,logiqa2,complex,errors,0.6352068096101284,0.013903420729097237,-0.022634334722353596,0.05420265585584043,837.5618895757491
phi4-mini,logiqa2,complex,errors,0.6431900876313449,0.013692809554952603,-0.023947363124029387,0.05428561371438441,801.4862350787391
phi4-mini,logiqa2,complex,errors,0.6511733656525613,0.013414610815641562,-0.02511965777538525,0.054212642021901965,765.1685962148954
phi4-mini,logiqa2,complex,errors,0.6591566436737777,0.013078151736116267,-0.025325649195824695,0.05455787699838561,729.0923532219242
phi4-mini,logiqa2,complex,errors,0.667139921694994,0.012696308655089802,-0.02746140994180291,0.054435082618104605,693.6171198967796
phi4-mini,logiqa2,complex,errors,0.6751231997162105,0.012286021357660243,-0.02875063580343586,0.05475346012230469,658.9930958420186
phi4-mini,logiqa2,complex,errors,0.6831064777374269,0.011868898916975217,-0.029775997546698636,0.05500544493371103,625.3799254670806
phi4-mini,logiqa2,complex,errors,0.6910897557586433,0.011471954807100778,-0.030838277125788374,0.055965079981208685,592.8664563779959
phi4-mini,logiqa2,complex,errors,0.6990730337798596,0.011128508058249635,-0.0326834466804673,0.05711743707390586,561.4891087831151
phi4-mini,logiqa2,complex,errors,0.707056311801076,0.010879279570378793,-0.033719565027389396,0.05724665104200108,531.2476716645501
phi4-mini,logiqa2,complex,errors,0.7150395898222924,0.010773695119026334,-0.03502995367064759,0.059004551441828944,502.11812806413394
phi4-mini,logiqa2,complex,errors,0.7230228678435089,0.010871374532395374,-0.03633860934736515,0.060208565600804585,474.06259250254055
phi4-mini,logiqa2,complex,errors,0.7310061458647252,0.01124373415904364,-0.03701309062090084,0.061581451600221285,447.0366850142517
phi4-mini,logiqa2,complex,errors,0.7389894238859416,0.011975550600842525,-0.037313794350136514,0.06268294814408167,420.9947526362675
phi4-mini,logiqa2,complex,errors,0.746972701907158,0.013166222490665604,-0.03669598114359181,0.06354897745132825,395.8933618797816
phi4-mini,logiqa2,complex,errors,0.7549559799283745,0.014930323662891624,-0.03586155930157834,0.06607206118021852,371.693492622048
phi4-mini,logiqa2,complex,errors,0.7629392579495908,0.01739687688300827,-0.03542894699296415,0.07003774818179964,348.3619089830926
phi4-mini,logiqa2,complex,errors,0.7709225359708072,0.0207066247997454,-0.03275710649707911,0.07326955670748588,325.8722709604624
phi4-mini,logiqa2,complex,errors,0.7789058139920235,0.02500649704635366,-0.029787667441691208,0.07810645872503313,304.20662822935026
phi4-mini,logiqa2,complex,errors,0.78688909201324,0.030440566950752975,-0.024768828239384484,0.08339464807777695,283.357881515396
phi4-mini,logiqa2,complex,errors,0.7948723700344564,0.037137176112375575,-0.01729653224351177,0.08923249609157505,263.3334410343472
phi4-mini,logiqa2,complex,errors,0.8028556480556728,0.045192672894337024,-0.009953003219903393,0.09888492935443191,244.15954508664956
phi4-mini,logiqa2,complex,errors,0.8108389260768891,0.054653346381696895,-0.0029313549312618755,0.11052355964294745,225.88464390191453
phi4-mini,logiqa2,complex,errors,0.8188222040981055,0.06549842161579296,0.0028859815924370262,0.12539072335812354,208.57940003935047
phi4-mini,logiqa2,complex,errors,0.826805482119322,0.07762795242574394,0.01122437095370526,0.13874348167866082,192.33097749187
phi4-mini,logiqa2,complex,errors,0.8347887601405384,0.09085950782518035,0.020237037510143344,0.15728806609087084,177.23091517878703
phi4-mini,logiqa2,complex,errors,0.8427720381617547,0.10493626034643633,0.029773352830418688,0.17577144509166134,163.35861052478595
phi4-mini,logiqa2,complex,errors,0.8507553161829711,0.11954653802027458,0.0388914178560082,0.19352283829474484,150.76483232880827
phi4-mini,logiqa2,complex,errors,0.8587385942041876,0.13435186924375106,0.048771552785404876,0.2120415697353202,139.4601622011338
phi4-mini,logiqa2,complex,errors,0.866721872225404,0.1490182175611721,0.05956814051362125,0.23063579966227382,129.4114243576055
phi4-mini,logiqa2,complex,errors,0.8747051502466203,0.16324444461873594,0.06960239611328384,0.24954341539888317,120.54614269120768
phi4-mini,logiqa2,complex,errors,0.8826884282678367,0.1767832531943234,0.07683773167809768,0.26933670065314913,112.76257480339967
phi4-mini,logiqa2,complex,errors,0.8906717062890532,0.18945229523004917,0.08603575662924673,0.28595553628434595,105.94192816647003
phi4-mini,logiqa2,complex,errors,0.8986549843102696,0.20113571753744738,0.098626690702412,0.3039075205559368,99.959855981765
phi4-mini,logiqa2,complex,errors,0.9066382623314859,0.21177827890356896,0.10460285114903065,0.3187663563228449,94.69551525595902
phi4-mini,logiqa2,complex,errors,0.9146215403527023,0.22137495407157615,0.10738601913554292,0.32840285463087376,90.03763460349451
phi4-mini,logiqa2,complex,errors,0.9226048183739186,0.22995878950745618,0.11376868542255622,0.3381904367743318,85.8878261810698
phi4-mini,logiqa2,complex,errors,0.9305880963951352,0.23758908898199876,0.11669753092123764,0.35037990971127925,82.16174750796345
phi4-mini,logiqa2,complex,errors,0.9385713744163514,0.24434117679332326,0.12119181027494774,0.3619775323998488,78.78879207024586
phi4-mini,logiqa2,complex,correct,0.29988750696182254,-0.02193858330127498,-0.07266243283031756,0.032385007954327145,390.97356056445125
phi4-mini,logiqa2,complex,correct,0.3065707251429558,-0.021045386023360934,-0.07058052210670866,0.03270170773357317,402.9409067726344
phi4-mini,logiqa2,complex,correct,0.31325394332408907,-0.0200149003339189,-0.06819929908596867,0.03279288953025125,417.340692312627
phi4-mini,logiqa2,complex,correct,0.31993716150522233,-0.018833282114539517,-0.06654438703826576,0.03299398742435392,434.63956209227655
phi4-mini,logiqa2,complex,correct,0.3266203796863556,-0.0174884015349312,-0.06471001742159886,0.033007457109675814,455.35644219212367
phi4-mini,logiqa2,complex,correct,0.33330359786748887,-0.01597125978198661,-0.06256051487851837,0.033145414544691526,480.0353583175341
phi4-mini,logiqa2,complex,correct,0.33998681604862213,-0.014277679292154044,-0.06011137406300686,0.03338285993407083,509.1871255204041
phi4-mini,logiqa2,complex,correct,0.3466700342297554,-0.012410146073557428,-0.057278775349507434,0.03409269978051703,543.1826283174123
phi4-mini,logiqa2,complex,correct,0.3533532524108887,-0.010379584893664154,-0.05419577696333455,0.0355830613637749,582.0803266342604
phi4-mini,logiqa2,complex,correct,0.360036470592022,-0.008206752316820996,-0.05138441156345021,0.036846959036433063,625.3836666902554
phi4-mini,logiqa2,complex,correct,0.36671968877315525,-0.005922874166302232,-0.047950545544862985,0.03870808605301359,671.7635574997606
phi4-mini,logiqa2,complex,correct,0.3734029069542885,-0.003569175788362809,-0.046631018144667996,0.03841243527194803,718.8542103781973
phi4-mini,logiqa2,complex,correct,0.3800861251354218,-0.0011950879413081307,-0.042909310200649135,0.039108736209313544,763.3103287382243
phi4-mini,logiqa2,complex,correct,0.38676934331655505,0.001144843676883984,-0.03868726323872426,0.04052591687340857,801.310278270211
phi4-mini,logiqa2,complex,correct,0.3934525614976883,0.0033950139565745254,-0.03518730733778472,0.041710579237664545,829.4956368592923
phi4-mini,logiqa2,complex,correct,0.4001357796788216,0.005503182034503408,-0.03345372121042761,0.04353400499881802,845.9940583683727
phi4-mini,logiqa2,complex,correct,0.40681899785995485,0.007424539830408793,-0.030744700427049645,0.046028580554514566,850.9776434365764
phi4-mini,logiqa2,complex,correct,0.4135022160410881,0.009124771813672708,-0.029709597919018813,0.047088994216438466,846.4443360163685
phi4-mini,logiqa2,complex,correct,0.42018543422222143,0.010581696773404151,-0.029007314874413964,0.04797582137853461,835.4129354645835
phi4-mini,logiqa2,complex,correct,0.4268686524033547,0.011785411699615148,-0.028057196967443094,0.04948460223385498,821.0198578198688
phi4-mini,logiqa2,complex,correct,0.43355187058448796,0.012737159122269344,-0.02737340213515912,0.04967543101167717,805.8985440178398
phi4-mini,logiqa2,complex,correct,0.44023508876562123,0.01344732860794649,-0.027031634179278,0.05009972315344998,791.9344562427638
phi4-mini,logiqa2,complex,correct,0.4469183069467545,0.013933054245792562,-0.02625492579696164,0.05038266333561116,780.2911579439025
phi4-mini,logiqa2,complex,correct,0.45360152512788776,0.01421580865416479,-0.02559228540119725,0.05126527933793495,771.5612130955725
phi4-mini,logiqa2,complex,correct,0.460284743309021,0.014319272005748951,-0.024891737181238743,0.05051869067657481,765.9384278687766
phi4-mini,logiqa2,complex,correct,0.4669679614901543,0.014267622140389527,-0.02456903404970578,0.05046181048860629,763.3623153683671
phi4-mini,logiqa2,complex,correct,0.47365117967128756,0.014084282251992347,-0.024670585874246538,0.050523971562853036,763.6218065653405
phi4-mini,logiqa2,complex,correct,0.4803343978524208,0.01379108934752322,-0.024329916374162732,0.04991792402070359,766.4221307751304
phi4-mini,logiqa2,complex,correct,0.4870176160335541,0.013407808570131286,-0.024531840224784565,0.04913748712390419,771.4239063105837
phi4-mini,logiqa2,complex,correct,0.49370083421468736,0.01295190713974076,-0.024950416913813278,0.048265468598437875,778.2632992843398
phi4-mini,logiqa2,complex,correct,0.5003840523958206,0.01243850709173416,-0.02523007644541058,0.04792419521720171,786.5602849551753
phi4-mini,logiqa2,complex,correct,0.5070672705769539,0.011880449753659183,-0.025796411486341982,0.04720648984565335,795.9201673711549
phi4-mini,logiqa2,complex,correct,0.5137504887580872,0.011288421175261618,-0.02639907092244687,0.04644933283763266,805.9320730901915
phi4-mini,logiqa2,complex,correct,0.5204337069392204,0.010671103154038039,-0.026972180668493877,0.045743665072455246,816.1671594557992
phi4-mini,logiqa2,complex,correct,0.5271169251203537,0.010035327520490836,-0.02756979628474599,0.04545466520693902,826.1786310722038
phi4-mini,logiqa2,complex,correct,0.533800143301487,0.009386221533476848,-0.027342770214877018,0.044528460341770465,835.5051677275009
phi4-mini,logiqa2,complex,correct,0.5404833614826203,0.008727339745016962,-0.027853374006307424,0.044357448411222626,843.6788741824205
phi4-mini,logiqa2,complex,correct,0.5471665796637535,0.008060782920465484,-0.028187290567489937,0.0438663132328246,850.2382473636947
phi4-mini,logiqa2,complex,correct,0.5538497978448869,0.007387307975459004,-0.029377662409543533,0.04369691293560575,854.7458645767927
phi4-mini,logiqa2,complex,correct,0.56053301602602,0.006706434791478312,-0.02985120810561141,0.04306381353486593,856.8095626488767
phi4-mini,logiqa2,complex,correct,0.5672162342071534,0.006016556491528556,-0.030212525377859498,0.04235815423514476,856.1049408983214
phi4-mini,logiqa2,complex,correct,0.5738994523882865,0.005315059519124077,-0.03083631106999349,0.04195239423439781,852.3963035729556
phi4-mini,logiqa2,complex,correct,0.5805826705694199,0.004598458844457885,-0.03167066648464924,0.041549630365262075,845.5529056630562
phi4-mini,logiqa2,complex,correct,0.5872658887505531,0.003862551981742115,-0.03246891841347187,0.04082490205240038,835.5577525515573
phi4-mini,logiqa2,complex,correct,0.5939491069316865,0.0031025934094327345,-0.03356882197795017,0.04043280222156758,822.5072355428242
phi4-mini,logiqa2,complex,correct,0.6006323251128197,0.002313488631254437,-0.035188509929639386,0.03996480357004417,806.6013621314405
phi4-mini,logiqa2,complex,correct,0.607315543293953,0.0014900047168071014,-0.03666707890658763,0.040036681506530995,788.1259015307014
phi4-mini,logiqa2,complex,correct,0.6139987614750863,0.00062699194786925,-0.03716661150529928,0.039900711209879085,767.4290138138579
phi4-mini,logiqa2,complex,correct,0.6206819796562195,-0.0002803906023223582,-0.03879390019608892,0.03941509962446902,744.8955719354561
phi4-mini,logiqa2,complex,correct,0.6273651978373528,-0.001236453917866351,-0.03987284375312838,0.03895263217707029,720.9223284542303
phi4-mini,logiqa2,complex,correct,0.634048416018486,-0.002244771116637259,-0.040793514917651194,0.03764921945148547,695.8964401976268
phi4-mini,logiqa2,complex,correct,0.6407316341996193,-0.0033079911819279303,-0.042474873544291206,0.03708082229359914,670.1788969132068
phi4-mini,logiqa2,complex,correct,0.6474148523807526,-0.004427681622680359,-0.04388266014069563,0.03615833179064677,644.093384703932
phi4-mini,logiqa2,complex,correct,0.6540980705618858,-0.0056042055141737835,-0.045174293063641964,0.03552977693908319,617.9202707877951
phi4-mini,logiqa2,complex,correct,0.6607812887430191,-0.006836636067531514,-0.04784799494564747,0.03485926865591624,591.8948376854272
phi4-mini,logiqa2,complex,correct,0.6674645069241524,-0.008122709321015619,-0.04933161227626625,0.03440933846399494,566.2086369583782
phi4-mini,logiqa2,complex,correct,0.6741477251052856,-0.009458812983052354,-0.05148719566279157,0.03499411259267227,541.012821603074
phi4-mini,logiqa2,complex,correct,0.6808309432864189,-0.01084000711524325,-0.054265212669308706,0.03530115881105006,516.4224689761306
phi4-mini,logiqa2,complex,correct,0.6875141614675522,-0.012260070413955534,-0.056763644852244784,0.03463974123093236,492.5211401820469
phi4-mini,logiqa2,complex,correct,0.6941973796486856,-0.013711564470728733,-0.0589574270968115,0.03399565267470618,469.3651725568204
phi4-mini,logiqa2,complex,correct,0.7008805978298187,-0.015185907650443335,-0.06297439597046547,0.03455394954753259,446.98742802526795
phi4-mini,logiqa2,complex,correct,0.7075638160109521,-0.016673450161986087,-0.06563925080525017,0.034089517734346715,425.4004020366584
phi4-mini,logiqa2,complex,correct,0.7142470341920852,-0.01816354251808938,-0.06889756215436524,0.03526614246848328,404.5987320533266
phi4-mini,logiqa2,complex,correct,0.7209302523732186,-0.01964459088520543,-0.07126656424230372,0.0349909317972174,384.5612378825
phi4-mini,logiqa2,complex,correct,0.7276134705543518,-0.021104094810536194,-0.0732780698921789,0.033555691449296196,365.25268980993246
phi4-mini,logiqa2,complex,correct,0.7342966887354851,-0.022528665496415207,-0.07708782926045851,0.033570205915339164,346.6255457367532
phi4-mini,logiqa2,complex,correct,0.7409799069166183,-0.023904026202626823,-0.0795586506409466,0.03331690211978282,328.62193242951594
phi4-mini,logiqa2,complex,correct,0.7476631250977517,-0.025215000527224377,-0.08278711347321709,0.03485786007584334,311.1761678395212
phi4-mini,logiqa2,complex,correct,0.7543463432788848,-0.026445499245758577,-0.08635997495932977,0.03603610402149835,294.21811945709095
phi4-mini,logiqa2,complex,correct,0.7610295614600182,-0.027578521986131723,-0.09068582917559942,0.03565760740136899,277.6776433237938
phi4-mini,logiqa2,complex,correct,0.7677127796411514,-0.02859619601303163,-0.09460625498288808,0.036551203707525244,261.4902148233176
phi4-mini,logiqa2,complex,correct,0.7743959978222847,-0.02947988023800388,-0.09860966193836353,0.038461952146505336,245.60361131028972
phi4-mini,logiqa2,complex,correct,0.781079216003418,-0.030210367304619967,-0.10190104395029875,0.039902029541357166,229.98512668971858
phi4-mini,logiqa2,complex,correct,0.7877624341845513,-0.03076821878622434,-0.10609285535130714,0.04204626956544889,214.62833390803613
phi4-mini,logiqa2,complex,correct,0.7944456523656845,-0.031134266270488962,-0.10929607005531267,0.04491428434819898,199.55799259113473
phi4-mini,logiqa2,complex,correct,0.8011288705468178,-0.03129030221384848,-0.11269664276296283,0.048270626468036794,184.83153555245627
phi4-mini,logiqa2,complex,correct,0.8078120887279511,-0.03121996695797356,-0.11617206522643546,0.052358948519813875,170.53587897672338
phi4-mini,logiqa2,complex,correct,0.8144953069090843,-0.03090981124048099,-0.11936244679141815,0.05713959689175803,156.77917990027063
phi4-mini,logiqa2,complex,correct,0.8211785250902176,-0.03035047797491587,-0.12083405450776276,0.0602842567528094,143.678444651342
phi4-mini,logiqa2,complex,correct,0.8278617432713509,-0.029537907124254453,-0.1215989259014351,0.06311842200415613,131.34513431694782
phi4-mini,logiqa2,complex,correct,0.8345449614524841,-0.028474430708388242,-0.12407563523762817,0.06569138908081354,119.87158802593517
phi4-mini,logiqa2,simple,all,0.29990037977695466,0.0216827772964192,-0.012406034693636782,0.055944130711476914,895.3689750727666
phi4-mini,logiqa2,simple,all,0.3075606803968549,0.021488649602743354,-0.012426510656580413,0.05556143276187713,926.5524250170521
phi4-mini,logiqa2,simple,all,0.3152209810167551,0.02128625071491239,-0.012361401208617895,0.05491721247999819,965.0595960942287
phi4-mini,logiqa2,simple,all,0.32288128163665536,0.02107858735004229,-0.012544311646673086,0.054079489039849785,1012.4988542857137
phi4-mini,logiqa2,simple,all,0.33054158225655556,0.020869731205364728,-0.012513233089302809,0.053463057597658105,1070.6575118190206
phi4-mini,logiqa2,simple,all,0.3382018828764558,0.020664858907914332,-0.012229866344585475,0.05264897867009942,1141.3400060608647
phi4-mini,logiqa2,simple,all,0.345862183496356,0.020470158059777775,-0.011823509084010891,0.051787591320433486,1226.0145586091196
phi4-mini,logiqa2,simple,all,0.35352248411625625,0.020292545913524817,-0.011605373120915898,0.0508799340336055,1325.1660031031254
phi4-mini,logiqa2,simple,all,0.36118278473615645,0.02013916755307561,-0.011065377657879346,0.0499622410738404,1437.2963496269035
phi4-mini,logiqa2,simple,all,0.3688430853560567,0.02001668675082069,-0.012053114070600671,0.04901540213718078,1557.7186482519926
phi4-mini,logiqa2,simple,all,0.3765033859759569,0.019930450925784014,-0.011846802426772824,0.048446295975937345,1677.7292179763272
phi4-mini,logiqa2,simple,all,0.38416368659585715,0.019883681914969135,-0.011420349935340348,0.047493548128054626,1785.223212024339
phi4-mini,logiqa2,simple,all,0.3918239872157574,0.019876883405915174,-0.011246655134445829,0.047260058199623964,1867.6161765043971
phi4-mini,logiqa2,simple,all,0.3994842878356576,0.01990763304390799,-0.0110136549631112,0.04739006893575135,1916.3604043989014
phi4-mini,logiqa2,simple,all,0.40714458845555784,0.019970836367474105,-0.010472924838101586,0.0475890740954384,1930.3797649003075
phi4-mini,logiqa2,simple,all,0.41480488907545804,0.02005939144266551,-0.010144928383080688,0.04747491960322671,1915.9605817696447
phi4-mini,logiqa2,simple,all,0.4224651896953583,0.02016510168911724,-0.00991452117536543,0.048187792252116515,1883.4467414888034
phi4-mini,logiqa2,simple,all,0.4301254903152585,0.020279626056582845,-0.009407685160351115,0.04910233949236911,1843.3201899281573
phi4-mini,logiqa2,simple,all,0.43778579093515874,0.020395281778627327,-0.009959289931774345,0.04925011714485681,1803.7551729188287
phi4-mini,logiqa2,simple,all,0.445446091555059,0.02050559064374729,-0.010606968067050207,0.04955058553330146,1769.9694091121173
phi4-mini,logiqa2,simple,all,0.4531063921749592,0.020605545171975215,-0.010039963748362699,0.05001630114055222,1744.6563316141558
phi4-mini,logiqa2,simple,all,0.4607666927948594,0.02069163500465059,-0.010182568626673782,0.04995547557506607,1728.7472552878585
phi4-mini,logiqa2,simple,all,0.46842699341475963,0.020761704543794158,-0.010505616747599264,0.050288216760246036,1722.095131788241
phi4-mini,logiqa2,simple,all,0.4760872940346599,0.02081471516415408,-0.010407529384483943,0.05020395834938898,1723.956009179486
phi4-mini,logiqa2,simple,all,0.4837475946545601,0.02085047103129978,-0.009761616211102702,0.05133732179642216,1733.2809523832525
phi4-mini,logiqa2,simple,all,0.49140789527446027,0.020869347917556007,-0.009411738688591362,0.05129154184200698,1748.8704984635388
phi4-mini,logiqa2,simple,all,0.4990681958943605,0.020872046558538596,-0.009141994694487223,0.05097046672643243,1769.4418826951055
phi4-mini,logiqa2,simple,all,0.5067284965142608,0.020859379054027388,-0.008815557560624257,0.05101458208078884,1793.646852029764
phi4-mini,logiqa2,simple,all,0.514388797134161,0.020832088872586422,-0.008719334141280217,0.05141431066909104,1820.0664743973396
phi4-mini,logiqa2,simple,all,0.5220490977540613,0.02079070117467059,-0.008518996965298857,0.051063443831335834,1847.2015526860312
phi4-mini,logiqa2,simple,all,0.5297093983739615,0.020735399118712843,-0.00871747245995058,0.050972551647943384,1873.4723922363546
phi4-mini,logiqa2,simple,all,0.5373696989938617,0.02066592241338852,-0.008820622629345416,0.05118770332781927,1897.2382163797295
phi4-mini,logiqa2,simple,all,0.5450299996137619,0.020581485781164473,-0.008832729042646467,0.051168931561795514,1916.84294365413
phi4-mini,logiqa2,simple,all,0.5526903002336621,0.020480716636174713,-0.008758954990105084,0.0507725590486784,1930.6892064907206
phi4-mini,logiqa2,simple,all,0.5603506008535624,0.02036161279255367,-0.008852091776625897,0.0509315180460801,1937.3360547638251
phi4-mini,logiqa2,simple,all,0.5680109014734626,0.02022152218456432,-0.00881503051897149,0.05056451133646247,1935.6085140329003
phi4-mini,logiqa2,simple,all,0.5756712020933628,0.020057147266730278,-0.00943980046932508,0.05013039478254955,1924.7009787559614
phi4-mini,logiqa2,simple,all,0.5833315027132631,0.019864576911723816,-0.010236476401218858,0.049969693126692784,1904.2538298536256
phi4-mini,logiqa2,simple,all,0.5909918033331633,0.01963934824402962,-0.010286284146244844,0.04966694129647066,1874.3856020885414
phi4-mini,logiqa2,simple,all,0.5986521039530635,0.019376540016129318,-0.010601831388962122,0.049689440359056404,1835.6715490687318
phi4-mini,logiqa2,simple,all,0.6063124045729638,0.019070897998147075,-0.010787160563328485,0.0489283677309579,1789.071229939817
phi4-mini,logiqa2,simple,all,0.6139727051928638,0.01871699161758585,-0.011466135330061276,0.048311196202342616,1735.8188553656414
phi4-mini,logiqa2,simple,all,0.6216330058127642,0.01830939999429198,-0.012142149909827817,0.048587157372519375,1677.2968946557232
phi4-mini,logiqa2,simple,all,0.6292933064326645,0.01784292480854843,-0.013368568481283389,0.04865075430045886,1614.9141177886697
phi4-mini,logiqa2,simple,all,0.6369536070525645,0.017312827318277886,-0.01416130904151803,0.048243449069795344,1550.004588127515
phi4-mini,logiqa2,simple,all,0.6446139076724648,0.016715087428400867,-0.015005177172956007,0.048265102163646004,1483.7566253927328
phi4-mini,logiqa2,simple,all,0.652274208292365,0.016046684032620457,-0.016642139583844584,0.048666753967698546,1417.1732261093475
phi4-mini,logiqa2,simple,all,0.6599345089122652,0.015305897805183726,-0.017552457323343824,0.04832854481331727,1351.0598235004663
phi4-mini,logiqa2,simple,all,0.6675948095321655,0.014492640022553216,-0.018563638242855264,0.047824577843729274,1286.032308332586
phi4-mini,logiqa2,simple,all,0.6752551101520657,0.013608813557020188,-0.020464259721585665,0.04713878773994243,1222.5376289739438
phi4-mini,logiqa2,simple,all,0.6829154107719659,0.012658714541386965,-0.021929627963589163,0.04682838642107407,1160.8802593436044
phi4-mini,logiqa2,simple,all,0.6905757113918662,0.011649484907747224,-0.024159823670456416,0.046490087434402125,1101.2495364761262
phi4-mini,logiqa2,simple,all,0.6982360120117663,0.010591626493234398,-0.02582489039831304,0.046515446675143686,1043.7446948863824
phi4-mini,logiqa2,simple,all,0.7058963126316666,0.009499585950296666,-0.025620867767153183,0.04690842105564435,988.3959971136162
phi4-mini,logiqa2,simple,all,0.7135566132515669,0.008392415316439849,-0.028184614740662563,0.04668544577893279,935.1815348832923
phi4-mini,logiqa2,simple,all,0.721216913871467,0.00729450447053803,-0.02953301617500398,0.046242859147029525,884.040053729936
phi4-mini,logiqa2,simple,all,0.7288772144913673,0.0062363671274464315,-0.03229057527241153,0.04631167941126134,834.880609468932
phi4-mini,logiqa2,simple,all,0.7365375151112675,0.005255439473795491,-0.034733922482921537,0.046992165191613505,787.5900937814666
phi4-mini,logiqa2,simple,all,0.7441978157311677,0.0043968179660971145,-0.0373541059183826,0.04755321823794119,742.0397546068491
phi4-mini,logiqa2,simple,all,0.751858116351068,0.0037138188011782997,-0.03924175405078169,0.04774429000723862,698.091840594368
phi4-mini,logiqa2,simple,all,0.7595184169709682,0.003268186713725275,-0.041895796130406164,0.048239106409913184,655.6074275192376
phi4-mini,logiqa2,simple,all,0.7671787175908684,0.0031297197390534174,-0.04360854315572272,0.04988032397255317,614.4562923001934
phi4-mini,logiqa2,simple,all,0.7748390182107687,0.0033750210233766606,-0.04435187979964452,0.05042333714764784,574.5292863540562
phi4-mini,logiqa2,simple,all,0.7824993188306688,0.004085060112521727,-0.045292889971827635,0.05218754459396286,535.7528998340698
phi4-mini,logiqa2,simple,all,0.7901596194505691,0.005341256800697813,-0.04599135039515233,0.05457472828588576,498.10453684962243
phi4-mini,logiqa2,simple,all,0.7978199200704694,0.0072199301289386465,-0.04648669651400138,0.05853635715019951,461.6255760369607
phi4-mini,logiqa2,simple,all,0.8054802206903695,0.009785217560530138,-0.0457234084945715,0.06209995486018208,426.4280537835716
phi4-mini,logiqa2,simple,all,0.8131405213102698,0.013080969777737303,-0.0441999855803006,0.06744057632664467,392.6906001534007
phi4-mini,logiqa2,simple,all,0.8208008219301701,0.0171226111852593,-0.041373871416193794,0.07396264325223038,360.6408943622532
phi4-mini,logiqa2,simple,all,0.8284611225500702,0.0218903925499244,-0.03744334805357424,0.08121824202923401,330.52552117669484
phi4-mini,logiqa2,simple,all,0.8361214231699705,0.02732565440352442,-0.034381445791494845,0.08834278040245415,302.5725898088984
phi4-mini,logiqa2,simple,all,0.8437817237898706,0.03333147902513099,-0.029740232394054114,0.09587736123148176,276.95570100214877
phi4-mini,logiqa2,simple,all,0.8514420244097709,0.03977836519401264,-0.02472531311121539,0.10538106104723291,253.76793017338568
phi4-mini,logiqa2,simple,all,0.8591023250296712,0.04651445581472345,-0.020605046065638778,0.11631549237028334,233.01119170246292
phi4-mini,logiqa2,simple,all,0.8667626256495713,0.0533787313597785,-0.015814656129636548,0.12520835204812383,214.60133864845392
phi4-mini,logiqa2,simple,all,0.8744229262694716,0.06021486355621571,-0.011051717655722423,0.13472796644693616,198.38505025019242
phi4-mini,logiqa2,simple,all,0.8820832268893719,0.06688337221840328,-0.005497357472496889,0.14372143825911254,184.16255523597002
phi4-mini,logiqa2,simple,all,0.889743527509272,0.0732703286359655,-0.004166044034028883,0.15310066243561252,171.71061655386504
phi4-mini,logiqa2,simple,all,0.8974038281291723,0.07929182627311886,-9.95259587187234e-05,0.16165875451663667,160.80199675104257
phi4-mini,logiqa2,simple,all,0.9050641287490726,0.08489441976513204,0.0029154120382549127,0.1704961874919631,151.21969343058717
phi4-mini,logiqa2,simple,all,0.9127244293689727,0.09005242610647357,0.0050411064048592556,0.178590862965531,142.76584813057005
phi4-mini,logiqa2,simple,errors,0.29991161584854126,0.04690848995453643,0.0033961589517997673,0.0911055281993057,496.8759870192393
phi4-mini,logiqa2,simple,errors,0.3079816918373108,0.04567096483873905,0.003075860367093614,0.08951922110959158,514.7867122767193
phi4-mini,logiqa2,simple,errors,0.3160517678260803,0.04425046389556301,0.002343553918312398,0.08782327737185679,537.1328337660801
phi4-mini,logiqa2,simple,errors,0.3241218438148499,0.042634035415634555,0.0014941849731188379,0.08540044238364561,564.9401972967999
phi4-mini,logiqa2,simple,errors,0.3321919198036194,0.04081513309370046,0.0006754466696535543,0.08296417871488325,599.3484340422908
phi4-mini,logiqa2,simple,errors,0.3402619957923889,0.03879704955861708,-0.0002146285602923201,0.08038745295297678,641.4866071586313
phi4-mini,logiqa2,simple,errors,0.34833207178115844,0.03659657243005542,-0.0023431504085752795,0.07683726172245847,692.1985384853962
phi4-mini,logiqa2,simple,errors,0.35640214776992796,0.03424715482126675,-0.004729160097853216,0.07322813683120373,751.5399679808968
phi4-mini,logiqa2,simple,errors,0.3644722237586975,0.03180058825155985,-0.006838614396396787,0.06917997574825246,818.0232741624036
phi4-mini,logiqa2,simple,errors,0.37254229974746705,0.02932607690541823,-0.008552907776675531,0.06606361013938365,887.7936339658121
phi4-mini,logiqa2,simple,errors,0.3806123757362366,0.026905942765691346,-0.010180709561980944,0.06308351277849437,954.3141675509498
phi4-mini,logiqa2,simple,errors,0.3886824517250061,0.02462802032170425,-0.012506687028512724,0.060124552233719056,1009.4158891880714
phi4-mini,logiqa2,simple,errors,0.3967525277137756,0.022575925828857996,-0.01465824003332873,0.05695357589880881,1046.0037120355728
phi4-mini,logiqa2,simple,errors,0.4048226037025452,0.020819321288337682,-0.01582723171086571,0.05512254607926306,1061.1187191924553
phi4-mini,logiqa2,simple,errors,0.4128926796913147,0.019406509114749178,-0.01673160998584838,0.05369358407122239,1057.095855764398
phi4-mini,logiqa2,simple,errors,0.42096275568008423,0.018360994770323352,-0.0171378564590432,0.05211909849369729,1039.9815342570805
phi4-mini,logiqa2,simple,errors,0.42903283166885375,0.01768236168210547,-0.017612788708581382,0.051412613166901995,1016.7067286122766
phi4-mini,logiqa2,simple,errors,0.4371029076576233,0.017350547393167604,-0.01766329929211264,0.051204279409730546,992.9650366870119
phi4-mini,logiqa2,simple,errors,0.4451729836463928,0.017331914175131222,-0.017775574615099078,0.0515995575900593,972.4648783503567
phi4-mini,logiqa2,simple,errors,0.4532430596351623,0.01758550368343879,-0.018083717225654813,0.05184975949249026,957.1304202210822
phi4-mini,logiqa2,simple,errors,0.4613131356239319,0.018068335441181235,-0.017888258119221498,0.052208160504639854,947.6328473979505
phi4-mini,logiqa2,simple,errors,0.4693832116127014,0.018739217221979614,-0.01731549456498432,0.05292789135342492,943.8880401994046
phi4-mini,logiqa2,simple,errors,0.47745328760147093,0.01956103251954722,-0.01608511225816846,0.0540633244700002,945.4049000368713
phi4-mini,logiqa2,simple,errors,0.4855233635902405,0.020501760718541588,-0.014947783469861562,0.05532610769813955,951.4907816838793
phi4-mini,logiqa2,simple,errors,0.49359343957901003,0.021534588979410737,-0.014021113155328993,0.05610317538970801,961.3550919460187
phi4-mini,logiqa2,simple,errors,0.5016635155677795,0.022637458110373702,-0.012387437483112206,0.05735592052528145,974.1504062651248
phi4-mini,logiqa2,simple,errors,0.5097335915565491,0.023792313204272202,-0.010021853748231281,0.05882024264405989,988.9801314580533
phi4-mini,logiqa2,simple,errors,0.5178036675453186,0.024984247671725933,-0.00921685456296849,0.06059293017837419,1004.892715167891
phi4-mini,logiqa2,simple,errors,0.5258737435340881,0.026200658731981383,-0.00827053988745592,0.06157110240100341,1020.8765023412079
phi4-mini,logiqa2,simple,errors,0.5339438195228576,0.027430480548776302,-0.006602136533683402,0.06321487386286292,1035.8656596284388
phi4-mini,logiqa2,simple,errors,0.5420138955116272,0.028663527128055127,-0.006435035957664009,0.06452034446693884,1048.7646001562027
phi4-mini,logiqa2,simple,errors,0.5500839715003967,0.02988995684130937,-0.0050075987264380385,0.06500675746280518,1058.494661225832
phi4-mini,logiqa2,simple,errors,0.5581540474891662,0.03109985959281477,-0.004737308374301323,0.06657590142823096,1064.0616337389258
phi4-mini,logiqa2,simple,errors,0.5662241234779357,0.032282962510975295,-0.004524084621788789,0.06757961978595163,1064.6363658027587
phi4-mini,logiqa2,simple,errors,0.5742941994667052,0.03342844792410374,-0.002739093911386544,0.06942109273206491,1059.6345835381849
phi4-mini,logiqa2,simple,errors,0.5823642754554749,0.03452487653881284,-0.0017799369160127621,0.07149363912035056,1048.7787185202485
phi4-mini,logiqa2,simple,errors,0.5904343514442444,0.0355602082057249,-0.00020888760420006565,0.07253240727128248,1032.1261021544751
phi4-mini,logiqa2,simple,errors,0.5985044274330139,0.03652191204527328,0.0005152243296688258,0.0735663567669661,1010.0548709786142
phi4-mini,logiqa2,simple,errors,0.6065745034217834,0.0373971570370674,0.000948412638816998,0.07427215660424161,983.2092986896348
phi4-mini,logiqa2,simple,errors,0.614644579410553,0.03817307372060195,2.989141425522867e-06,0.07602655134172995,952.4161974702506
phi4-mini,logiqa2,simple,errors,0.6227146553993226,0.03883707778709604,0.0004932187099815641,0.07738823511527497,918.5898344559586
phi4-mini,logiqa2,simple,errors,0.6307847313880921,0.03937724740836188,0.0006479058442381536,0.07891823234238325,882.642867592381
phi4-mini,logiqa2,simple,errors,0.6388548073768616,0.03978274836459731,0.001305539742313771,0.08042597730744107,845.4161040605775
phi4-mini,logiqa2,simple,errors,0.6469248833656311,0.04004430442192363,0.0009479509197999247,0.08143327889120468,807.6330395729399
phi4-mini,logiqa2,simple,errors,0.6549949593544007,0.04015471478708833,-0.0005976262255522561,0.0819069225472777,769.8788143399066
phi4-mini,logiqa2,simple,errors,0.6630650353431702,0.04010942546006061,-0.0019253133571779833,0.08242618640535096,732.5990263507667
phi4-mini,logiqa2,simple,errors,0.6711351113319397,0.03990716639702575,-0.003020990465692079,0.08396720633930134,696.1120982803093
phi4-mini,logiqa2,simple,errors,0.6792051873207092,0.039550670942649815,-0.003207024720259584,0.08431808893760445,660.6290583182176
phi4-mini,logiqa2,simple,errors,0.6872752633094787,0.03904749719328986,-0.004762850372076265,0.08468499938358656,626.2758289919959
phi4-mini,logiqa2,simple,errors,0.6953453392982483,0.03841097175397026,-0.0074380927212451846,0.08504772644826879,593.114689102112
phi4-mini,logiqa2,simple,errors,0.7034154152870178,0.0376612732394537,-0.00950548241497895,0.08472986908288628,561.1630152607393
phi4-mini,logiqa2,simple,errors,0.7114854912757873,0.036826663607592,-0.011388160839106432,0.08381919673592411,530.4085096227434
phi4-mini,logiqa2,simple,errors,0.7195555672645568,0.035944856746683115,-0.013434406681667949,0.08301401944998726,500.82084322268855
phi4-mini,logiqa2,simple,errors,0.7276256432533263,0.03506448119554531,-0.014461082380046073,0.08276508694061532,472.36004752277984
phi4-mini,logiqa2,simple,errors,0.7356957192420959,0.03424654190321088,-0.017389898361221966,0.0824481457951296,444.98216433289446
phi4-mini,logiqa2,simple,errors,0.7437657952308654,0.033565708803750365,-0.019133735953849245,0.08321672777428127,418.64271515339675
phi4-mini,logiqa2,simple,errors,0.7518358712196349,0.03311115410903449,-0.020946614438040273,0.08371595560649452,393.2985640963701
phi4-mini,logiqa2,simple,errors,0.7599059472084045,0.03298652875356208,-0.023446364433214274,0.08337981305364212,368.908792347829
phi4-mini,logiqa2,simple,errors,0.7679760231971741,0.03330852864797189,-0.02421083278054921,0.0838958633542385,345.43530924259187
phi4-mini,logiqa2,simple,errors,0.7760460991859436,0.03420339431872166,-0.024668809997075884,0.08644259799819858,322.84406623027536
phi4-mini,logiqa2,simple,errors,0.7841161751747131,0.035800685839999465,-0.025028972131328472,0.08949317913347052,301.10779394610904
phi4-mini,logiqa2,simple,errors,0.7921862511634826,0.038223880594961845,-0.024452139583872066,0.09365617225460145,280.21092921889084
phi4-mini,logiqa2,simple,errors,0.8002563271522523,0.04157785843063724,-0.02467062763045021,0.09820839116515108,260.1565934714989
phi4-mini,logiqa2,simple,errors,0.8083264031410218,0.04593420984999147,-0.02325308794435204,0.10436313848703684,240.97406774577854
phi4-mini,logiqa2,simple,errors,0.8163964791297913,0.051316416160958764,-0.021664595332367188,0.11316389580418927,222.72361111165486
phi4-mini,logiqa2,simple,errors,0.8244665551185608,0.05768796608013536,-0.02067070404532942,0.12428353550906021,205.4947248070287
phi4-mini,logiqa2,simple,errors,0.8325366311073303,0.06494686052237872,-0.016771093172730636,0.13565830850181548,189.39524045881163
phi4-mini,logiqa2,simple,errors,0.8406067070960999,0.07292921824397694,-0.013137765646201581,0.1470676104197135,174.53210002019497
phi4-mini,logiqa2,simple,errors,0.8486767830848694,0.0814227222935449,-0.007117458793136476,0.15928634549405113,160.9888061350454
phi4-mini,logiqa2,simple,errors,0.8567468590736389,0.09018797970609267,-0.0019398058382721372,0.17256203715143764,148.80662684281236
phi4-mini,logiqa2,simple,errors,0.8648169350624084,0.098983558833614,0.004098742382434649,0.18687627448483313,137.97520133816022
phi4-mini,logiqa2,simple,errors,0.8728870110511779,0.10758953798101437,0.008391386145591422,0.20044533368671621,128.43417857059103
phi4-mini,logiqa2,simple,errors,0.8809570870399475,0.11582521111710077,0.010980357088348084,0.21398071868208082,120.08349335525637
phi4-mini,logiqa2,simple,errors,0.889027163028717,0.12355866388452867,0.013254811425715534,0.22611496379955517,112.79785305287703
phi4-mini,logiqa2,simple,errors,0.8970972390174865,0.1307082738514678,0.016929552294413088,0.23750722487589418,106.44124087597748
phi4-mini,logiqa2,simple,errors,0.905167315006256,0.1372379239035455,0.021861998463112976,0.2491195650761141,100.87875569629726
phi4-mini,logiqa2,simple,errors,0.9132373909950255,0.14314846275948612,0.023956884715849794,0.25802105395749814,95.98476966793945
phi4-mini,logiqa2,simple,errors,0.9213074669837951,0.1484678183402776,0.02683292829254128,0.2655146373321838,91.64756041729345
phi4-mini,logiqa2,simple,errors,0.9293775429725646,0.1532415423706033,0.027952248066112274,0.2716356106495374,87.77115160339827
phi4-mini,logiqa2,simple,errors,0.9374476189613341,0.15752481342884228,0.026615723439665357,0.2811040975589119,84.2752310209957
phi4-mini,logiqa2,simple,errors,0.9455176949501037,0.1613762909266114,0.029851671135664296,0.28648694382556206,81.09391399722195
phi4-mini,logiqa2,simple,correct,0.29988792181015017,-0.009877189070191566,-0.06251456732347108,0.03885252278183447,398.496917577731
phi4-mini,logiqa2,simple,correct,0.3065695852041245,-0.0089706174425638,-0.06071852432076211,0.03940518588291513,410.7817703007509
phi4-mini,logiqa2,simple,correct,0.3132512485980988,-0.007921670789567169,-0.05867324160013264,0.03998851118491023,425.5648027242454
phi4-mini,logiqa2,simple,correct,0.3199329119920731,-0.006716449971366491,-0.056829187101599676,0.04029461223200563,443.32487645112167
phi4-mini,logiqa2,simple,correct,0.3266145753860474,-0.005343123497130168,-0.05475329091294463,0.04137582943917774,464.594029897842
phi4-mini,logiqa2,simple,correct,0.3332962387800217,-0.0037934648748098434,-0.05161986845534147,0.042311001800326084,489.92913570142133
phi4-mini,logiqa2,simple,correct,0.339977902173996,-0.0020646641169528445,-0.04897443457465623,0.04300367477952653,519.8513436542349
phi4-mini,logiqa2,simple,correct,0.3466595655679703,-0.00016127382243841888,-0.046070788435487446,0.043898845598503905,554.7355400960689
phi4-mini,logiqa2,simple,correct,0.3533412289619446,0.0019029533609730143,-0.0426729143659302,0.045007218900798875,594.6321478124489
phi4-mini,logiqa2,simple,correct,0.3600228923559189,0.004103677238171035,-0.03916396849853485,0.045272781304292666,639.0173990495867
phi4-mini,logiqa2,simple,correct,0.36670455574989325,0.006405428196930869,-0.036778754930430105,0.04593581009598794,686.509403175552
phi4-mini,logiqa2,simple,correct,0.3733862191438675,0.008762272257822298,-0.03359931009726697,0.04697558302688421,734.6628673874221
phi4-mini,logiqa2,simple,correct,0.38006788253784185,0.011119889547501233,-0.02969710909753092,0.04921531562226527,780.0361995636737
phi4-mini,logiqa2,simple,correct,0.3867495459318161,0.013419004028081705,-0.02650530400719088,0.05001307473138631,818.7177845125515
phi4-mini,logiqa2,simple,correct,0.39343120932579045,0.01559978025314229,-0.02249278395226802,0.05178652330964041,847.2944152729812
phi4-mini,logiqa2,simple,correct,0.40011287271976476,0.01760653122230289,-0.019522678375097635,0.05370371510635422,863.8927797379843
phi4-mini,logiqa2,simple,correct,0.40679453611373906,0.019391965601317365,-0.0170519616410515,0.05525924745084818,868.7339602478137
phi4-mini,logiqa2,simple,correct,0.41347619950771336,0.020920296475834405,-0.015791474513057287,0.05778203955519443,863.892120894361
phi4-mini,logiqa2,simple,correct,0.42015786290168766,0.02216880774116166,-0.013808356628516275,0.05864804104454045,852.4635451708205
phi4-mini,logiqa2,simple,correct,0.42683952629566196,0.023127828231202126,-0.01299391788814864,0.05985828427519415,837.6468679456356
phi4-mini,logiqa2,simple,correct,0.43352118968963627,0.023799377931656023,-0.01241481105316853,0.060469918016181706,822.117665783084
phi4-mini,logiqa2,simple,correct,0.44020285308361057,0.0241949400815863,-0.011591981986862988,0.06116248483689196,807.785952089334
phi4-mini,logiqa2,simple,correct,0.44688451647758487,0.024332854771314208,-0.011803117828879222,0.06156681085876075,795.827194033585
phi4-mini,logiqa2,simple,correct,0.45356617987155917,0.02423575497273826,-0.012217320428533048,0.06198403214775597,786.8378409433078
phi4-mini,logiqa2,simple,correct,0.4602478432655335,0.02392833117476315,-0.012036225146592205,0.06230876386585964,781.0110013387265
phi4-mini,logiqa2,simple,correct,0.4669295066595078,0.023435568946287195,-0.012438311695893718,0.06188980045467844,778.2831684567187
phi4-mini,logiqa2,simple,correct,0.4736111700534821,0.022781488714192836,-0.013008511144972543,0.06089787143913146,778.4393012617312
phi4-mini,logiqa2,simple,correct,0.48029283344745644,0.021988341644211602,-0.013944305588451411,0.06012554762036468,781.1804641321172
phi4-mini,logiqa2,simple,correct,0.4869744968414307,0.02107617750723344,-0.015365383509368714,0.05878662356418744,786.163271380152
phi4-mini,logiqa2,simple,correct,0.49365616023540504,0.020062690299337445,-0.016249447838905074,0.05780382643095274,793.0201284744053
phi4-mini,logiqa2,simple,correct,0.5003378236293793,0.01896325435663742,-0.017372249930990766,0.0570762091675842,801.367386922973
phi4-mini,logiqa2,simple,correct,0.5070194870233536,0.01779107885234725,-0.018378172075134657,0.05623727260311789,810.8066200525017
phi4-mini,logiqa2,simple,correct,0.5137011504173279,0.01655742584790814,-0.01984488891227233,0.05540444953645555,820.922772602463
phi4-mini,logiqa2,simple,correct,0.5203828138113022,0.015271853082117842,-0.020850205537079253,0.054465270771967514,831.2819610023431
phi4-mini,logiqa2,simple,correct,0.5270644772052765,0.01394245591922049,-0.02243256272153411,0.05333414834059638,841.4310644746885
phi4-mini,logiqa2,simple,correct,0.5337461405992509,0.012576093010757511,-0.024106443928642245,0.05194895629429158,850.90077418032
phi4-mini,logiqa2,simple,correct,0.5404278039932251,0.01117858753730522,-0.025090609741121348,0.0500325287638596,859.2132940179108
phi4-mini,logiqa2,simple,correct,0.5471094673871995,0.009754900905115708,-0.025800019757041312,0.04852171740867726,865.8952843535336
phi4-mini,logiqa2,simple,correct,0.5537911307811738,0.008309279029984391,-0.0280658397460024,0.046982479436422274,870.4958433418351
phi4-mini,logiqa2,simple,correct,0.5604727941751481,0.0068453733288814066,-0.02941013614334686,0.04577367480925688,872.6083551651387
phi4-mini,logiqa2,simple,correct,0.5671544575691223,0.005366339639745251,-0.03073602329598639,0.04449387760312255,871.8940350428511
phi4-mini,logiqa2,simple,correct,0.5738361209630967,0.003874918781612267,-0.03224389501034174,0.0428856008369891,868.104197518447
phi4-mini,logiqa2,simple,correct,0.580517784357071,0.0023735025475083056,-0.033649175616941515,0.041420329171199505,861.0979335516212
phi4-mini,logiqa2,simple,correct,0.5871994477510453,0.0008641887255060855,-0.03495605983025359,0.03947036002517523,850.8522057136367
phi4-mini,logiqa2,simple,correct,0.5938811111450195,-0.0006511716385724194,-0.03715475500612123,0.03892680423748552,837.4623937896032
phi4-mini,logiqa2,simple,correct,0.6005627745389939,-0.0021709320227455784,-0.039358688390519744,0.037600753459426615,821.1328578630163
phi4-mini,logiqa2,simple,correct,0.6072444379329682,-0.003693611102874057,-0.040477484575542455,0.036680182572738376,802.1587604089696
phi4-mini,logiqa2,simple,correct,0.6139261013269425,-0.005217854742603081,-0.042003266750134334,0.035423592225315756,780.9017713066698
phi4-mini,logiqa2,simple,correct,0.6206077647209167,-0.006742398264065406,-0.04427703927167923,0.033929358237945885,757.7630359571892
phi4-mini,logiqa2,simple,correct,0.6272894281148911,-0.008266028426952475,-0.045776442891470766,0.03286577917274494,733.156793796486
phi4-mini,logiqa2,simple,correct,0.6339710915088654,-0.009787544889763522,-0.04729115742495705,0.03224163854795631,707.4873988653771
phi4-mini,logiqa2,simple,correct,0.6406527549028397,-0.011305721129485026,-0.048908460551483256,0.031034784249955233,681.1314789197494
phi4-mini,logiqa2,simple,correct,0.6473344182968139,-0.012819264842754545,-0.05071591555004363,0.030917937717793775,654.425878969944
phi4-mini,logiqa2,simple,correct,0.6540160816907883,-0.014326777749096008,-0.05310474740970014,0.029761751332840987,627.661113157831
phi4-mini,logiqa2,simple,correct,0.6606977450847626,-0.01582671449050917,-0.05545001825213699,0.02863135554993996,601.079428214317
phi4-mini,logiqa2,simple,correct,0.667379408478737,-0.017317340014486773,-0.057247906619475514,0.027279775744361946,574.8762847831746
phi4-mini,logiqa2,simple,correct,0.6740610718727112,-0.01879668449646752,-0.05999186057102504,0.026636930975013705,549.2040354071108
phi4-mini,logiqa2,simple,correct,0.6807427352666855,-0.020262494569540893,-0.06179771378709107,0.02574859275783257,524.1767312228742
phi4-mini,logiqa2,simple,correct,0.6874243986606599,-0.02171217945594961,-0.06366686088932899,0.025381425840450795,499.8752340808771
phi4-mini,logiqa2,simple,correct,0.6941060620546342,-0.02314275061051872,-0.06527593161336966,0.02515135364860831,476.35207640205823
phi4-mini,logiqa2,simple,correct,0.7007877254486085,-0.02455075376435591,-0.0682188133112,0.025044857986387673,453.63575235898475
phi4-mini,logiqa2,simple,correct,0.7074693888425827,-0.02593219287090166,-0.07044508126278567,0.025072869237232873,431.7343189097364
phi4-mini,logiqa2,simple,correct,0.7141510522365571,-0.027282446477366613,-0.07461567036747922,0.024383865401933203,410.6383292142181
phi4-mini,logiqa2,simple,correct,0.7208327156305314,-0.028596178541935014,-0.07696479709162483,0.023207317712210813,390.32322022117074
phi4-mini,logiqa2,simple,correct,0.7275143790245057,-0.029867247752638916,-0.07951744309815169,0.023275558002287162,370.75134188246494
phi4-mini,logiqa2,simple,correct,0.7341960424184799,-0.03108862202089208,-0.08243318130801597,0.022619522266844383,351.87385890659715
phi4-mini,logiqa2,simple,correct,0.7408777058124543,-0.032252308025193535,-0.08624261726937882,0.022340094900168483,333.63278500866596
phi4-mini,logiqa2,simple,correct,0.7475593692064286,-0.033349309398480055,-0.08931985839052196,0.022380467535395538,315.9634252804043
phi4-mini,logiqa2,simple,correct,0.7542410326004029,-0.034369631191608054,-0.09149133640060873,0.02291705876449239,298.7974962477027
phi4-mini,logiqa2,simple,correct,0.7609226959943771,-0.03530235222042692,-0.09458708851324639,0.02331707479477838,282.06714642405495
phi4-mini,logiqa2,simple,correct,0.7676043593883515,-0.036135790163812805,-0.09761420196950009,0.02447291932420172,265.7099850953225
phi4-mini,logiqa2,simple,correct,0.7742860227823258,-0.03685778584111872,-0.09992353282597782,0.024330691750254083,249.6750158033902
phi4-mini,logiqa2,simple,correct,0.7809676861763001,-0.0374561316192771,-0.10363234953390499,0.02521414193448454,233.92905295872137
phi4-mini,logiqa2,simple,correct,0.7876493495702743,-0.03791916275727645,-0.10583465974379316,0.02601271041246479,218.4628077797615
phi4-mini,logiqa2,simple,correct,0.7943310129642487,-0.03823651801661883,-0.10714382939882196,0.026604073445890043,203.29546306019253
phi4-mini,logiqa2,simple,correct,0.801012676358223,-0.03840005579773314,-0.1084513658228892,0.028072659062539952,188.47638215411422
phi4-mini,logiqa2,simple,correct,0.8076943397521974,-0.038404884285454945,-0.10893631145489549,0.031212229145670355,174.0828011329636
phi4-mini,logiqa2,simple,correct,0.8143760031461715,-0.0382504304889384,-0.11034259505924585,0.03280628674039018,160.21303404039514
phi4-mini,logiqa2,simple,correct,0.8210576665401459,-0.03794143830119416,-0.11132274826494222,0.03451038805621704,146.97578086826573
phi4-mini,logiqa2,simple,correct,0.8277393299341202,-0.0374887574156033,-0.11336397446282538,0.037731379976568565,134.47723585474793
phi4-mini,logiqa2,simple,correct,0.8344209933280945,-0.03690977284289969,-0.11406812807912461,0.041280807536519096,122.80840482392445
phi4-mini,openbookqa,complex,all,0.29979172706604,-0.04298638575107467,-0.09280045415554505,0.009003856185552134,303.00093112750955
phi4-mini,openbookqa,complex,all,0.30567161943018434,-0.04310918085482578,-0.09279419606158787,0.009052289382971052,310.82005779946985
phi4-mini,openbookqa,complex,all,0.31155151179432866,-0.04325724911860184,-0.09254659908711921,0.008738531764424188,320.0537946267999
phi4-mini,openbookqa,complex,all,0.317431404158473,-0.04343462362658132,-0.09218151699922687,0.008314113151099029,330.9447275845106
phi4-mini,openbookqa,complex,all,0.3233112965226173,-0.043645647122623116,-0.09234921204360672,0.00821407263034559,343.7628897875717
phi4-mini,openbookqa,complex,all,0.32919118888676163,-0.04389486785245046,-0.09282019918469563,0.007588203779811757,358.7979770529311
phi4-mini,openbookqa,complex,all,0.33507108125090596,-0.0441868821045976,-0.09280881764336642,0.007389314148915958,376.34225728264335
phi4-mini,openbookqa,complex,all,0.3409509736150503,-0.04452611807232404,-0.09304779041861584,0.007113928085124045,396.65889663587626
phi4-mini,openbookqa,complex,all,0.3468308659791946,-0.04491656208074216,-0.09349649327472316,0.007064423636553928,419.9292338112864
phi4-mini,openbookqa,complex,all,0.3527107583433389,-0.0453614379110486,-0.09448717196645516,0.006414356638961626,446.17302172065376
phi4-mini,openbookqa,complex,all,0.35859065070748325,-0.04586286226102275,-0.09459191329078391,0.005603339846275943,475.1404379942428
phi4-mini,openbookqa,complex,all,0.3644705430716276,-0.046421512370898,-0.09519727962613993,0.005320267298637883,506.1873996740431
phi4-mini,openbookqa,complex,all,0.3703504354357719,-0.047036352213753935,-0.09503764735765567,0.00436491591460021,538.1687546264202
phi4-mini,openbookqa,complex,all,0.3762303277999162,-0.04770446727843723,-0.09580395850884817,0.002803556257344474,569.4122065149043
phi4-mini,openbookqa,complex,all,0.38211022016406054,-0.048421051217769705,-0.0970500203192583,0.0012894820342015778,597.8491840864239
phi4-mini,openbookqa,complex,all,0.38799011252820487,-0.04917956909415965,-0.09698363769853136,-3.666964241035915e-05,621.3445561560571
phi4-mini,openbookqa,complex,all,0.3938700048923492,-0.049972093924708715,-0.09687021171668109,-0.0010879513129831136,638.1692534976529
phi4-mini,openbookqa,complex,all,0.3997498972564935,-0.050789781873650436,-0.09750678011058093,-0.001370221782471396,647.4439712273761
phi4-mini,openbookqa,complex,all,0.40562978962063784,-0.05162342513545999,-0.09829313462256381,-0.0002392571875381906,649.349249545094
phi4-mini,openbookqa,complex,all,0.41150968198478216,-0.05246400783552129,-0.0993507776147756,-0.0009247018415697736,645.00587620418
phi4-mini,openbookqa,complex,all,0.4173895743489265,-0.053303192833553045,-0.10064436287049242,-0.002311795549270466,636.1069052316202
phi4-mini,openbookqa,complex,all,0.4232694667130708,-0.0541336845769551,-0.10169477407559613,-0.003693410173062837,624.48791096026
phi4-mini,openbookqa,complex,all,0.4291493590772152,-0.05494943920471968,-0.1025509274310378,-0.004951316705934041,611.7957542419108
phi4-mini,openbookqa,complex,all,0.4350292514413595,-0.055745720321197595,-0.10382900235673273,-0.0065432304328018045,599.3175108773917
phi4-mini,openbookqa,complex,all,0.44090914380550383,-0.05651902078026723,-0.10432454048406738,-0.00737148613162384,587.9471240936792
phi4-mini,openbookqa,complex,all,0.44678903616964816,-0.057266883950799374,-0.10536629922079628,-0.008481150417685176,578.2339981294822
phi4-mini,openbookqa,complex,all,0.4526689285337925,-0.05798766199787755,-0.106402627813637,-0.009031273311933766,570.4629582700273
phi4-mini,openbookqa,complex,all,0.4585488208979368,-0.058680245721324166,-0.10772894775930668,-0.010026264964823653,564.7341144070897
phi4-mini,openbookqa,complex,all,0.4644287132620811,-0.05934379339265175,-0.10896512322897006,-0.010449655813783867,561.0285261228297
phi4-mini,openbookqa,complex,all,0.47030860562622545,-0.05997747759080616,-0.11017376036966868,-0.011597629634269066,559.2563779370594
phi4-mini,openbookqa,complex,all,0.4761884979903698,-0.060580261233989734,-0.11064629723359377,-0.01182426592869585,559.2894712186065
phi4-mini,openbookqa,complex,all,0.4820683903545141,-0.06115070790060881,-0.11107495979381374,-0.013190264195404026,560.9814534302908
phi4-mini,openbookqa,complex,all,0.4879482827186584,-0.061686827438741064,-0.1109397320411178,-0.013232369997118083,564.1791534531343
phi4-mini,openbookqa,complex,all,0.49382817508280274,-0.06218595561371178,-0.11116803006574848,-0.013723804625854211,568.7277494137358
phi4-mini,openbookqa,complex,all,0.49970806744694707,-0.06264466574093236,-0.11147412619249308,-0.013795557151604942,574.4717798891978
phi4-mini,openbookqa,complex,all,0.5055879598110914,-0.06305871044357604,-0.11169965606899578,-0.013927393988699353,581.2534197217717
phi4-mini,openbookqa,complex,all,0.5114678521752357,-0.06342299244850515,-0.1118522542687728,-0.014196031997121408,588.9090262700345
phi4-mini,openbookqa,complex,all,0.51734774453938,-0.06373156435081029,-0.11219335787605124,-0.015100704506806185,597.2647096005511
phi4-mini,openbookqa,complex,all,0.5232276369035244,-0.06397765827536386,-0.11253742552844957,-0.016955251609793658,606.1315618749101
phi4-mini,openbookqa,complex,all,0.5291075292676687,-0.064153747142959,-0.11209811074609878,-0.017537467014391652,615.3011647534553
phi4-mini,openbookqa,complex,all,0.534987421631813,-0.06425163965466217,-0.11159460045001009,-0.0174795221802016,624.5420450262664
phi4-mini,openbookqa,complex,all,0.5408673139959573,-0.06426261102121207,-0.11111319051226473,-0.017452886440488265,633.5978283201159
phi4-mini,openbookqa,complex,all,0.5467472063601017,-0.06417757079653519,-0.11087719278342963,-0.01762534550733333,642.187898989199
phi4-mini,openbookqa,complex,all,0.552627098724246,-0.06398726787516384,-0.11049545332758114,-0.01831265857281391,650.0113503501079
phi4-mini,openbookqa,complex,all,0.5585069910883903,-0.06368253078248809,-0.109197597976538,-0.018565376797407766,656.7548373940989
phi4-mini,openbookqa,complex,all,0.5643868834525346,-0.06325453889170564,-0.10903935743088923,-0.018294576475061705,662.1045696543564
phi4-mini,openbookqa,complex,all,0.570266775816679,-0.06269511729252086,-0.10819694336603126,-0.01660379589437943,665.7620889591547
phi4-mini,openbookqa,complex,all,0.5761466681808233,-0.061997044956250594,-0.10723253318555792,-0.016608933187396008,667.4627176296935
phi4-mini,openbookqa,complex,all,0.5820265605449676,-0.06115436291897584,-0.10673745427288107,-0.015296167351150025,666.9947761728987
phi4-mini,openbookqa,complex,all,0.5879064529091119,-0.060162666830825426,-0.10598845579121453,-0.014638976581632436,664.2170684777357
phi4-mini,openbookqa,complex,all,0.5937863452732562,-0.05901936680611204,-0.10503831215054499,-0.012624773086341539,659.0719477308998
phi4-mini,openbookqa,complex,all,0.5996662376374006,-0.05772389742288358,-0.10456209351174214,-0.011395433219262499,651.591666375799
phi4-mini,openbookqa,complex,all,0.6055461300015449,-0.05627786221321729,-0.10323229096745458,-0.010302928989634173,641.8966770728375
phi4-mini,openbookqa,complex,all,0.6114260223656892,-0.05468510012750694,-0.1018523177601954,-0.0083764766212979,630.185891926337
phi4-mini,openbookqa,complex,all,0.6173059147298335,-0.05295166609154657,-0.10030424442803976,-0.006436013274860725,616.7202818598764
phi4-mini,openbookqa,complex,all,0.6231858070939779,-0.05108572351624934,-0.09661055019405136,-0.004566673009946287,601.8022418633138
phi4-mini,openbookqa,complex,all,0.6290656994581222,-0.04909735288405118,-0.09388417491376161,-0.0021650691141113527,585.7536107993351
phi4-mini,openbookqa,complex,all,0.6349455918222665,-0.04699828662829213,-0.09131082296747464,0.0001920032348862533,568.8950649939351
phi4-mini,openbookqa,complex,all,0.6408254841864108,-0.044801585743957754,-0.08913057816593249,0.0030845249155865687,551.528943048544
phi4-mini,openbookqa,complex,all,0.6467053765505552,-0.042521277334017026,-0.08782888666859989,0.006364096837350273,533.9266554651763
phi4-mini,openbookqa,complex,all,0.6525852689146995,-0.040171974226200426,-0.08553812030862502,0.010196285977024367,516.3209419627816
phi4-mini,openbookqa,complex,all,0.6584651612788438,-0.03776849777226654,-0.08406852318485106,0.01321467624837628,498.902543064219
phi4-mini,openbookqa,complex,all,0.6643450536429881,-0.03532552311098561,-0.08145658041452357,0.01624883734730532,481.8204288766151
phi4-mini,openbookqa,complex,all,0.6702249460071324,-0.032857262900619744,-0.07847150273298201,0.01951791602285887,465.1845664560743
phi4-mini,openbookqa,complex,all,0.6761048383712768,-0.030377201308558224,-0.07560375709075023,0.022831497013168958,449.0702444818522
phi4-mini,openbookqa,complex,all,0.6819847307354211,-0.02789788543271804,-0.07438352782069142,0.025842562908678788,433.5231307087512
phi4-mini,openbookqa,complex,all,0.6878646230995654,-0.02543077682899681,-0.07304355365847337,0.028740268121734528,418.5644433499073
phi4-mini,openbookqa,complex,all,0.6937445154637097,-0.022986161835482362,-0.07193457676361582,0.031137386443604045,404.1958221742801
phi4-mini,openbookqa,complex,all,0.6996244078278541,-0.020573116183635852,-0.06976493244952536,0.033590802826774624,390.403660296194
phi4-mini,openbookqa,complex,all,0.7055043001919984,-0.018199517092974564,-0.06674985855823998,0.03625156705134338,377.1627922101357
phi4-mini,openbookqa,complex,all,0.7113841925561427,-0.015872094657712305,-0.06510367430001394,0.03907202426762042,364.4395276260426
phi4-mini,openbookqa,complex,all,0.717264084920287,-0.013596513756728244,-0.06336591212051601,0.041815192790524765,352.1940800349744
phi4-mini,openbookqa,complex,all,0.7231439772844314,-0.011377477800147973,-0.06187989827765459,0.04461827877556608,340.38247173476634
phi4-mini,openbookqa,complex,all,0.7290238696485757,-0.0092188461909881,-0.060280663465971655,0.04742810074897026,328.9580111590065
phi4-mini,openbookqa,complex,all,0.73490376201272,-0.0071237582560449006,-0.05869480484389297,0.05103529742301027,317.87244040562774
phi4-mini,openbookqa,complex,all,0.7407836543768643,-0.005094757434994211,-0.05732978303043063,0.0527031438556922,307.0768458654741
phi4-mini,openbookqa,complex,all,0.7466635467410087,-0.0031339105901336834,-0.05574338706155058,0.054979292766896615,296.522416262651
phi4-mini,openbookqa,complex,all,0.752543439105153,-0.0012429183251865868,-0.05391550049223268,0.057752148775917146,286.16112236882003
phi4-mini,openbookqa,complex,all,0.7584233314692973,0.0005767868734397281,-0.05368460109828817,0.060931060852124234,275.94638221694487
phi4-mini,openbookqa,complex,all,0.7643032238334416,0.002323957060975794,-0.05352920751428075,0.06395927122883718,265.83376507004107
phi4-mini,openbookqa,complex,all,0.770183116197586,0.003997461542988468,-0.05250429398801557,0.06690414426256085,255.78177632296087
phi4-mini,openbookqa,complex,errors,0.2997317373752594,-0.11610442311200121,-0.20320894983675275,-0.024660438495609813,85.44849511526934
phi4-mini,openbookqa,complex,errors,0.3056595919281244,-0.11495883500290414,-0.2011377215569461,-0.024034995076711974,87.58789427038586
phi4-mini,openbookqa,complex,errors,0.31158744648098946,-0.1136448055845088,-0.1988538477903739,-0.02335716346824904,90.10013338817589
phi4-mini,openbookqa,complex,errors,0.31751530103385445,-0.11214448828256436,-0.19682787477446786,-0.023283588966657092,93.04538552499156
phi4-mini,openbookqa,complex,errors,0.3234431555867195,-0.11044065293529569,-0.19438252465015388,-0.022260934907391294,96.4891579880023
phi4-mini,openbookqa,complex,errors,0.32937101013958453,-0.10851771186237881,-0.19040325468209227,-0.021135899934341007,100.49955124797017
phi4-mini,openbookqa,complex,errors,0.33529886469244957,-0.10636300261611999,-0.18653121819839405,-0.019905611705893642,105.14194568871996
phi4-mini,openbookqa,complex,errors,0.3412267192453146,-0.10396829783691498,-0.18303479774518372,-0.019161243740282444,110.46983513314461
phi4-mini,openbookqa,complex,errors,0.3471545737981796,-0.1013314640566001,-0.17881483676074145,-0.01810385304783934,116.51036485011774
phi4-mini,openbookqa,complex,errors,0.35308242835104464,-0.09845813207818614,-0.17527152442039465,-0.016596816596809564,123.24349478703857
phi4-mini,openbookqa,complex,errors,0.3590102829039097,-0.0953631807310343,-0.1695224576326193,-0.015256933946024372,130.5752378434907
phi4-mini,openbookqa,complex,errors,0.3649381374567747,-0.09207178865141222,-0.16509775625820142,-0.013581542643661704,138.30889473422553
phi4-mini,openbookqa,complex,errors,0.37086599200963977,-0.08861979496204056,-0.16075394098990256,-0.013306920542024307,146.12385244758914
phi4-mini,openbookqa,complex,errors,0.37679384656250475,-0.08505314810741586,-0.15575565848664252,-0.009873525335864284,153.5775552499026
phi4-mini,openbookqa,complex,errors,0.3827217011153698,-0.08142632231768751,-0.15262211486471164,-0.007485099982319011,160.14747861868682
phi4-mini,openbookqa,complex,errors,0.38864955566823484,-0.07779973548698461,-0.1466695899975502,-0.0047346308496512635,165.31919345496863
phi4-mini,openbookqa,complex,errors,0.3945774102210999,-0.07423638179901125,-0.14279754910775114,-0.0016055547602008937,168.7022808374795
phi4-mini,openbookqa,complex,errors,0.40050526477396486,-0.07079805228132463,-0.1395826641323216,0.0019484331433390885,170.13078363807548
phi4-mini,openbookqa,complex,errors,0.4064331193268299,-0.0675416098669345,-0.13602219389759523,0.00525958382185143,169.70196686141367
phi4-mini,openbookqa,complex,errors,0.41236097387969495,-0.06451578211771099,-0.13289200759129713,0.008040358298895644,167.7361421095991
phi4-mini,openbookqa,complex,errors,0.41828882843256,-0.06175883374543813,-0.13155084990615465,0.010632295689175626,164.6813288507225
phi4-mini,openbookqa,complex,errors,0.42421668298542503,-0.059297312162363475,-0.13096800098874314,0.014140189641479431,161.00807944409962
phi4-mini,openbookqa,complex,errors,0.4301445375382901,-0.05714587053149921,-0.13000005051904384,0.017877503393242268,157.13109629017293
phi4-mini,openbookqa,complex,errors,0.4360723920911551,-0.055308011820082346,-0.12866164940454972,0.019593917373244812,153.37045945244543
phi4-mini,openbookqa,complex,errors,0.4420002466440201,-0.05377749562939708,-0.12757921836318817,0.021831827922425884,149.94595661029288
phi4-mini,openbookqa,complex,errors,0.44792810119688514,-0.052540115774354204,-0.12725762456740533,0.02183007601569021,146.99072599138253
phi4-mini,openbookqa,complex,errors,0.45385595574975013,-0.05157557994063089,-0.12743636336853353,0.023553612695132564,144.57200295904724
phi4-mini,openbookqa,complex,errors,0.45978381030261517,-0.0508592819663587,-0.12810478809860099,0.02371032349960808,142.7114462471804
phi4-mini,openbookqa,complex,errors,0.4657116648554802,-0.05036382993906688,-0.12976397701892373,0.022547381170534314,141.40170827839555
phi4-mini,openbookqa,complex,errors,0.47163951940834525,-0.05006026203637918,-0.13086043769756442,0.02238021193473265,140.61851385108213
phi4-mini,openbookqa,complex,errors,0.4775673739612103,-0.049918936931033525,-0.13098422609206598,0.021962877032133846,140.32873449978848
phi4-mini,openbookqa,complex,errors,0.48349522851407534,-0.04991012335715962,-0.13074939799537189,0.021284113089267132,140.49532723778933
phi4-mini,openbookqa,complex,errors,0.4894230830669404,-0.05000433535210152,-0.13042555664115565,0.020357717203582454,141.07998399751588
phi4-mini,openbookqa,complex,errors,0.4953509376198054,-0.05017246925089826,-0.13135130066895878,0.02021799811067778,142.04417307156578
phi4-mini,openbookqa,complex,errors,0.5012787921726705,-0.05038579973952266,-0.13254247755910864,0.020058885349369865,143.34907324582858
phi4-mini,openbookqa,complex,errors,0.5072066467255354,-0.05061588868789288,-0.13234517470872512,0.020205029160928912,144.95475515454245
phi4-mini,openbookqa,complex,errors,0.5131345012784004,-0.050834454679250816,-0.13157072493344077,0.01946107215482464,146.81886603176562
phi4-mini,openbookqa,complex,errors,0.5190623558312655,-0.05101324475516449,-0.13012587945788145,0.01792654383408058,148.89502225870916
phi4-mini,openbookqa,complex,errors,0.5249902103841305,-0.05112394371065343,-0.12845703152451887,0.016124565991145347,151.13110293900698
phi4-mini,openbookqa,complex,errors,0.5309180649369956,-0.05113815049756339,-0.12787097333146052,0.015422674168045073,153.46765927149454
phi4-mini,openbookqa,complex,errors,0.5368459194898606,-0.05102744572084544,-0.12696236019781135,0.01590544450320547,155.8366980124443
phi4-mini,openbookqa,complex,errors,0.5427737740427256,-0.0507635684174225,-0.12425131683402363,0.016408977205151897,158.16114677240728
phi4-mini,openbookqa,complex,errors,0.5487016285955907,-0.050318713803408854,-0.1249825991738728,0.015983706953558018,160.35534056189795
phi4-mini,openbookqa,complex,errors,0.5546294831484557,-0.0496659560493076,-0.12493791665046793,0.016273958933619763,162.32685162590798
phi4-mini,openbookqa,complex,errors,0.5605573377013207,-0.048779791179096775,-0.12288402521377939,0.017143995775013757,163.9798846197941
phi4-mini,openbookqa,complex,errors,0.5664851922541858,-0.047636784977589275,-0.12205838590108,0.016763436320696486,165.22025296672663
phi4-mini,openbookqa,complex,errors,0.5724130468070507,-0.04621629980312043,-0.121711315686998,0.01860855491624806,165.9616441885083
phi4-mini,openbookqa,complex,errors,0.5783409013599158,-0.0445012633188594,-0.11963041533602313,0.02083351717714728,166.13252133727858
phi4-mini,openbookqa,complex,errors,0.5842687559127808,-0.042478932611435816,-0.11780036350734883,0.023715563904625796,165.6826915089701
phi4-mini,openbookqa,complex,errors,0.5901966104656459,-0.04014160040779723,-0.11393868092679624,0.027529687062130156,164.5884230633278
phi4-mini,openbookqa,complex,errors,0.5961244650185109,-0.03748718755499745,-0.1114500392821977,0.03100417895239844,162.85510885611058
phi4-mini,openbookqa,complex,errors,0.602052319571376,-0.034519668698681685,-0.10833720094973347,0.035650941734963026,160.51687170033784
phi4-mini,openbookqa,complex,errors,0.607980174124241,-0.031249286672531806,-0.10290840730034422,0.03999855025859302,157.6330997182956
phi4-mini,openbookqa,complex,errors,0.6139080286771059,-0.027692525140240787,-0.10006600712513164,0.04434363830296932,154.28250819716615
phi4-mini,openbookqa,complex,errors,0.6198358832299711,-0.023871827247706374,-0.09589543210145776,0.04908243270579465,150.55576409385657
phi4-mini,openbookqa,complex,errors,0.625763737782836,-0.01981506839130205,-0.092503769269325,0.05448965376860514,146.54786166968827
phi4-mini,openbookqa,complex,errors,0.6316915923357012,-0.015554811161703212,-0.08607547932806418,0.05987156804023296,142.35129744672554
phi4-mini,openbookqa,complex,errors,0.6376194468885661,-0.011127387530315207,-0.08247253320897895,0.06527755042718526,138.05075193961068
phi4-mini,openbookqa,complex,errors,0.6435473014414311,-0.0065718653009579206,-0.07816238153003359,0.07069613435323194,133.719578845969
phi4-mini,openbookqa,complex,errors,0.6494751559942962,-0.001928961469573278,-0.07431421635215459,0.07609342301693985,129.4180470260152
phi4-mini,openbookqa,complex,errors,0.6554030105471612,0.002760035850583538,-0.07006806961120633,0.08138136589127441,125.19304279066323
phi4-mini,openbookqa,complex,errors,0.6613308651000263,0.007454282157999402,-0.06578304016274643,0.08663900430214681,121.07883156154557
phi4-mini,openbookqa,complex,errors,0.6672587196528912,0.012114284463687224,-0.0605666863744679,0.09145461649170938,117.0984738229102
phi4-mini,openbookqa,complex,errors,0.6731865742057563,0.016702672715677023,-0.056552007780371366,0.0970142215511999,113.26555093483188
phi4-mini,openbookqa,complex,errors,0.6791144287586213,0.02118481954413363,-0.052016302113237184,0.10222804413927397,109.58594467530716
phi4-mini,openbookqa,complex,errors,0.6850422833114864,0.02552930652035357,-0.048391978131722455,0.10707991741082636,106.05950374069319
phi4-mini,openbookqa,complex,errors,0.6909701378643514,0.029708246275635068,-0.043726740787276994,0.11234126719381071,102.68150607109617
phi4-mini,openbookqa,complex,errors,0.6968979924172164,0.03369747807440862,-0.040721760968820894,0.11654205611644351,99.44388232385361
phi4-mini,openbookqa,complex,errors,0.7028258469700814,0.03747665961530634,-0.03889916957424236,0.12096656854604136,96.33620349065357
phi4-mini,openbookqa,complex,errors,0.7087537015229465,0.04102928016637149,-0.03722397445111656,0.12363654704562596,93.34645778332985
phi4-mini,openbookqa,complex,errors,0.7146815560758115,0.04434262009670412,-0.03246903047097153,0.12761302006826758,90.46165254982255
phi4-mini,openbookqa,complex,errors,0.7206094106286766,0.047407680030309415,-0.02860763391270155,0.13122821445739832,87.66827986120765
phi4-mini,openbookqa,complex,errors,0.7265372651815416,0.05021909980734255,-0.028078584039489898,0.13334701071476307,84.95268248776637
phi4-mini,openbookqa,complex,errors,0.7324651197344065,0.05277508371340334,-0.02540949973782208,0.1366524508892824,82.30135235245908
phi4-mini,openbookqa,complex,errors,0.7383929742872717,0.05507734444191179,-0.023099598732057407,0.1398439733640136,79.70118756623627
phi4-mini,openbookqa,complex,errors,0.7443208288401366,0.05713107428314099,-0.021693660747200652,0.1428762122716213,77.13972760813306
phi4-mini,openbookqa,complex,errors,0.7502486833930018,0.058944948272836896,-0.02039907934682186,0.14530425181242962,74.60537955050931
phi4-mini,openbookqa,complex,errors,0.7561765379458667,0.06053116058155342,-0.021160042768666388,0.14854222851822124,72.08764169576114
phi4-mini,openbookqa,complex,errors,0.7621043924987317,0.06190549231674531,-0.019024957946926168,0.15075274272557632,69.577324786183
phi4-mini,openbookqa,complex,errors,0.7680322470515968,0.06308740613688728,-0.021084492716703814,0.15314864277523282,67.06676532213194
phi4-mini,openbookqa,complex,errors,0.7739601016044618,0.064100160614835,-0.02401145390786284,0.15654662406636294,64.55002081954258
phi4-mini,openbookqa,complex,correct,0.29982051372528074,-0.014248474090880156,-0.07296705800502139,0.0458095702395742,217.55808913402538
phi4-mini,openbookqa,complex,correct,0.305689474016428,-0.01487655463495508,-0.0735173114889378,0.044685411348231695,223.24640782653736
phi4-mini,openbookqa,complex,correct,0.3115584343075752,-0.015608588862877346,-0.07434038722799224,0.043245649955782894,229.97922499369113
phi4-mini,openbookqa,complex,correct,0.31742739459872243,-0.01645751481750377,-0.07552394203425061,0.04125684246359683,237.93961257055042
phi4-mini,openbookqa,complex,correct,0.3232963548898697,-0.017436379675878806,-0.0753090836096079,0.03953905037170449,247.33285679646158
phi4-mini,openbookqa,complex,correct,0.3291653151810169,-0.018557735632648495,-0.07625407769737946,0.03784193358057056,258.3813850589734
phi4-mini,openbookqa,complex,correct,0.33503427547216413,-0.01983285031468572,-0.07763274222132512,0.03671540862031823,271.3129107793532
phi4-mini,openbookqa,complex,correct,0.3409032357633114,-0.021270741196015335,-0.0785140113692019,0.03538797714619402,286.33776592253577
phi4-mini,openbookqa,complex,correct,0.3467721960544586,-0.02287707578585551,-0.07935906301522405,0.03298556714086628,303.6103489411664
phi4-mini,openbookqa,complex,correct,0.35264115634560583,-0.024653020518582494,-0.08038267547134793,0.030720739443636787,323.1697415551785
phi4-mini,openbookqa,complex,correct,0.35851011663675303,-0.026594165415690155,-0.08194470331178354,0.0284957159822542,344.85783904709297
phi4-mini,openbookqa,complex,correct,0.3643790769279003,-0.0286896880861422,-0.08359100862529877,0.02607273835936805,368.2227169190396
phi4-mini,openbookqa,complex,correct,0.37024803721904753,-0.030921935304974744,-0.08611190670349515,0.02260885639668636,392.432571649605
phi4-mini,openbookqa,complex,correct,0.3761169975101948,-0.033266579374235564,-0.08966462744025235,0.019870983127565953,416.24808314925053
phi4-mini,openbookqa,complex,correct,0.381985957801342,-0.03569344221174532,-0.0922165294845272,0.01706307847307608,438.1132221722721
phi4-mini,openbookqa,complex,correct,0.38785491809248923,-0.03816797763196449,-0.09401950475729765,0.014141521997759691,456.40035589230075
phi4-mini,openbookqa,complex,correct,0.3937238783836364,-0.04065328171783474,-0.09569062671121635,0.011653651486494084,469.77067553448177
phi4-mini,openbookqa,complex,correct,0.3995928386747837,-0.043112393847822936,-0.0982280944847281,0.00977659045263121,477.5190964174738
phi4-mini,openbookqa,complex,correct,0.40546179896593093,-0.04551058878589091,-0.10111206862798419,0.007630228698880863,479.7435283726754
phi4-mini,openbookqa,complex,correct,0.4113307592570782,-0.047817362970140324,-0.10313437054528751,0.006102580726766023,477.26055905699053
phi4-mini,openbookqa,complex,correct,0.4171997195482254,-0.050007884644096876,-0.10625968713101926,0.0038959896021898946,471.32791345748586
phi4-mini,openbookqa,complex,correct,0.42306867983937263,-0.052063786408550465,-0.10880278882047499,0.0027088819779213405,463.3173888351625
phi4-mini,openbookqa,complex,correct,0.4289376401305198,-0.05397329786536712,-0.11095806865187643,0.0012168867179476977,454.46227313620426
phi4-mini,openbookqa,complex,correct,0.4348066004216671,-0.055730814952848734,-0.11336811603954759,-0.0015675152744299896,445.7268905480048
phi4-mini,openbookqa,complex,correct,0.44067556071281433,-0.0573360628136024,-0.1149853498224598,-0.002644692829479836,437.7809793550519
phi4-mini,openbookqa,complex,correct,0.4465445210039616,-0.05879302700263734,-0.11617537795056833,-0.004719851578933719,431.0361550551361
phi4-mini,openbookqa,complex,correct,0.4524134812951088,-0.06010881174817734,-0.11759563803142074,-0.007010813818447019,425.7059517008004
phi4-mini,openbookqa,complex,correct,0.458282441586256,-0.061292547655456275,-0.11700323841603708,-0.00824351853168101,421.86566572333544
phi4-mini,openbookqa,complex,correct,0.4641514018774032,-0.06235442835379853,-0.117092754354737,-0.00956390087662818,419.5014548932488
phi4-mini,openbookqa,complex,correct,0.4700203621685505,-0.06330491612609448,-0.1178408289217099,-0.010601937885463687,418.5463032597363
phi4-mini,openbookqa,complex,correct,0.47588932245969773,-0.06415412589194122,-0.11933245829307293,-0.011339195281253179,418.90426813119524
phi4-mini,openbookqa,complex,correct,0.481758282750845,-0.06491137650286047,-0.12015187083758377,-0.012169046784303179,420.46560566436546
phi4-mini,openbookqa,complex,correct,0.4876272430419922,-0.06558488711642675,-0.12061969461032812,-0.013122109503828243,423.1153111333543
phi4-mini,openbookqa,complex,correct,0.49349620333313937,-0.06618159226786877,-0.12144231022369373,-0.013971198143474833,426.73711715610614
phi4-mini,openbookqa,complex,correct,0.4993651636242866,-0.0667070497885668,-0.12148186437855678,-0.014792268835481383,431.21445197552276
phi4-mini,openbookqa,complex,correct,0.5052341239154339,-0.06716541890215562,-0.12106286486580772,-0.01581719828085905,436.4294153315699
phi4-mini,openbookqa,complex,correct,0.5111030842065811,-0.06755949015571226,-0.12128999688475445,-0.016341347137257854,442.2605145267636
phi4-mini,openbookqa,complex,correct,0.5169720444977284,-0.06789075332294793,-0.12181710041530192,-0.016627858148630242,448.57970751273115
phi4-mini,openbookqa,complex,correct,0.5228410047888756,-0.06815949346629006,-0.12201673121770587,-0.016942952635403755,455.2492003330919
phi4-mini,openbookqa,complex,correct,0.5287099650800228,-0.06836490867221784,-0.12231222313287296,-0.01746923865963379,462.118418818517
phi4-mini,openbookqa,complex,correct,0.53457892537117,-0.06850524546920954,-0.12216190829293365,-0.017994549921554158,469.0215950437786
phi4-mini,openbookqa,complex,correct,0.5404478856623173,-0.06857794959538774,-0.1217778741743349,-0.017976341195277138,475.77645171500575
phi4-mini,openbookqa,complex,correct,0.5463168459534645,-0.06857983065440774,-0.12089558094629636,-0.018308307760456742,482.18450148682933
phi4-mini,openbookqa,complex,correct,0.5521858062446117,-0.06850723936411773,-0.12150081905859685,-0.01859738133744926,488.03346637938057
phi4-mini,openbookqa,complex,correct,0.5580547665357589,-0.06835625566425083,-0.12141043365015183,-0.018539645305364463,493.10222504868
phi4-mini,openbookqa,complex,correct,0.5639237268269062,-0.06812288502921698,-0.12021222180385659,-0.017857457175133224,497.1684782838463
phi4-mini,openbookqa,complex,correct,0.5697926871180534,-0.06780325907818271,-0.12014815270330997,-0.01823118581974036,500.0189715068587
phi4-mini,openbookqa,complex,correct,0.5756616474092007,-0.06739383516486319,-0.11975574761480147,-0.017552276925254167,501.4616504339316
phi4-mini,openbookqa,complex,correct,0.5815306077003479,-0.06689158826935451,-0.11872500524812413,-0.01619546758617382,501.3386255783962
phi4-mini,openbookqa,complex,correct,0.5873995679914952,-0.06629418742680095,-0.1172119684389019,-0.016174029190721622,499.53840319556593
phi4-mini,openbookqa,complex,correct,0.5932685282826424,-0.06560014833292124,-0.11542462749171112,-0.015236930389576223,496.0056454800445
phi4-mini,openbookqa,complex,correct,0.5991374885737896,-0.06480895385333146,-0.11529866552190375,-0.014888429421649797,490.7468643603662
phi4-mini,openbookqa,complex,correct,0.6050064488649368,-0.0639211350572218,-0.11472271310859883,-0.013655343498561668,483.83096223407006
phi4-mini,openbookqa,complex,correct,0.6108754091560841,-0.06293830712709221,-0.11396001425840503,-0.012491888795065373,475.38432628780026
phi4-mini,openbookqa,complex,correct,0.6167443694472312,-0.06186315698172679,-0.11326169486060655,-0.011798488333941638,465.58107572234024
phi4-mini,openbookqa,complex,correct,0.6226133297383785,-0.06069938248973802,-0.11124681854518423,-0.010081759576791204,454.6298262426436
phi4-mini,openbookqa,complex,correct,0.6284822900295257,-0.059451586448864,-0.11137730996214319,-0.00777007913890594,442.75878643482156
phi4-mini,openbookqa,complex,correct,0.634351250320673,-0.05812513170709055,-0.109706474729179,-0.005479155963450609,430.201053744844
phi4-mini,openbookqa,complex,correct,0.6402202106118202,-0.05672596654714793,-0.1085574992887918,-0.003426451882587813,417.18167403276476
phi4-mini,openbookqa,complex,correct,0.6460891709029675,-0.05526043144108335,-0.10877753364729136,-0.001494482139605982,403.90749920728643
phi4-mini,openbookqa,complex,correct,0.6519581311941147,-0.05373505930374946,-0.10845428246991218,0.0010650516663514042,390.56028457167196
phi4-mini,openbookqa,complex,correct,0.657827091485262,-0.05215638136205422,-0.10791112228208541,0.00401590278726453,377.2929484443093
phi4-mini,openbookqa,complex,correct,0.6636960517764092,-0.05053074977561831,-0.10693071621052505,0.006003985246338605,364.2285515857541
phi4-mini,openbookqa,complex,correct,0.6695650120675564,-0.04886418637500794,-0.10580740482964589,0.008481618814451494,351.4613628920992
phi4-mini,openbookqa,complex,correct,0.6754339723587036,-0.04716226458440655,-0.10418800522922461,0.011925458031568451,339.0593364933158
phi4-mini,openbookqa,complex,correct,0.6813029326498509,-0.04543002905537715,-0.10291610764837415,0.014128128398827931,327.06738810419347
phi4-mini,openbookqa,complex,correct,0.687171892940998,-0.04367195503105933,-0.10150592664403854,0.01637276843148114,315.5109771476945
phi4-mini,openbookqa,complex,correct,0.6930408532321453,-0.041891947208902804,-0.10007852375409342,0.018148603804708445,304.3996368680768
phi4-mini,openbookqa,complex,correct,0.6989098135232925,-0.04009337602623262,-0.09907994626687534,0.01955074955363521,293.73022164718844
phi4-mini,openbookqa,complex,correct,0.7047787738144398,-0.03827914793034167,-0.09895728891063615,0.021154669343636592,283.48974565639656
phi4-mini,openbookqa,complex,correct,0.710647734105587,-0.03645180531631522,-0.09761521953196772,0.02409071180716832,273.6577656545964
phi4-mini,openbookqa,complex,correct,0.7165166943967343,-0.03461365136863777,-0.09685649259378715,0.02638346790747353,264.2083147128027
phi4-mini,openbookqa,complex,correct,0.7223856546878815,-0.03276689493721048,-0.09688374878568225,0.029180804158593875,255.11142724366252
phi4-mini,openbookqa,complex,correct,0.7282546149790288,-0.030913810706823953,-0.09610593395789102,0.030745847687534994,246.33431410258657
phi4-mini,openbookqa,complex,correct,0.734123575270176,-0.02905691017092595,-0.09568854031212314,0.03322238397415742,237.84225455640973
phi4-mini,openbookqa,complex,correct,0.7399925355613232,-0.027199119194184933,-0.09525274643205041,0.03565061563965368,229.59927359233075
phi4-mini,openbookqa,complex,correct,0.7458614958524704,-0.025343958158706246,-0.09483355513934681,0.03839707989019745,221.56867136733769
phi4-mini,openbookqa,complex,correct,0.7517304561436177,-0.02349572077085701,-0.09431193411441478,0.040411163869821964,213.71346860062164
phi4-mini,openbookqa,complex,correct,0.7575994164347648,-0.021659647516352628,-0.09386879582461573,0.04244432935188634,205.9968285164819
phi4-mini,openbookqa,complex,correct,0.7634683767259121,-0.019842089469505653,-0.09354709653126839,0.04609855568947422,198.38251285685396
phi4-mini,openbookqa,complex,correct,0.7693373370170593,-0.01805065768953188,-0.09366469996584775,0.04915508728646452,190.83542601058494
phi4-mini,openbookqa,simple,all,0.29979172706604,-0.06865976591330251,-0.12014825448716207,-0.017755138013103466,303.00093112750955
phi4-mini,openbookqa,simple,all,0.30567161943018434,-0.06896082597986734,-0.12069289741698376,-0.01852961996990566,310.82005779946985
phi4-mini,openbookqa,simple,all,0.31155151179432866,-0.06927871268172343,-0.12126790462906888,-0.01939111978670617,320.0537946267999
phi4-mini,openbookqa,simple,all,0.317431404158473,-0.06961087815662298,-0.12184259599001414,-0.020197831145640034,330.9447275845106
phi4-mini,openbookqa,simple,all,0.3233112965226173,-0.06995364074058438,-0.12205273754417675,-0.02102838650433503,343.7628897875717
phi4-mini,openbookqa,simple,all,0.32919118888676163,-0.07030202146430897,-0.1212003164236776,-0.02167282848765089,358.7979770529311
phi4-mini,openbookqa,simple,all,0.33507108125090596,-0.07064962156091915,-0.1209979637978338,-0.021686936657639794,376.34225728264335
phi4-mini,openbookqa,simple,all,0.3409509736150503,-0.07098857239962941,-0.12061349130109647,-0.023258323473340742,396.65889663587626
phi4-mini,openbookqa,simple,all,0.3468308659791946,-0.07130959333689936,-0.11888855012054955,-0.023765586933787622,419.9292338112864
phi4-mini,openbookqa,simple,all,0.3527107583433389,-0.07160219192302572,-0.11864722133919767,-0.024259714260562303,446.17302172065376
phi4-mini,openbookqa,simple,all,0.35859065070748325,-0.07185503194730108,-0.12020931419643523,-0.024946342327674127,475.1404379942428
phi4-mini,openbookqa,simple,all,0.3644705430716276,-0.07205647605695546,-0.11951752284005425,-0.026476597678550356,506.1873996740431
phi4-mini,openbookqa,simple,all,0.3703504354357719,-0.0721952815018302,-0.11906049082831195,-0.026613671078347566,538.1687546264202
phi4-mini,openbookqa,simple,all,0.3762303277999162,-0.07226139376697013,-0.11765290785224015,-0.02668955674150145,569.4122065149043
phi4-mini,openbookqa,simple,all,0.38211022016406054,-0.07224675101451368,-0.11801687821850007,-0.026687448985871113,597.8491840864239
phi4-mini,openbookqa,simple,all,0.38799011252820487,-0.07214599217718903,-0.11771747059753117,-0.026593569362845335,621.3445561560571
phi4-mini,openbookqa,simple,all,0.3938700048923492,-0.07195696202919306,-0.11647068929325816,-0.025945787176077945,638.1692534976529
phi4-mini,openbookqa,simple,all,0.3997498972564935,-0.07168093140724131,-0.11501630710352492,-0.025689193019391775,647.4439712273761
phi4-mini,openbookqa,simple,all,0.40562978962063784,-0.07132249607039436,-0.11618602154534509,-0.024899268864263975,649.349249545094
phi4-mini,openbookqa,simple,all,0.41150968198478216,-0.07088917230781655,-0.11605475459027352,-0.023839164017515117,645.00587620418
phi4-mini,openbookqa,simple,all,0.4173895743489265,-0.07039075674092918,-0.11614812059905091,-0.022537610047630566,636.1069052316202
phi4-mini,openbookqa,simple,all,0.4232694667130708,-0.06983854934162087,-0.1151423723562581,-0.021561551539563416,624.48791096026
phi4-mini,openbookqa,simple,all,0.4291493590772152,-0.06924454656368072,-0.11403120651950216,-0.020480800733913167,611.7957542419108
phi4-mini,openbookqa,simple,all,0.4350292514413595,-0.06862069752679245,-0.11288091210487605,-0.019616284557426148,599.3175108773917
phi4-mini,openbookqa,simple,all,0.44090914380550383,-0.06797828802574515,-0.11303682107863605,-0.01963672175658298,587.9471240936792
phi4-mini,openbookqa,simple,all,0.44678903616964816,-0.06732748436470919,-0.11270367000579079,-0.01870662857493654,578.2339981294822
phi4-mini,openbookqa,simple,all,0.4526689285337925,-0.0666770397418854,-0.1118991615203792,-0.018409992838882668,570.4629582700273
phi4-mini,openbookqa,simple,all,0.4585488208979368,-0.06603414486318182,-0.11106262007237805,-0.018384067987673423,564.7341144070897
phi4-mini,openbookqa,simple,all,0.4644287132620811,-0.0654043928773074,-0.11000722997529108,-0.017616704134061068,561.0285261228297
phi4-mini,openbookqa,simple,all,0.47030860562622545,-0.064791825334198,-0.10906458718151305,-0.017122871362489796,559.2563779370594
phi4-mini,openbookqa,simple,all,0.4761884979903698,-0.06419902822818607,-0.10888020778851336,-0.01731955836541029,559.2894712186065
phi4-mini,openbookqa,simple,all,0.4820683903545141,-0.06362725273845819,-0.10883523782419045,-0.017124993628571648,560.9814534302908
phi4-mini,openbookqa,simple,all,0.4879482827186584,-0.06307654196400064,-0.10806731302446566,-0.016516393636661665,564.1791534531343
phi4-mini,openbookqa,simple,all,0.49382817508280274,-0.06254585141138011,-0.10726683594628458,-0.015837688189089608,568.7277494137358
phi4-mini,openbookqa,simple,all,0.49970806744694707,-0.062033156515369774,-0.10720700348999909,-0.015966181398874953,574.4717798891978
phi4-mini,openbookqa,simple,all,0.5055879598110914,-0.06153554480674611,-0.10605576162607688,-0.015378728720906471,581.2534197217717
phi4-mini,openbookqa,simple,all,0.5114678521752357,-0.0610492935231674,-0.10571278518982621,-0.015582304751076557,588.9090262700345
phi4-mini,openbookqa,simple,all,0.51734774453938,-0.0605699356553481,-0.10534294969421987,-0.015412041006140059,597.2647096005511
phi4-mini,openbookqa,simple,all,0.5232276369035244,-0.060092318831670495,-0.10385878791748755,-0.015402579976823772,606.1315618749101
phi4-mini,openbookqa,simple,all,0.5291075292676687,-0.059610662245356875,-0.10275549586258075,-0.015995177361604624,615.3011647534553
phi4-mini,openbookqa,simple,all,0.534987421631813,-0.05911861714560694,-0.1019592825962056,-0.016319492197023666,624.5420450262664
phi4-mini,openbookqa,simple,all,0.5408673139959573,-0.05860933632073121,-0.10235333832713725,-0.015936264890944327,633.5978283201159
phi4-mini,openbookqa,simple,all,0.5467472063601017,-0.05807555752580521,-0.10193547226767756,-0.015460939814506795,642.187898989199
phi4-mini,openbookqa,simple,all,0.552627098724246,-0.05750970494971711,-0.10146470683481303,-0.01453704631591292,650.0113503501079
phi4-mini,openbookqa,simple,all,0.5585069910883903,-0.05690401156804859,-0.09917569492122176,-0.013585842874479408,656.7548373940989
phi4-mini,openbookqa,simple,all,0.5643868834525346,-0.056250663593568034,-0.09917868603939643,-0.01227168656773201,662.1045696543564
phi4-mini,openbookqa,simple,all,0.570266775816679,-0.05554196625389894,-0.0980307988256519,-0.011402788891139406,665.7620889591547
phi4-mini,openbookqa,simple,all,0.5761466681808233,-0.054770527886274574,-0.09723124994744414,-0.011835220120075637,667.4627176296935
phi4-mini,openbookqa,simple,all,0.5820265605449676,-0.05392945699353236,-0.0956060228665199,-0.011541525587267567,666.9947761728987
phi4-mini,openbookqa,simple,all,0.5879064529091119,-0.05301256466472789,-0.09486834992382619,-0.01006382061591345,664.2170684777357
phi4-mini,openbookqa,simple,all,0.5937863452732562,-0.052014562883000215,-0.09458750729334245,-0.008386801559463652,659.0719477308998
phi4-mini,openbookqa,simple,all,0.5996662376374006,-0.050931247991134035,-0.09355851025979504,-0.006713326877169313,651.591666375799
phi4-mini,openbookqa,simple,all,0.6055461300015449,-0.04975965820113433,-0.09204152081979901,-0.005441569339318057,641.8966770728375
phi4-mini,openbookqa,simple,all,0.6114260223656892,-0.0484981946812177,-0.09231554180746512,-0.0037924741444929117,630.185891926337
phi4-mini,openbookqa,simple,all,0.6173059147298335,-0.04714669747640885,-0.09151870603048236,-0.0021700437400460747,616.7202818598764
phi4-mini,openbookqa,simple,all,0.6231858070939779,-0.04570647021725333,-0.09075834127319919,-0.0008552950407314864,601.8022418633138
phi4-mini,openbookqa,simple,all,0.6290656994581222,-0.04418025099941179,-0.08946983222168368,0.0025051332890440206,585.7536107993351
phi4-mini,openbookqa,simple,all,0.6349455918222665,-0.04257213061217589,-0.0895162084381647,0.0048078223384003865,568.8950649939351
phi4-mini,openbookqa,simple,all,0.6408254841864108,-0.04088742302954348,-0.08760434451103317,0.006467210433878856,551.528943048544
phi4-mini,openbookqa,simple,all,0.6467053765505552,-0.039132496331292475,-0.08467481234127762,0.00902237347322958,533.9266554651763
phi4-mini,openbookqa,simple,all,0.6525852689146995,-0.03731457464430471,-0.0843029377361238,0.011048366515774401,516.3209419627816
phi4-mini,openbookqa,simple,all,0.6584651612788438,-0.035441523063185716,-0.08308336722106417,0.012756703900574986,498.902543064219
phi4-mini,openbookqa,simple,all,0.6643450536429881,-0.03352162775423851,-0.08280180772349505,0.015213059830177776,481.8204288766151
phi4-mini,openbookqa,simple,all,0.6702249460071324,-0.03156338264877091,-0.08244764823944824,0.01762423263855855,465.1845664560743
phi4-mini,openbookqa,simple,all,0.6761048383712768,-0.02957529249228236,-0.08166871088121103,0.02025040791281097,449.0702444818522
phi4-mini,openbookqa,simple,all,0.6819847307354211,-0.027565699811772166,-0.08060300765499846,0.023471743701349773,433.5231307087512
phi4-mini,openbookqa,simple,all,0.6878646230995654,-0.025542640893752362,-0.07916113218233407,0.02552163034083732,418.5644433499073
phi4-mini,openbookqa,simple,all,0.6937445154637097,-0.023513733407101417,-0.07840369315597223,0.02829499870145689,404.1958221742801
phi4-mini,openbookqa,simple,all,0.6996244078278541,-0.021486096078318268,-0.07673380211183065,0.03093378634707585,390.403660296194
phi4-mini,openbookqa,simple,all,0.7055043001919984,-0.019466298979923736,-0.0746892855480195,0.033371705393614205,377.1627922101357
phi4-mini,openbookqa,simple,all,0.7113841925561427,-0.017460341599055965,-0.07380685968331263,0.03555193106602579,364.4395276260426
phi4-mini,openbookqa,simple,all,0.717264084920287,-0.015473654921114422,-0.07243001311727576,0.03812107915729554,352.1940800349744
phi4-mini,openbookqa,simple,all,0.7231439772844314,-0.01351112325227789,-0.07099268991980545,0.04181259030291589,340.38247173476634
phi4-mini,openbookqa,simple,all,0.7290238696485757,-0.011577121344009263,-0.06950917162038973,0.04443157867541885,328.9580111590065
phi4-mini,openbookqa,simple,all,0.73490376201272,-0.009675562487832868,-0.0684687809536572,0.04758693007888363,317.87244040562774
phi4-mini,openbookqa,simple,all,0.7407836543768643,-0.00780995353516353,-0.06649752599464996,0.05024431842390868,307.0768458654741
phi4-mini,openbookqa,simple,all,0.7466635467410087,-0.005983453189407361,-0.06582846989664685,0.05293658439870621,296.522416262651
phi4-mini,openbookqa,simple,all,0.752543439105153,-0.004198930355058082,-0.06591806288819443,0.05549563234947207,286.16112236882003
phi4-mini,openbookqa,simple,all,0.7584233314692973,-0.0024590197667482207,-0.06444978054638877,0.05917761295944706,275.94638221694487
phi4-mini,openbookqa,simple,all,0.7643032238334416,-0.0007661725321417399,-0.06449009225997511,0.06268075267635212,265.83376507004107
phi4-mini,openbookqa,simple,all,0.770183116197586,0.0008773004072872927,-0.06442583744678526,0.06312846189384008,255.78177632296087
phi4-mini,openbookqa,simple,errors,0.2997317373752594,-0.14523756983254024,-0.23599713899540153,-0.05741313325525002,85.44849511526934
phi4-mini,openbookqa,simple,errors,0.3056595919281244,-0.14426260594292484,-0.23417590700118926,-0.057287094645599126,87.58789427038586
phi4-mini,openbookqa,simple,errors,0.31158744648098946,-0.14312391644344494,-0.23206188762403898,-0.056884830050519246,90.10013338817589
phi4-mini,openbookqa,simple,errors,0.31751530103385445,-0.14180078329292106,-0.23008015987736175,-0.055846595068794205,93.04538552499156
phi4-mini,openbookqa,simple,errors,0.3234431555867195,-0.14027221954222005,-0.22685470652264456,-0.05433165455170652,96.4891579880023
phi4-mini,openbookqa,simple,errors,0.32937101013958453,-0.13851790360800414,-0.22393124179570106,-0.05239788395099485,100.49955124797017
phi4-mini,openbookqa,simple,errors,0.33529886469244957,-0.13651941043619392,-0.22323722388915054,-0.050344196004695835,105.14194568871996
phi4-mini,openbookqa,simple,errors,0.3412267192453146,-0.1342617326981693,-0.21955923196143126,-0.04828255636579495,110.46983513314461
phi4-mini,openbookqa,simple,errors,0.3471545737981796,-0.1317350380996361,-0.2173886955144112,-0.04680672137537134,116.51036485011774
phi4-mini,openbookqa,simple,errors,0.35308242835104464,-0.12893654713868166,-0.21454044493412844,-0.042585517267543734,123.24349478703857
phi4-mini,openbookqa,simple,errors,0.3590102829039097,-0.12587234650974105,-0.20894171137678264,-0.03869583713202714,130.5752378434907
phi4-mini,openbookqa,simple,errors,0.3649381374567747,-0.12255889114365925,-0.2079534772780059,-0.036908240676788,138.30889473422553
phi4-mini,openbookqa,simple,errors,0.37086599200963977,-0.11902391300882045,-0.20429717627232938,-0.03360495126399995,146.12385244758914
phi4-mini,openbookqa,simple,errors,0.37679384656250475,-0.1153064691959258,-0.19911979600661683,-0.030860131254575585,153.5775552499026
phi4-mini,openbookqa,simple,errors,0.3827217011153698,-0.1114559407270359,-0.19648805379561593,-0.02641591754450714,160.14747861868682
phi4-mini,openbookqa,simple,errors,0.38864955566823484,-0.10752993611855192,-0.19376006386274647,-0.02079650571090117,165.31919345496863
phi4-mini,openbookqa,simple,errors,0.3945774102210999,-0.10359123699141215,-0.19085413191365436,-0.01527286879155243,168.7022808374795
phi4-mini,openbookqa,simple,errors,0.40050526477396486,-0.09970410414983451,-0.1881629549404543,-0.011143223473452722,170.13078363807548
phi4-mini,openbookqa,simple,errors,0.4064331193268299,-0.09593039140524255,-0.1867209742160926,-0.00662927173374008,169.70196686141367
phi4-mini,openbookqa,simple,errors,0.41236097387969495,-0.09232595217452537,-0.1826354466569017,-0.0007229997497990008,167.7361421095991
phi4-mini,openbookqa,simple,errors,0.41828882843256,-0.08893775902726848,-0.18142829755977447,0.004160452086079709,164.6813288507225
phi4-mini,openbookqa,simple,errors,0.42421668298542503,-0.08580200957679887,-0.1786733363744948,0.008693402140293191,161.00807944409962
phi4-mini,openbookqa,simple,errors,0.4301445375382901,-0.08294330729665512,-0.1763055044763657,0.012419211979239097,157.13109629017293
phi4-mini,openbookqa,simple,errors,0.4360723920911551,-0.08037483231723952,-0.17454400043930113,0.016083646571048545,153.37045945244543
phi4-mini,openbookqa,simple,errors,0.4420002466440201,-0.07809929242044167,-0.172808399775695,0.02099412837774209,149.94595661029288
phi4-mini,openbookqa,simple,errors,0.44792810119688514,-0.07611038442890743,-0.16960426911003218,0.02368500609554741,146.99072599138253
phi4-mini,openbookqa,simple,errors,0.45385595574975013,-0.074394496466632,-0.1678797475900161,0.027027092429493575,144.57200295904724
phi4-mini,openbookqa,simple,errors,0.45978381030261517,-0.0729324244906645,-0.16394890441465876,0.02845156330642248,142.7114462471804
phi4-mini,openbookqa,simple,errors,0.4657116648554802,-0.07170094050310023,-0.163748530432355,0.029584254702306013,141.40170827839555
phi4-mini,openbookqa,simple,errors,0.47163951940834525,-0.0706741165226067,-0.1620631135376603,0.030571601029364622,140.61851385108213
phi4-mini,openbookqa,simple,errors,0.4775673739612103,-0.06982436575030998,-0.16172579313897886,0.03126040059584871,140.32873449978848
phi4-mini,openbookqa,simple,errors,0.48349522851407534,-0.06912320501811589,-0.16123586408411605,0.031562028148164986,140.49532723778933
phi4-mini,openbookqa,simple,errors,0.4894230830669404,-0.06854177011334239,-0.15962119383587126,0.03138322640496849,141.07998399751588
phi4-mini,openbookqa,simple,errors,0.4953509376198054,-0.0680511303167537,-0.15789077199996704,0.031223280560896974,142.04417307156578
phi4-mini,openbookqa,simple,errors,0.5012787921726705,-0.06762245390664884,-0.15611080191467042,0.0310564170814459,143.34907324582858
phi4-mini,openbookqa,simple,errors,0.5072066467255354,-0.06722707579535682,-0.15426416302610169,0.0303964678224839,144.95475515454245
phi4-mini,openbookqa,simple,errors,0.5131345012784004,-0.06683651451661812,-0.15290056152742112,0.03048726930301072,146.81886603176562
phi4-mini,openbookqa,simple,errors,0.5190623558312655,-0.066422480263438,-0.15176833985062715,0.03029204189191278,148.89502225870916
phi4-mini,openbookqa,simple,errors,0.5249902103841305,-0.06595690959595178,-0.1503373892373226,0.02957051713606261,151.13110293900698
phi4-mini,openbookqa,simple,errors,0.5309180649369956,-0.06541205619742248,-0.14836077074790396,0.02966532286942167,153.46765927149454
phi4-mini,openbookqa,simple,errors,0.5368459194898606,-0.06476066063783428,-0.14640478518229819,0.029127422525323455,155.8366980124443
phi4-mini,openbookqa,simple,errors,0.5427737740427256,-0.06397621526114317,-0.1449530894907949,0.02668385136275426,158.16114677240728
phi4-mini,openbookqa,simple,errors,0.5487016285955907,-0.06303333272859701,-0.14257245576100663,0.026027111915073023,160.35534056189795
phi4-mini,openbookqa,simple,errors,0.5546294831484557,-0.06190821818720792,-0.14046163829507494,0.02380327766040641,162.32685162590798
phi4-mini,openbookqa,simple,errors,0.5605573377013207,-0.060579235450632096,-0.1368560314646826,0.02284232102116286,163.9798846197941
phi4-mini,openbookqa,simple,errors,0.5664851922541858,-0.059027547239867965,-0.13303113126177624,0.021784570367308045,165.22025296672663
phi4-mini,openbookqa,simple,errors,0.5724130468070507,-0.05723779905139033,-0.12910012332934223,0.020160588341594125,165.9616441885083
phi4-mini,openbookqa,simple,errors,0.5783409013599158,-0.055198806573918464,-0.12794587140872554,0.020290449306273783,166.13252133727858
phi4-mini,openbookqa,simple,errors,0.5842687559127808,-0.05290419900817876,-0.12470038648847642,0.021848927089536452,165.6826915089701
phi4-mini,openbookqa,simple,errors,0.5901966104656459,-0.05035296650482469,-0.12329227085133505,0.020886548965062965,164.5884230633278
phi4-mini,openbookqa,simple,errors,0.5961244650185109,-0.047549860426127785,-0.12116776804304652,0.023428644837401022,162.85510885611058
phi4-mini,openbookqa,simple,errors,0.602052319571376,-0.04450560102723883,-0.11577195128437134,0.027016746516067495,160.51687170033784
phi4-mini,openbookqa,simple,errors,0.607980174124241,-0.041236858520531036,-0.11048603297459833,0.03143511879339501,157.6330997182956
phi4-mini,openbookqa,simple,errors,0.6139080286771059,-0.037765989557919585,-0.10755424190393452,0.03398636085566064,154.28250819716615
phi4-mini,openbookqa,simple,errors,0.6198358832299711,-0.03412053032153951,-0.10388337305639751,0.036937823687441175,150.55576409385657
phi4-mini,openbookqa,simple,errors,0.625763737782836,-0.030332467387487946,-0.09910097845870308,0.038872560652129136,146.54786166968827
phi4-mini,openbookqa,simple,errors,0.6316915923357012,-0.02643732577857618,-0.09536903063909513,0.04335753590884634,142.35129744672554
phi4-mini,openbookqa,simple,errors,0.6376194468885661,-0.022473127791493294,-0.09087390888692921,0.04697039999109145,138.05075193961068
phi4-mini,openbookqa,simple,errors,0.6435473014414311,-0.01847928453459118,-0.08562401142779623,0.05097554823492125,133.719578845969
phi4-mini,openbookqa,simple,errors,0.6494751559942962,-0.014495483836599994,-0.08115995498376022,0.055384435810247976,129.4180470260152
phi4-mini,openbookqa,simple,errors,0.6554030105471612,-0.010560633506042923,-0.07708108615534286,0.05928593180870038,125.19304279066323
phi4-mini,openbookqa,simple,errors,0.6613308651000263,-0.0067119089706432844,-0.07323943419330849,0.06254594677003009,121.07883156154557
phi4-mini,openbookqa,simple,errors,0.6672587196528912,-0.0029839408628600512,-0.07059487686765246,0.06613948433524072,117.0984738229102
phi4-mini,openbookqa,simple,errors,0.6731865742057563,0.0005918368531643045,-0.06746303097622518,0.06852531399628027,113.26555093483188
phi4-mini,openbookqa,simple,errors,0.6791144287586213,0.0039876722071193966,-0.06537141890139382,0.07112307267985281,109.58594467530716
phi4-mini,openbookqa,simple,errors,0.6850422833114864,0.00717982070292875,-0.062478285103246566,0.07512309788455591,106.05950374069319
phi4-mini,openbookqa,simple,errors,0.6909701378643514,0.010148727522960229,-0.05729287814825569,0.07784743886320335,102.68150607109617
phi4-mini,openbookqa,simple,errors,0.6968979924172164,0.01287908964446727,-0.05527061852711024,0.08146039951086576,99.44388232385361
phi4-mini,openbookqa,simple,errors,0.7028258469700814,0.015359824500544048,-0.05431292468930416,0.08523362583479706,96.33620349065357
phi4-mini,openbookqa,simple,errors,0.7087537015229465,0.01758397249743541,-0.05214706635191744,0.08890543382633417,93.34645778332985
phi4-mini,openbookqa,simple,errors,0.7146815560758115,0.019548559215577462,-0.051003394929986574,0.09201601901821473,90.46165254982255
phi4-mini,openbookqa,simple,errors,0.7206094106286766,0.02125444012859053,-0.050513880985129246,0.0933147692391278,87.66827986120765
phi4-mini,openbookqa,simple,errors,0.7265372651815416,0.022706146783438855,-0.051216455191003894,0.0971375706034281,84.95268248776637
phi4-mini,openbookqa,simple,errors,0.7324651197344065,0.023911749102296813,-0.05294103746244003,0.10066242017886781,82.30135235245908
phi4-mini,openbookqa,simple,errors,0.7383929742872717,0.02488274416882615,-0.052158897214518676,0.10513825748168604,79.70118756623627
phi4-mini,openbookqa,simple,errors,0.7443208288401366,0.025633977796797096,-0.05189332440841494,0.1081358266941071,77.13972760813306
phi4-mini,openbookqa,simple,errors,0.7502486833930018,0.02618360148521378,-0.05583491703346252,0.10909389008261812,74.60537955050931
phi4-mini,openbookqa,simple,errors,0.7561765379458667,0.02655306409485542,-0.05722045440969453,0.11100862525198887,72.08764169576114
phi4-mini,openbookqa,simple,errors,0.7621043924987317,0.026767134733072837,-0.05819740061452596,0.11326867721321879,69.577324786183
phi4-mini,openbookqa,simple,errors,0.7680322470515968,0.026853950871541812,-0.060351055120949605,0.11561472300920016,67.06676532213194
phi4-mini,openbookqa,simple,errors,0.7739601016044618,0.02684508359896443,-0.06390865364934652,0.1187441664146416,64.55002081954258
phi4-mini,openbookqa,simple,correct,0.29982051372528074,-0.03856195841631076,-0.09912444355063042,0.02688240971857939,217.55808913402538
phi4-mini,openbookqa,simple,correct,0.305689474016428,-0.03937197287613315,-0.09952591940999463,0.02512758886797393,223.24640782653736
phi4-mini,openbookqa,simple,correct,0.3115584343075752,-0.04027259503344377,-0.09993556995387821,0.023465657013688353,229.97922499369113
phi4-mini,openbookqa,simple,correct,0.31742739459872243,-0.04126879637685383,-0.10062230761114982,0.021419897432852116,237.93961257055042
phi4-mini,openbookqa,simple,correct,0.3232963548898697,-0.04236401431046878,-0.10127926834363585,0.019959691278466102,247.33285679646158
phi4-mini,openbookqa,simple,correct,0.3291653151810169,-0.04355950742874424,-0.10149560188044805,0.01805792340153467,258.3813850589734
phi4-mini,openbookqa,simple,correct,0.33503427547216413,-0.04485364224816171,-0.10208769955972533,0.015316799638934321,271.3129107793532
phi4-mini,openbookqa,simple,correct,0.3409032357633114,-0.04624116287335886,-0.10351175334196794,0.012999973937482633,286.33776592253577
phi4-mini,openbookqa,simple,correct,0.3467721960544586,-0.047712522994623904,-0.10505372184737685,0.010293911795312478,303.6103489411664
phi4-mini,openbookqa,simple,correct,0.35264115634560583,-0.04925338610927985,-0.10620404313015404,0.007581560754073416,323.1697415551785
phi4-mini,openbookqa,simple,correct,0.35851011663675303,-0.05084441691290388,-0.1076261686245401,0.005476105105432327,344.85783904709297
phi4-mini,openbookqa,simple,correct,0.3643790769279003,-0.05246148448316779,-0.10809544953542972,0.002618398100403746,368.2227169190396
phi4-mini,openbookqa,simple,correct,0.37024803721904753,-0.05407636717428029,-0.10962363804436355,0.0007319298139696448,392.432571649605
phi4-mini,openbookqa,simple,correct,0.3761169975101948,-0.055657986350340354,-0.11070279133091247,-0.0020380437632804365,416.24808314925053
phi4-mini,openbookqa,simple,correct,0.381985957801342,-0.057174107229606176,-0.11223002270713432,-0.004346417855543868,438.1132221722721
phi4-mini,openbookqa,simple,correct,0.38785491809248923,-0.05859334781830067,-0.11255255917252126,-0.005990933070760405,456.40035589230075
phi4-mini,openbookqa,simple,correct,0.3937238783836364,-0.05988725732214069,-0.1133010497092988,-0.008164607903576607,469.77067553448177
phi4-mini,openbookqa,simple,correct,0.3995928386747837,-0.06103218970897462,-0.11338004289569437,-0.009328327714335869,477.5190964174738
phi4-mini,openbookqa,simple,correct,0.40546179896593093,-0.062010721609590556,-0.11430733094156519,-0.010337718573547762,479.7435283726754
phi4-mini,openbookqa,simple,correct,0.4113307592570782,-0.06281244326959352,-0.11594457614246166,-0.010802570335948107,477.26055905699053
phi4-mini,openbookqa,simple,correct,0.4171997195482254,-0.06343406508218467,-0.11597161274279577,-0.011725981742439726,471.32791345748586
phi4-mini,openbookqa,simple,correct,0.42306867983937263,-0.06387889853064971,-0.11611503521841585,-0.011954892352251585,463.3173888351625
phi4-mini,openbookqa,simple,correct,0.4289376401305198,-0.06415585969146188,-0.11703036196563382,-0.01149282864283276,454.46227313620426
phi4-mini,openbookqa,simple,correct,0.4348066004216671,-0.06427818876413091,-0.11777808040133148,-0.011686231500657087,445.7268905480048
phi4-mini,openbookqa,simple,correct,0.44067556071281433,-0.0642620791862707,-0.11795202435838102,-0.011221937629270992,437.7809793550519
phi4-mini,openbookqa,simple,correct,0.4465445210039616,-0.06412537596396697,-0.11787648623252801,-0.011176118895981586,431.0361550551361
phi4-mini,openbookqa,simple,correct,0.4524134812951088,-0.06388645157535432,-0.1180922219761016,-0.010607560240349891,425.7059517008004
phi4-mini,openbookqa,simple,correct,0.458282441586256,-0.06356331474110477,-0.11811424020324114,-0.009914706588957378,421.86566572333544
phi4-mini,openbookqa,simple,correct,0.4641514018774032,-0.06317296304966408,-0.11720357367807462,-0.009789981840844153,419.5014548932488
phi4-mini,openbookqa,simple,correct,0.4700203621685505,-0.06273095959777816,-0.11642476505689338,-0.009637831964425279,418.5463032597363
phi4-mini,openbookqa,simple,correct,0.47588932245969773,-0.06225119656075535,-0.11601584528984729,-0.00953556342130607,418.90426813119524
phi4-mini,openbookqa,simple,correct,0.481758282750845,-0.06174580237566597,-0.114805722334653,-0.009513683740691715,420.46560566436546
phi4-mini,openbookqa,simple,correct,0.4876272430419922,-0.06122515051771121,-0.11432864756972497,-0.009643698821362066,423.1153111333543
phi4-mini,openbookqa,simple,correct,0.49349620333313937,-0.06069793341374815,-0.11292164349899803,-0.009611095752689664,426.73711715610614
phi4-mini,openbookqa,simple,correct,0.4993651636242866,-0.06017127236727427,-0.11163262822944568,-0.00953001812930023,431.21445197552276
phi4-mini,openbookqa,simple,correct,0.5052341239154339,-0.05965084183014565,-0.11021354431746347,-0.009595917330483218,436.4294153315699
phi4-mini,openbookqa,simple,correct,0.5111030842065811,-0.05914099304812018,-0.10902559244566151,-0.00922725403705051,442.2605145267636
phi4-mini,openbookqa,simple,correct,0.5169720444977284,-0.0586448676579635,-0.10936515739340824,-0.009253450027144432,448.57970751273115
phi4-mini,openbookqa,simple,correct,0.5228410047888756,-0.05816449617840216,-0.109174974023394,-0.00962284198615032,455.2492003330919
phi4-mini,openbookqa,simple,correct,0.5287099650800228,-0.05770087964094872,-0.1079303981605125,-0.009381010740905905,462.118418818517
phi4-mini,openbookqa,simple,correct,0.53457892537117,-0.057254055038444364,-0.10827577155831392,-0.00980525174374347,469.0215950437786
phi4-mini,openbookqa,simple,correct,0.5404478856623173,-0.056823147017355226,-0.10747673298998815,-0.009272959410309761,475.77645171500575
phi4-mini,openbookqa,simple,correct,0.5463168459534645,-0.05640640945881093,-0.10590543229702026,-0.00844678029971385,482.18450148682933
phi4-mini,openbookqa,simple,correct,0.5521858062446117,-0.05600126139074454,-0.10379003710873252,-0.008081068679447497,488.03346637938057
phi4-mini,openbookqa,simple,correct,0.5580547665357589,-0.05560432211025978,-0.10352108808104771,-0.0083408517199868,493.10222504868
phi4-mini,openbookqa,simple,correct,0.5639237268269062,-0.05521145049383167,-0.10223438172914903,-0.007573461195355106,497.1684782838463
phi4-mini,openbookqa,simple,correct,0.5697926871180534,-0.0548177932298681,-0.10209501340131881,-0.006836620755317219,500.0189715068587
phi4-mini,openbookqa,simple,correct,0.5756616474092007,-0.05441784611094818,-0.10194408245947321,-0.0068205832511190456,501.4616504339316
phi4-mini,openbookqa,simple,correct,0.5815306077003479,-0.05400553156740447,-0.10160815291850732,-0.00663060264310727,501.3386255783962
phi4-mini,openbookqa,simple,correct,0.5873995679914952,-0.053574294330752885,-0.10072769631761316,-0.006327726533152155,499.53840319556593
phi4-mini,openbookqa,simple,correct,0.5932685282826424,-0.05311721554437958,-0.10066649425330805,-0.00631559626701527,496.0056454800445
phi4-mini,openbookqa,simple,correct,0.5991374885737896,-0.052627143895106955,-0.10154591132728369,-0.0053621476191389695,490.7468643603662
phi4-mini,openbookqa,simple,correct,0.6050064488649368,-0.05209684057158681,-0.10054511079877493,-0.00483065172955548,483.83096223407006
phi4-mini,openbookqa,simple,correct,0.6108754091560841,-0.05151913324355706,-0.10138709035689183,-0.0041121154843644534,475.38432628780026
phi4-mini,openbookqa,simple,correct,0.6167443694472312,-0.05088707298797593,-0.10132618904231448,-0.0023654384918435846,465.58107572234024
phi4-mini,openbookqa,simple,correct,0.6226133297383785,-0.05019408733150767,-0.10029811909953573,-0.0005950964993636031,454.6298262426436
phi4-mini,openbookqa,simple,correct,0.6284822900295257,-0.049434122451087595,-0.09993727811921692,0.0011661790973830563,442.75878643482156
phi4-mini,openbookqa,simple,correct,0.634351250320673,-0.04860176811831257,-0.09848240830973459,0.0031920189167390692,430.201053744844
phi4-mini,openbookqa,simple,correct,0.6402202106118202,-0.04769236014579208,-0.09718556102514363,0.004719467249934698,417.18167403276476
phi4-mini,openbookqa,simple,correct,0.6460891709029675,-0.04670205676800561,-0.09549166288931026,0.006485843985475164,403.90749920728643
phi4-mini,openbookqa,simple,correct,0.6519581311941147,-0.045627887375378276,-0.09469353124626097,0.00843837493524744,390.56028457167196
phi4-mini,openbookqa,simple,correct,0.657827091485262,-0.044467774094463314,-0.09527924060165065,0.01059044690123435,377.2929484443093
phi4-mini,openbookqa,simple,correct,0.6636960517764092,-0.04322052864758463,-0.09593131159820674,0.012931277207584135,364.2285515857541
phi4-mini,openbookqa,simple,correct,0.6695650120675564,-0.041885828544919616,-0.09577940048479944,0.015908977470309317,351.4613628920992
phi4-mini,openbookqa,simple,correct,0.6754339723587036,-0.04046417783184822,-0.09451655151952144,0.01824301252362237,339.0593364933158
phi4-mini,openbookqa,simple,correct,0.6813029326498509,-0.03895685827441449,-0.09436318353922703,0.020722353652960476,327.06738810419347
phi4-mini,openbookqa,simple,correct,0.687171892940998,-0.03736587702245325,-0.09463032990463276,0.023539932286797727,315.5109771476945
phi4-mini,openbookqa,simple,correct,0.6930408532321453,-0.035693916503567666,-0.09338140250620437,0.02665802713872163,304.3996368680768
phi4-mini,openbookqa,simple,correct,0.6989098135232925,-0.03394429166661831,-0.09273586345930501,0.029579666133116845,293.73022164718844
phi4-mini,openbookqa,simple,correct,0.7047787738144398,-0.03212091881982486,-0.0924186712753087,0.0324718032616263,283.48974565639656
phi4-mini,openbookqa,simple,correct,0.710647734105587,-0.030228299301171685,-0.09194060377432932,0.03549097397788792,273.6577656545964
phi4-mini,openbookqa,simple,correct,0.7165166943967343,-0.02827152016554823,-0.09107720490368378,0.03956316329880518,264.2083147128027
phi4-mini,openbookqa,simple,correct,0.7223856546878815,-0.02625627303725431,-0.08939137957930729,0.04245274688302452,255.11142724366252
phi4-mini,openbookqa,simple,correct,0.7282546149790288,-0.02418889129463546,-0.08838271424443875,0.04597398340604749,246.33431410258657
phi4-mini,openbookqa,simple,correct,0.734123575270176,-0.022076404837416977,-0.08715638344436494,0.049051111404340056,237.84225455640973
phi4-mini,openbookqa,simple,correct,0.7399925355613232,-0.0199266108286867,-0.0843842446827789,0.05181006191112502,229.59927359233075
phi4-mini,openbookqa,simple,correct,0.7458614958524704,-0.01774815798088102,-0.08141927392614226,0.054947062215117935,221.56867136733769
phi4-mini,openbookqa,simple,correct,0.7517304561436177,-0.01555064114041343,-0.0802027195554749,0.05753238045346548,213.71346860062164
phi4-mini,openbookqa,simple,correct,0.7575994164347648,-0.01334470209078769,-0.07962413460449805,0.061110180759799536,205.9968285164819
phi4-mini,openbookqa,simple,correct,0.7634683767259121,-0.011142131617708736,-0.0785932846638942,0.06389030169810009,198.38251285685396
phi4-mini,openbookqa,simple,correct,0.7693373370170593,-0.008955966952897933,-0.07649296056813042,0.06668016491103557,190.83542601058494
